========================================================================
STREAMIFY EXTREME TESTING MATRIX AGGREGATE RUN #234
COMMIT: 4c9daed2e1567486f61a277a380add33135fa52d
========================================================================

==================================================
SHARD: jvm-unit-suite
DESCRIPTION: Full JVM unit suite: CAD identity gates, fuzzy title/artist matching, dedup hashing
STATUS: FAILED ❌
==================================================

openjdk version "17.0.20.1" 2026-08-18
OpenJDK Runtime Environment Temurin-17.0.20.1+1 (build 17.0.20.1+1)
OpenJDK 64-Bit Server VM Temurin-17.0.20.1+1 (build 17.0.20.1+1, mixed mode, sharing)
Downloading https://services.gradle.org/distributions/gradle-8.7-bin.zip
...............................................................................................................................
Unzipping /home/runner/.gradle/wrapper/dists/gradle-8.7-bin/bhs2wmbdwecv87pi65oeuq5iu/gradle-8.7-bin.zip to /home/runner/.gradle/wrapper/dists/gradle-8.7-bin/bhs2wmbdwecv87pi65oeuq5iu
Set executable permissions for: /home/runner/.gradle/wrapper/dists/gradle-8.7-bin/bhs2wmbdwecv87pi65oeuq5iu/gradle-8.7/bin/gradle

Welcome to Gradle 8.7!

Here are the highlights of this release:
 - Compiling and testing with Java 22
 - Cacheable Groovy script compilation
 - New methods in lazy collection properties

For more details see https://docs.gradle.org/8.7/release-notes.html

Starting a Gradle Daemon (subsequent builds will be faster)

> Configure project :app
Checking the license for package NDK (Side by side) 25.1.8937393 in /usr/local/lib/android/sdk/licenses
License for package NDK (Side by side) 25.1.8937393 accepted.
Preparing "Install NDK (Side by side) 25.1.8937393 v.25.1.8937393".
"Install NDK (Side by side) 25.1.8937393 v.25.1.8937393" ready.
Installing NDK (Side by side) 25.1.8937393 in /usr/local/lib/android/sdk/ndk/25.1.8937393
"Install NDK (Side by side) 25.1.8937393 v.25.1.8937393" complete.
"Install NDK (Side by side) 25.1.8937393 v.25.1.8937393" finished.

> Task :app:checkKotlinGradlePluginConfigurationErrors
> Task :app:preBuild UP-TO-DATE
> Task :app:preDebugBuild UP-TO-DATE
> Task :app:generateDebugBuildConfig
> Task :app:generateDebugResValues
> Task :app:checkDebugAarMetadata
> Task :app:mapDebugSourceSetPaths
> Task :app:generateDebugResources
> Task :app:packageDebugResources
> Task :app:mergeDebugResources
> Task :app:createDebugCompatibleScreenManifests
> Task :app:extractDeepLinksDebug
> Task :app:parseDebugLocalResources
> Task :app:processDebugMainManifest
> Task :app:processDebugManifest
> Task :app:preDebugUnitTestBuild UP-TO-DATE
> Task :app:javaPreCompileDebug
> Task :app:processDebugManifestForPackage
> Task :app:javaPreCompileDebugUnitTest
> Task :app:processDebugResources
> Task :app:compileDebugKotlin
w: file:///home/runner/work/streamify-apk/streamify-apk/app/src/main/java/com/streamify/app/MainActivity.kt:169:21 Variable 'scope' is never used
w: file:///home/runner/work/streamify-apk/streamify-apk/app/src/main/java/com/streamify/app/data/discovery/FuzzyTitleMatcher.kt:145:45 Parameter 'artistA' is never used
w: file:///home/runner/work/streamify-apk/streamify-apk/app/src/main/java/com/streamify/app/data/discovery/FuzzyTitleMatcher.kt:145:78 Parameter 'artistB' is never used
w: file:///home/runner/work/streamify-apk/streamify-apk/app/src/main/java/com/streamify/app/data/ingestion/ExportifyParser.kt:239:37 Variable 'durFormatted' is never used
w: file:///home/runner/work/streamify-apk/streamify-apk/app/src/main/java/com/streamify/app/data/ingestion/NeuroQueueManager.kt:35:24 Parameter 'track' is never used
w: file:///home/runner/work/streamify-apk/streamify-apk/app/src/main/java/com/streamify/app/data/ingestion/NeuroQueueManager.kt:39:25 Parameter 'track' is never used
w: file:///home/runner/work/streamify-apk/streamify-apk/app/src/main/java/com/streamify/app/data/lyrics/LyricsCacheManager.kt:105:34 'getter for isBluetoothA2dpOn: Boolean' is deprecated. Deprecated in Java
w: file:///home/runner/work/streamify-apk/streamify-apk/app/src/main/java/com/streamify/app/data/models/LyricsData.kt:173:17 Variable 'version' is never used
w: file:///home/runner/work/streamify-apk/streamify-apk/app/src/main/java/com/streamify/app/data/models/LyricsData.kt:176:17 Variable 'textPoolLen' is never used
w: file:///home/runner/work/streamify-apk/streamify-apk/app/src/main/java/com/streamify/app/data/models/LyricsData.kt:178:17 Variable 'flags' is never used
w: file:///home/runner/work/streamify-apk/streamify-apk/app/src/main/java/com/streamify/app/data/models/LyricsData.kt:186:21 Variable 'sylStartIdx' is never used
w: file:///home/runner/work/streamify-apk/streamify-apk/app/src/main/java/com/streamify/app/data/models/LyricsData.kt:187:21 Variable 'sylCount' is never used
w: file:///home/runner/work/streamify-apk/streamify-apk/app/src/main/java/com/streamify/app/data/network/CandidateAggregator.kt:86:9 Parameter 'seedTitle' is never used
w: file:///home/runner/work/streamify-apk/streamify-apk/app/src/main/java/com/streamify/app/data/network/CandidateAggregator.kt:87:9 Parameter 'seedArtist' is never used
w: file:///home/runner/work/streamify-apk/streamify-apk/app/src/main/java/com/streamify/app/data/network/MeshDiscoveryEngine.kt:194:37 'resolveService(NsdServiceInfo!, NsdManager.ResolveListener!): Unit' is deprecated. Deprecated in Java
w: file:///home/runner/work/streamify-apk/streamify-apk/app/src/main/java/com/streamify/app/data/network/MeshDiscoveryEngine.kt:197:56 'getter for host: InetAddress!' is deprecated. Deprecated in Java
w: file:///home/runner/work/streamify-apk/streamify-apk/app/src/main/java/com/streamify/app/data/network/MeshDiscoveryEngine.kt:225:37 Parameter 'userId' is never used
w: file:///home/runner/work/streamify-apk/streamify-apk/app/src/main/java/com/streamify/app/data/network/NegativeResultCache.kt:24:18 Parameter 'videoId' is never used
w: file:///home/runner/work/streamify-apk/streamify-apk/app/src/main/java/com/streamify/app/data/network/NegativeResultCache.kt:26:20 Parameter 'videoId' is never used
w: file:///home/runner/work/streamify-apk/streamify-apk/app/src/main/java/com/streamify/app/data/network/NegativeResultCache.kt:28:15 Parameter 'videoId' is never used
w: file:///home/runner/work/streamify-apk/streamify-apk/app/src/main/java/com/streamify/app/data/network/ParallelStreamDownloader.kt:108:41 Variable 'expectedLen' is never used
w: file:///home/runner/work/streamify-apk/streamify-apk/app/src/main/java/com/streamify/app/data/network/StreamifyCircuitBreaker.kt:20:28 Parameter 'videoId' is never used
w: file:///home/runner/work/streamify-apk/streamify-apk/app/src/main/java/com/streamify/app/data/network/StreamifyCircuitBreaker.kt:22:18 Parameter 'videoId' is never used
w: file:///home/runner/work/streamify-apk/streamify-apk/app/src/main/java/com/streamify/app/data/network/StreamifyCircuitBreaker.kt:24:23 Parameter 'videoId' is never used
w: file:///home/runner/work/streamify-apk/streamify-apk/app/src/main/java/com/streamify/app/data/network/YouTubeMusicRadioApi.kt:635:9 Parameter 'rendererKey' is never used
w: file:///home/runner/work/streamify-apk/streamify-apk/app/src/main/java/com/streamify/app/data/network/YouTubeStreamResolver.kt:582:9 Parameter 'statuses' is never used
w: file:///home/runner/work/streamify-apk/streamify-apk/app/src/main/java/com/streamify/app/data/network/iTunesSearchApi.kt:61:21 Variable 'trackId' is never used
w: file:///home/runner/work/streamify-apk/streamify-apk/app/src/main/java/com/streamify/app/data/network/iTunesSearchApi.kt:115:21 Variable 'artistName' is never used
w: file:///home/runner/work/streamify-apk/streamify-apk/app/src/main/java/com/streamify/app/data/persistence/BackupManager.kt:22:37 Parameter 'context' is never used
w: file:///home/runner/work/streamify-apk/streamify-apk/app/src/main/java/com/streamify/app/data/persistence/BackupManager.kt:96:37 Parameter 'context' is never used
w: file:///home/runner/work/streamify-apk/streamify-apk/app/src/main/java/com/streamify/app/data/persistence/BackupManager.kt:113:29 Variable 'trackId' is never used
w: file:///home/runner/work/streamify-apk/streamify-apk/app/src/main/java/com/streamify/app/data/persistence/NuclearResetManager.kt:44:21 Variable 'currentPlaylists' is never used
w: file:///home/runner/work/streamify-apk/streamify-apk/app/src/main/java/com/streamify/app/data/persistence/SmartOfflineVaultEngine.kt:67:39 Parameter 'context' is never used
w: file:///home/runner/work/streamify-apk/streamify-apk/app/src/main/java/com/streamify/app/data/repository/EdgeMeshRepository.kt:116:9 Parameter 'encoding' is never used
w: file:///home/runner/work/streamify-apk/streamify-apk/app/src/main/java/com/streamify/app/data/repository/EdgeMeshRepository.kt:168:25 Variable 'lraDb' is never used
w: file:///home/runner/work/streamify-apk/streamify-apk/app/src/main/java/com/streamify/app/data/repository/EdgeMeshRepository.kt:169:25 Variable 'truePeakDb' is never used
w: file:///home/runner/work/streamify-apk/streamify-apk/app/src/main/java/com/streamify/app/data/repository/PlaylistRepository.kt:68:47 This declaration needs opt-in. Its usage should be marked with '@kotlinx.coroutines.ExperimentalCoroutinesApi' or '@OptIn(kotlinx.coroutines.ExperimentalCoroutinesApi::class)'
w: file:///home/runner/work/streamify-apk/streamify-apk/app/src/main/java/com/streamify/app/data/repository/PlaylistRepository.kt:241:13 Variable 'tombstone' is never used
w: file:///home/runner/work/streamify-apk/streamify-apk/app/src/main/java/com/streamify/app/data/repository/PlaylistRepository.kt:358:13 Variable 'updatedPlaylist' is assigned but never accessed
w: file:///home/runner/work/streamify-apk/streamify-apk/app/src/main/java/com/streamify/app/data/repository/PlaylistRepository.kt:388:13 Variable 'updatedPlaylist' is assigned but never accessed
w: file:///home/runner/work/streamify-apk/streamify-apk/app/src/main/java/com/streamify/app/data/repository/PlaylistRepository.kt:476:82 Parameter 'context' is never used
w: file:///home/runner/work/streamify-apk/streamify-apk/app/src/main/java/com/streamify/app/data/supabase/SupabaseJamClient.kt:297:13 The expression is unused
w: file:///home/runner/work/streamify-apk/streamify-apk/app/src/main/java/com/streamify/app/data/telemetry/YtStatsTelemetryEngine.kt:249:43 Type mismatch: inferred type is String? but String was expected
w: file:///home/runner/work/streamify-apk/streamify-apk/app/src/main/java/com/streamify/app/data/telemetry/YtStatsTelemetryEngine.kt:250:42 Type mismatch: inferred type is String? but String was expected
w: file:///home/runner/work/streamify-apk/streamify-apk/app/src/main/java/com/streamify/app/data/telemetry/YtStatsTelemetryEngine.kt:296:35 Parameter 'counts' is never used
w: file:///home/runner/work/streamify-apk/streamify-apk/app/src/main/java/com/streamify/app/data/telemetry/YtStatsTelemetryEngine.kt:296:55 Parameter 'meta' is never used
w: file:///home/runner/work/streamify-apk/streamify-apk/app/src/main/java/com/streamify/app/data/telemetry/YtStatsTelemetryEngine.kt:307:66 Parameter 'cloudTopTrack' is never used
w: file:///home/runner/work/streamify-apk/streamify-apk/app/src/main/java/com/streamify/app/data/telemetry/YtStatsTelemetryEngine.kt:356:37 Type mismatch: inferred type is String? but String was expected
w: file:///home/runner/work/streamify-apk/streamify-apk/app/src/main/java/com/streamify/app/data/telemetry/YtStatsTelemetryEngine.kt:357:35 Type mismatch: inferred type is String? but String was expected
w: file:///home/runner/work/streamify-apk/streamify-apk/app/src/main/java/com/streamify/app/data/telemetry/YtStatsTelemetryEngine.kt:439:13 Variable 'meta' is never used
w: file:///home/runner/work/streamify-apk/streamify-apk/app/src/main/java/com/streamify/app/data/telemetry/YtStatsTelemetryEngine.kt:470:40 Type mismatch: inferred type is String? but String was expected
w: file:///home/runner/work/streamify-apk/streamify-apk/app/src/main/java/com/streamify/app/data/telemetry/YtStatsTelemetryEngine.kt:471:38 Type mismatch: inferred type is String? but String was expected
w: file:///home/runner/work/streamify-apk/streamify-apk/app/src/main/java/com/streamify/app/data/update/StreamifyUpdateManager.kt:181:74 Type mismatch: inferred type is Nothing? but String was expected
w: file:///home/runner/work/streamify-apk/streamify-apk/app/src/main/java/com/streamify/app/data/youtube/PlaylistLinkScraper.kt:459:92 Type mismatch: inferred type is Nothing? but String was expected
w: file:///home/runner/work/streamify-apk/streamify-apk/app/src/main/java/com/streamify/app/data/youtube/YtSessionExtractor.kt:20:9 Parameter 'onError' is never used
w: file:///home/runner/work/streamify-apk/streamify-apk/app/src/main/java/com/streamify/app/jam/JamEngine.kt:523:31 Parameter 'session' is never used
w: file:///home/runner/work/streamify-apk/streamify-apk/app/src/main/java/com/streamify/app/jam/JamEngine.kt:1481:73 Unnecessary non-null assertion (!!) on a non-null receiver of type String
w: file:///home/runner/work/streamify-apk/streamify-apk/app/src/main/java/com/streamify/app/jam/JoinFabric.kt:327:27 There is more than one label with such a name in this scope
w: file:///home/runner/work/streamify-apk/streamify-apk/app/src/main/java/com/streamify/app/jam/LanBeaconPacket.kt:99:13 Variable 'senderId' is never used
w: file:///home/runner/work/streamify-apk/streamify-apk/app/src/main/java/com/streamify/app/jam/LanBeaconPacket.kt:102:13 Variable 'sequence' is never used
w: file:///home/runner/work/streamify-apk/streamify-apk/app/src/main/java/com/streamify/app/jam/LanBeaconPacket.kt:103:13 Variable 'timestampMonoNs' is never used
w: file:///home/runner/work/streamify-apk/streamify-apk/app/src/main/java/com/streamify/app/jam/LeaderlessElectionEngine.kt:251:9 Parameter 'positionMs' is never used
w: file:///home/runner/work/streamify-apk/streamify-apk/app/src/main/java/com/streamify/app/jam/LeaderlessElectionEngine.kt:252:9 Parameter 'syncedNanos' is never used
w: file:///home/runner/work/streamify-apk/streamify-apk/app/src/main/java/com/streamify/app/jam/LeaderlessElectionEngine.kt:253:9 Parameter 'durationMs' is never used
w: file:///home/runner/work/streamify-apk/streamify-apk/app/src/main/java/com/streamify/app/jam/LeaderlessElectionEngine.kt:254:9 Parameter 'playing' is never used
w: file:///home/runner/work/streamify-apk/streamify-apk/app/src/main/java/com/streamify/app/media/audio/StreamifyAudioProcessor.kt:452:64 Parameter 'channelCount' is never used
w: file:///home/runner/work/streamify-apk/streamify-apk/app/src/main/java/com/streamify/app/media/audio/SyncAudioProcessor.kt:106:13 Variable 'kalmanActive' is never used
w: file:///home/runner/work/streamify-apk/streamify-apk/app/src/main/java/com/streamify/app/media/playback/OnlineTrackProcessor.kt:25:48 This declaration needs opt-in. Its usage should be marked with '@kotlinx.coroutines.ExperimentalCoroutinesApi' or '@OptIn(kotlinx.coroutines.ExperimentalCoroutinesApi::class)'
w: file:///home/runner/work/streamify-apk/streamify-apk/app/src/main/java/com/streamify/app/media/playback/OnlineTrackProcessor.kt:84:28 Variable 'finalBpm' initializer is redundant
w: file:///home/runner/work/streamify-apk/streamify-apk/app/src/main/java/com/streamify/app/media/playback/OnlineTrackProcessor.kt:85:28 Variable 'finalKey' initializer is redundant
w: file:///home/runner/work/streamify-apk/streamify-apk/app/src/main/java/com/streamify/app/media/playback/OnlineTrackProcessor.kt:98:21 Name shadowed: trackKey
w: file:///home/runner/work/streamify-apk/streamify-apk/app/src/main/java/com/streamify/app/navigation/AppNavGraph.kt:287:41 Parameter 'mode' is never used, could be renamed to _
w: file:///home/runner/work/streamify-apk/streamify-apk/app/src/main/java/com/streamify/app/navigation/AppNavGraph.kt:305:37 Parameter 'playlist' is never used, could be renamed to _
w: file:///home/runner/work/streamify-apk/streamify-apk/app/src/main/java/com/streamify/app/radio/ContinuumRadioEngine.kt:121:63 Parameter 'limit' is never used
w: file:///home/runner/work/streamify-apk/streamify-apk/app/src/main/java/com/streamify/app/radio/ContinuumRadioEngine.kt:310:53 Parameter 'rawJson' is never used
w: file:///home/runner/work/streamify-apk/streamify-apk/app/src/main/java/com/streamify/app/ui/components/CanvasVideoSurface.kt:141:9 Variable 'context' is never used
w: file:///home/runner/work/streamify-apk/streamify-apk/app/src/main/java/com/streamify/app/ui/components/CommentsSheet.kt:163:42 'Reply: ImageVector' is deprecated. Use the AutoMirrored version at Icons.AutoMirrored.Filled.Reply
w: file:///home/runner/work/streamify-apk/streamify-apk/app/src/main/java/com/streamify/app/ui/components/CommentsSheet.kt:278:73 'Reply: ImageVector' is deprecated. Use the AutoMirrored version at Icons.AutoMirrored.Filled.Reply
w: file:///home/runner/work/streamify-apk/streamify-apk/app/src/main/java/com/streamify/app/ui/components/CommentsSheet.kt:278:98 'Send: ImageVector' is deprecated. Use the AutoMirrored version at Icons.AutoMirrored.Filled.Send
w: file:///home/runner/work/streamify-apk/streamify-apk/app/src/main/java/com/streamify/app/ui/components/CommentsSheet.kt:523:56 'Reply: ImageVector' is deprecated. Use the AutoMirrored version at Icons.AutoMirrored.Filled.Reply
w: file:///home/runner/work/streamify-apk/streamify-apk/app/src/main/java/com/streamify/app/ui/components/ConnectAccountsSheet.kt:238:27 Parameter 'token' is never used, could be renamed to _
w: file:///home/runner/work/streamify-apk/streamify-apk/app/src/main/java/com/streamify/app/ui/components/ConnectAccountsSheet.kt:238:34 Parameter 'spDc' is never used, could be renamed to _
w: file:///home/runner/work/streamify-apk/streamify-apk/app/src/main/java/com/streamify/app/ui/components/ConnectAccountsSheet.kt:252:27 Parameter 'authHeader' is never used, could be renamed to _
w: file:///home/runner/work/streamify-apk/streamify-apk/app/src/main/java/com/streamify/app/ui/components/ConnectAccountsSheet.kt:252:39 Parameter 'cookies' is never used, could be renamed to _
w: file:///home/runner/work/streamify-apk/streamify-apk/app/src/main/java/com/streamify/app/ui/components/ContextMenuSheet.kt:119:5 Parameter 'onAddToPlaylistClick' is never used
w: file:///home/runner/work/streamify-apk/streamify-apk/app/src/main/java/com/streamify/app/ui/components/ContextMenuSheet.kt:190:37 'PlaylistPlay: ImageVector' is deprecated. Use the AutoMirrored version at Icons.AutoMirrored.Filled.PlaylistPlay
w: file:///home/runner/work/streamify-apk/streamify-apk/app/src/main/java/com/streamify/app/ui/components/ContextMenuSheet.kt:201:37 'QueueMusic: ImageVector' is deprecated. Use the AutoMirrored version at Icons.AutoMirrored.Filled.QueueMusic
w: file:///home/runner/work/streamify-apk/streamify-apk/app/src/main/java/com/streamify/app/ui/components/ContextMenuSheet.kt:225:41 'QueueMusic: ImageVector' is deprecated. Use the AutoMirrored version at Icons.AutoMirrored.Filled.QueueMusic
w: file:///home/runner/work/streamify-apk/streamify-apk/app/src/main/java/com/streamify/app/ui/components/ContextMenuSheet.kt:331:37 'PlaylistAdd: ImageVector' is deprecated. Use the AutoMirrored version at Icons.AutoMirrored.Filled.PlaylistAdd
w: file:///home/runner/work/streamify-apk/streamify-apk/app/src/main/java/com/streamify/app/ui/components/CoverCropperSheet.kt:260:65 There is more than one label with such a name in this scope
w: file:///home/runner/work/streamify-apk/streamify-apk/app/src/main/java/com/streamify/app/ui/components/CoverCropperSheet.kt:261:53 There is more than one label with such a name in this scope
w: file:///home/runner/work/streamify-apk/streamify-apk/app/src/main/java/com/streamify/app/ui/components/FriendActivityCard.kt:185:49 'QueueMusic: ImageVector' is deprecated. Use the AutoMirrored version at Icons.AutoMirrored.Filled.QueueMusic
w: file:///home/runner/work/streamify-apk/streamify-apk/app/src/main/java/com/streamify/app/ui/components/HeartButton.kt:43:9 Variable 'tint' is never used
w: file:///home/runner/work/streamify-apk/streamify-apk/app/src/main/java/com/streamify/app/ui/components/QrShareCard.kt:147:5 Parameter 'qrBitmap' is never used
w: file:///home/runner/work/streamify-apk/streamify-apk/app/src/main/java/com/streamify/app/ui/components/QuantumSonicTokenController.kt:217:37 Parameter 'heightPx' is never used
w: file:///home/runner/work/streamify-apk/streamify-apk/app/src/main/java/com/streamify/app/ui/components/RelatedDiscoverSheet.kt:46:9 Variable 'scope' is never used
w: file:///home/runner/work/streamify-apk/streamify-apk/app/src/main/java/com/streamify/app/ui/components/TrackListItem.kt:197:94 'QueueMusic: ImageVector' is deprecated. Use the AutoMirrored version at Icons.AutoMirrored.Filled.QueueMusic
w: file:///home/runner/work/streamify-apk/streamify-apk/app/src/main/java/com/streamify/app/ui/components/TrackListItem.kt:199:38 'QueueMusic: ImageVector' is deprecated. Use the AutoMirrored version at Icons.AutoMirrored.Filled.QueueMusic
w: file:///home/runner/work/streamify-apk/streamify-apk/app/src/main/java/com/streamify/app/ui/components/yt/YtPlaylistHeroHeader.kt:181:102 'QueueMusic: ImageVector' is deprecated. Use the AutoMirrored version at Icons.AutoMirrored.Filled.QueueMusic
w: file:///home/runner/work/streamify-apk/streamify-apk/app/src/main/java/com/streamify/app/ui/components/yt/YtQueueTrackItem.kt:42:5 Parameter 'onReplay' is never used
w: file:///home/runner/work/streamify-apk/streamify-apk/app/src/main/java/com/streamify/app/ui/components/yt/YtSortFilterBar.kt:52:56 'ViewList: ImageVector' is deprecated. Use the AutoMirrored version at Icons.AutoMirrored.Filled.ViewList
w: file:///home/runner/work/streamify-apk/streamify-apk/app/src/main/java/com/streamify/app/ui/components/yt/YtSyllableLine.kt:191:5 Parameter 'startSearchOffset' is never used
w: file:///home/runner/work/streamify-apk/streamify-apk/app/src/main/java/com/streamify/app/ui/components/yt/YtThumbnail.kt:45:5 Parameter 'artist' is never used
w: file:///home/runner/work/streamify-apk/streamify-apk/app/src/main/java/com/streamify/app/ui/screens/AdminDashboardScreen.kt:191:39 'ArrowBack: ImageVector' is deprecated. Use the AutoMirrored version at Icons.AutoMirrored.Filled.ArrowBack
w: file:///home/runner/work/streamify-apk/streamify-apk/app/src/main/java/com/streamify/app/ui/screens/AdminDashboardScreen.kt:352:53 'QueueMusic: ImageVector' is deprecated. Use the AutoMirrored version at Icons.AutoMirrored.Filled.QueueMusic
w: file:///home/runner/work/streamify-apk/streamify-apk/app/src/main/java/com/streamify/app/ui/screens/AdminDashboardScreen.kt:368:53 'Comment: ImageVector' is deprecated. Use the AutoMirrored version at Icons.AutoMirrored.Filled.Comment
w: file:///home/runner/work/streamify-apk/streamify-apk/app/src/main/java/com/streamify/app/ui/screens/AdminDashboardScreen.kt:419:13 Duplicate label in when
w: file:///home/runner/work/streamify-apk/streamify-apk/app/src/main/java/com/streamify/app/ui/screens/AlbumScreen.kt:307:52 'ArrowBack: ImageVector' is deprecated. Use the AutoMirrored version at Icons.AutoMirrored.Filled.ArrowBack
w: file:///home/runner/work/streamify-apk/streamify-apk/app/src/main/java/com/streamify/app/ui/screens/ArtistScreen.kt:92:48 'ArrowBack: ImageVector' is deprecated. Use the AutoMirrored version at Icons.AutoMirrored.Filled.ArrowBack
w: file:///home/runner/work/streamify-apk/streamify-apk/app/src/main/java/com/streamify/app/ui/screens/BlendScreen.kt:50:5 Parameter 'playerViewModel' is never used
w: file:///home/runner/work/streamify-apk/streamify-apk/app/src/main/java/com/streamify/app/ui/screens/BlendScreen.kt:355:5 Parameter 'onClick' is never used
w: file:///home/runner/work/streamify-apk/streamify-apk/app/src/main/java/com/streamify/app/ui/screens/BlendScreen.kt:414:26 Parameter 'friendName' is never used
w: file:///home/runner/work/streamify-apk/streamify-apk/app/src/main/java/com/streamify/app/ui/screens/CommunityHubScreen.kt:68:48 'ArrowBack: ImageVector' is deprecated. Use the AutoMirrored version at Icons.AutoMirrored.Filled.ArrowBack
w: file:///home/runner/work/streamify-apk/streamify-apk/app/src/main/java/com/streamify/app/ui/screens/CommunityHubScreen.kt:260:68 'QueueMusic: ImageVector' is deprecated. Use the AutoMirrored version at Icons.AutoMirrored.Filled.QueueMusic
w: file:///home/runner/work/streamify-apk/streamify-apk/app/src/main/java/com/streamify/app/ui/screens/DownloadScreen.kt:364:21 'Divider(Modifier = ..., Dp = ..., Color = ...): Unit' is deprecated. Renamed to HorizontalDivider
w: file:///home/runner/work/streamify-apk/streamify-apk/app/src/main/java/com/streamify/app/ui/screens/DownloadScreen.kt:459:13 'Divider(Modifier = ..., Dp = ..., Color = ...): Unit' is deprecated. Renamed to HorizontalDivider
w: file:///home/runner/work/streamify-apk/streamify-apk/app/src/main/java/com/streamify/app/ui/screens/EqualizerScreen.kt:56:52 'ArrowBack: ImageVector' is deprecated. Use the AutoMirrored version at Icons.AutoMirrored.Filled.ArrowBack
w: file:///home/runner/work/streamify-apk/streamify-apk/app/src/main/java/com/streamify/app/ui/screens/FullPlayerSheet.kt:143:5 Parameter 'progressFlow' is never used
w: file:///home/runner/work/streamify-apk/streamify-apk/app/src/main/java/com/streamify/app/ui/screens/FullPlayerSheet.kt:157:5 Parameter 'onQueueClick' is never used
w: file:///home/runner/work/streamify-apk/streamify-apk/app/src/main/java/com/streamify/app/ui/screens/FullPlayerSheet.kt:158:5 Parameter 'onLyricsClick' is never used
w: file:///home/runner/work/streamify-apk/streamify-apk/app/src/main/java/com/streamify/app/ui/screens/FullPlayerSheet.kt:161:5 Parameter 'isAutoPlayEnabled' is never used
w: file:///home/runner/work/streamify-apk/streamify-apk/app/src/main/java/com/streamify/app/ui/screens/FullPlayerSheet.kt:162:5 Parameter 'onAutoPlayToggle' is never used
w: file:///home/runner/work/streamify-apk/streamify-apk/app/src/main/java/com/streamify/app/ui/screens/FullPlayerSheetPanes.kt:425:5 Parameter 'playerViewModel' is never used
w: file:///home/runner/work/streamify-apk/streamify-apk/app/src/main/java/com/streamify/app/ui/screens/HomeScreen.kt:40:5 Parameter 'dominantColor' is never used
w: file:///home/runner/work/streamify-apk/streamify-apk/app/src/main/java/com/streamify/app/ui/screens/HomeScreen.kt:42:5 Parameter 'onSettingsClick' is never used
w: file:///home/runner/work/streamify-apk/streamify-apk/app/src/main/java/com/streamify/app/ui/screens/HomeScreen.kt:57:9 Variable 'isRefreshing' is never used
w: file:///home/runner/work/streamify-apk/streamify-apk/app/src/main/java/com/streamify/app/ui/screens/JamSessionScreen.kt:104:48 'ArrowBack: ImageVector' is deprecated. Use the AutoMirrored version at Icons.AutoMirrored.Filled.ArrowBack
w: file:///home/runner/work/streamify-apk/streamify-apk/app/src/main/java/com/streamify/app/ui/screens/JamSessionScreen.kt:767:56 'ExitToApp: ImageVector' is deprecated. Use the AutoMirrored version at Icons.AutoMirrored.Filled.ExitToApp
w: file:///home/runner/work/streamify-apk/streamify-apk/app/src/main/java/com/streamify/app/ui/screens/JamSessionScreen.kt:1197:5 Parameter 'votes' is never used
w: file:///home/runner/work/streamify-apk/streamify-apk/app/src/main/java/com/streamify/app/ui/screens/JamSessionWidgets.kt:107:5 Parameter 'isHost' is never used
w: file:///home/runner/work/streamify-apk/streamify-apk/app/src/main/java/com/streamify/app/ui/screens/LibraryScreen.kt:52:9 Variable 'downloadTasks' is never used
w: file:///home/runner/work/streamify-apk/streamify-apk/app/src/main/java/com/streamify/app/ui/screens/LibraryScreen.kt:56:9 Variable 'user' is never used
w: file:///home/runner/work/streamify-apk/streamify-apk/app/src/main/java/com/streamify/app/ui/screens/LibraryScreen.kt:88:9 Variable 'isRefreshing' is never used
w: file:///home/runner/work/streamify-apk/streamify-apk/app/src/main/java/com/streamify/app/ui/screens/LibraryScreen.kt:694:21 Variable 'gridColumns' is never used
w: file:///home/runner/work/streamify-apk/streamify-apk/app/src/main/java/com/streamify/app/ui/screens/LibraryScreen.kt:1199:43 'QueueMusic: ImageVector' is deprecated. Use the AutoMirrored version at Icons.AutoMirrored.Filled.QueueMusic
w: file:///home/runner/work/streamify-apk/streamify-apk/app/src/main/java/com/streamify/app/ui/screens/LibraryScreen.kt:1369:5 Parameter 'onMoveToFolder' is never used
w: file:///home/runner/work/streamify-apk/streamify-apk/app/src/main/java/com/streamify/app/ui/screens/LibraryScreen.kt:1387:44 'QueueMusic: ImageVector' is deprecated. Use the AutoMirrored version at Icons.AutoMirrored.Filled.QueueMusic
w: file:///home/runner/work/streamify-apk/streamify-apk/app/src/main/java/com/streamify/app/ui/screens/PlayerScreen.kt:14:33 Parameter 'onCollapse' is never used
w: file:///home/runner/work/streamify-apk/streamify-apk/app/src/main/java/com/streamify/app/ui/screens/ProfileSelectionScreen.kt:46:9 Variable 'spotifyAuth' is never used
w: file:///home/runner/work/streamify-apk/streamify-apk/app/src/main/java/com/streamify/app/ui/screens/ProfileSelectionScreen.kt:155:27 Parameter 'token' is never used, could be renamed to _
w: file:///home/runner/work/streamify-apk/streamify-apk/app/src/main/java/com/streamify/app/ui/screens/ProfileSelectionScreen.kt:155:34 Parameter 'spDc' is never used, could be renamed to _
w: file:///home/runner/work/streamify-apk/streamify-apk/app/src/main/java/com/streamify/app/ui/screens/ProfileSelectionScreen.kt:170:27 Parameter 'authHeader' is never used, could be renamed to _
w: file:///home/runner/work/streamify-apk/streamify-apk/app/src/main/java/com/streamify/app/ui/screens/ProfileSelectionScreen.kt:170:39 Parameter 'cookies' is never used, could be renamed to _
w: file:///home/runner/work/streamify-apk/streamify-apk/app/src/main/java/com/streamify/app/ui/screens/SearchScreen.kt:43:5 Parameter 'ingestionViewModel' is never used
w: file:///home/runner/work/streamify-apk/streamify-apk/app/src/main/java/com/streamify/app/ui/screens/SearchScreen.kt:428:33 Parameter 'index' is never used, could be renamed to _
w: file:///home/runner/work/streamify-apk/streamify-apk/app/src/main/java/com/streamify/app/ui/screens/SettingsScreen.kt:93:35 'ArrowBack: ImageVector' is deprecated. Use the AutoMirrored version at Icons.AutoMirrored.Filled.ArrowBack
w: file:///home/runner/work/streamify-apk/streamify-apk/app/src/main/java/com/streamify/app/ui/screens/SettingsScreen.kt:454:75 'ArrowForward: ImageVector' is deprecated. Use the AutoMirrored version at Icons.AutoMirrored.Filled.ArrowForward
w: file:///home/runner/work/streamify-apk/streamify-apk/app/src/main/java/com/streamify/app/ui/screens/SettingsScreen.kt:668:21 Name shadowed: scope
w: file:///home/runner/work/streamify-apk/streamify-apk/app/src/main/java/com/streamify/app/ui/screens/SettingsScreen.kt:736:21 Name shadowed: scope
w: file:///home/runner/work/streamify-apk/streamify-apk/app/src/main/java/com/streamify/app/ui/screens/SettingsScreen.kt:783:47 'ArrowForward: ImageVector' is deprecated. Use the AutoMirrored version at Icons.AutoMirrored.Filled.ArrowForward
w: file:///home/runner/work/streamify-apk/streamify-apk/app/src/main/java/com/streamify/app/ui/screens/SettingsScreen.kt:800:47 'ArrowForward: ImageVector' is deprecated. Use the AutoMirrored version at Icons.AutoMirrored.Filled.ArrowForward
w: file:///home/runner/work/streamify-apk/streamify-apk/app/src/main/java/com/streamify/app/ui/screens/SettingsScreen.kt:983:47 'ArrowForward: ImageVector' is deprecated. Use the AutoMirrored version at Icons.AutoMirrored.Filled.ArrowForward
w: file:///home/runner/work/streamify-apk/streamify-apk/app/src/main/java/com/streamify/app/ui/screens/StatsWrappedScreen.kt:69:52 'ArrowBack: ImageVector' is deprecated. Use the AutoMirrored version at Icons.AutoMirrored.Filled.ArrowBack
w: file:///home/runner/work/streamify-apk/streamify-apk/app/src/main/java/com/streamify/app/ui/screens/StatsWrappedScreen.kt:244:33 'Divider(Modifier = ..., Dp = ..., Color = ...): Unit' is deprecated. Renamed to HorizontalDivider
w: file:///home/runner/work/streamify-apk/streamify-apk/app/src/main/java/com/streamify/app/ui/screens/UpdatesHubScreen.kt:148:48 'ArrowBack: ImageVector' is deprecated. Use the AutoMirrored version at Icons.AutoMirrored.Filled.ArrowBack
w: file:///home/runner/work/streamify-apk/streamify-apk/app/src/main/java/com/streamify/app/ui/screens/UpdatesHubScreen.kt:272:5 Parameter 'onArtistClick' is never used
w: file:///home/runner/work/streamify-apk/streamify-apk/app/src/main/java/com/streamify/app/ui/screens/UserProfileScreen.kt:106:52 'ArrowBack: ImageVector' is deprecated. Use the AutoMirrored version at Icons.AutoMirrored.Filled.ArrowBack
w: file:///home/runner/work/streamify-apk/streamify-apk/app/src/main/java/com/streamify/app/ui/screens/UserProfileScreen.kt:412:48 'ArrowForward: ImageVector' is deprecated. Use the AutoMirrored version at Icons.AutoMirrored.Filled.ArrowForward
w: file:///home/runner/work/streamify-apk/streamify-apk/app/src/main/java/com/streamify/app/ui/screens/UserProfileScreen.kt:473:48 'ArrowForward: ImageVector' is deprecated. Use the AutoMirrored version at Icons.AutoMirrored.Filled.ArrowForward
w: file:///home/runner/work/streamify-apk/streamify-apk/app/src/main/java/com/streamify/app/ui/screens/UserProfileScreen.kt:529:48 'ArrowForward: ImageVector' is deprecated. Use the AutoMirrored version at Icons.AutoMirrored.Filled.ArrowForward
w: file:///home/runner/work/streamify-apk/streamify-apk/app/src/main/java/com/streamify/app/ui/screens/UserProfileScreen.kt:607:52 'ArrowForward: ImageVector' is deprecated. Use the AutoMirrored version at Icons.AutoMirrored.Filled.ArrowForward
w: file:///home/runner/work/streamify-apk/streamify-apk/app/src/main/java/com/streamify/app/util/FleetConfig.kt:204:29 Parameter 'd' is never used
w: file:///home/runner/work/streamify-apk/streamify-apk/app/src/main/java/com/streamify/app/util/newpipe/NewPipeDownloaderImpl.kt:25:39 'create(MediaType?, ByteArray, Int = ..., Int = ...): RequestBody' is deprecated. Moved to extension function. Put the 'content' argument first to fix Java
w: file:///home/runner/work/streamify-apk/streamify-apk/app/src/main/java/com/streamify/app/viewmodel/HomeViewModel.kt:74:18 This declaration is in a preview state and can be changed in a backwards-incompatible manner with a best-effort migration. Its usage should be marked with '@kotlinx.coroutines.FlowPreview' or '@OptIn(kotlinx.coroutines.FlowPreview::class)' if you accept the drawback of relying on preview API
w: file:///home/runner/work/streamify-apk/streamify-apk/app/src/main/java/com/streamify/app/viewmodel/JamViewModel.kt:183:43 Parameter '_peers' is never used, could be renamed to _
w: file:///home/runner/work/streamify-apk/streamify-apk/app/src/main/java/com/streamify/app/viewmodel/JamViewModel.kt:190:56 Elvis operator (?:) always returns the left operand of non-nullable type String
w: file:///home/runner/work/streamify-apk/streamify-apk/app/src/main/java/com/streamify/app/viewmodel/JamViewModel.kt:195:40 Parameter 'currentPosition' is never used
w: file:///home/runner/work/streamify-apk/streamify-apk/app/src/main/java/com/streamify/app/viewmodel/PlayerHousekeeping.kt:36:46 Parameter 'context' is never used
w: file:///home/runner/work/streamify-apk/streamify-apk/app/src/main/java/com/streamify/app/viewmodel/PlayerViewModel.kt:321:92 Elvis operator (?:) always returns the left operand of non-nullable type Int?
w: file:///home/runner/work/streamify-apk/streamify-apk/app/src/main/java/com/streamify/app/viewmodel/PlayerViewModel.kt:417:29 Name shadowed: currentT
w: file:///home/runner/work/streamify-apk/streamify-apk/app/src/main/java/com/streamify/app/viewmodel/PlayerViewModel.kt:775:93 Unnecessary safe call on a non-null receiver of type Track?
w: file:///home/runner/work/streamify-apk/streamify-apk/app/src/main/java/com/streamify/app/viewmodel/PlayerViewModel.kt:990:50 Parameter 'context' is never used
w: file:///home/runner/work/streamify-apk/streamify-apk/app/src/main/java/com/streamify/app/viewmodel/SearchViewModel.kt:296:9 Parameter 'allOnlineResults' is never used
w: file:///home/runner/work/streamify-apk/streamify-apk/app/src/main/java/com/streamify/app/viewmodel/SearchViewModel.kt:298:9 Parameter 'ingestionViewModel' is never used
w: file:///home/runner/work/streamify-apk/streamify-apk/app/src/main/java/com/streamify/app/viewmodel/SearchViewModel.kt:399:25 Variable 'coverUrl' is never used
w: file:///home/runner/work/streamify-apk/streamify-apk/app/src/main/java/com/streamify/app/weft/Steward.kt:37:48 Parameter 'align' is never used
w: file:///home/runner/work/streamify-apk/streamify-apk/app/src/main/java/com/streamify/app/worker/DownloadWorker.kt:35:52 This declaration needs opt-in. Its usage should be marked with '@kotlinx.coroutines.ExperimentalCoroutinesApi' or '@OptIn(kotlinx.coroutines.ExperimentalCoroutinesApi::class)'
w: file:///home/runner/work/streamify-apk/streamify-apk/app/src/main/java/com/streamify/app/worker/DownloadWorker.kt:81:13 Variable 'quality' is never used

> Task :app:compileDebugJavaWithJavac
> Task :app:processDebugJavaRes
> Task :app:bundleDebugClassesToRuntimeJar
> Task :app:bundleDebugClassesToCompileJar

> Task :app:compileDebugUnitTestKotlin FAILED
e: file:///home/runner/work/streamify-apk/streamify-apk/app/src/test/java/com/streamify/app/data/download/ResumableDownloadEngineTest.kt:195:40 Too many arguments for public fun File.readBytes(): ByteArray defined in kotlin.io

FAILURE: Build failed with an exception.

* What went wrong:
Execution failed for task ':app:compileDebugUnitTestKotlin'.
> A failure occurred while executing org.jetbrains.kotlin.compilerRunner.GradleCompilerRunnerWithWorkers$GradleKotlinCompilerWorkAction
   > Compilation error. See log for more details

* Try:
> Run with --info or --debug option to get more log output.
> Run with --scan to get full insights.
> Get more help at https://help.gradle.org.

* Exception is:
org.gradle.api.tasks.TaskExecutionException: Execution failed for task ':app:compileDebugUnitTestKotlin'.
	at org.gradle.api.internal.tasks.execution.ExecuteActionsTaskExecuter.lambda$executeIfValid$1(ExecuteActionsTaskExecuter.java:130)
	at org.gradle.internal.Try$Failure.ifSuccessfulOrElse(Try.java:282)
	at org.gradle.api.internal.tasks.execution.ExecuteActionsTaskExecuter.executeIfValid(ExecuteActionsTaskExecuter.java:128)
	at org.gradle.api.internal.tasks.execution.ExecuteActionsTaskExecuter.execute(ExecuteActionsTaskExecuter.java:116)
	at org.gradle.api.internal.tasks.execution.FinalizePropertiesTaskExecuter.execute(FinalizePropertiesTaskExecuter.java:46)
	at org.gradle.api.internal.tasks.execution.ResolveTaskExecutionModeExecuter.execute(ResolveTaskExecutionModeExecuter.java:51)
	at org.gradle.api.internal.tasks.execution.SkipTaskWithNoActionsExecuter.execute(SkipTaskWithNoActionsExecuter.java:57)
	at org.gradle.api.internal.tasks.execution.SkipOnlyIfTaskExecuter.execute(SkipOnlyIfTaskExecuter.java:74)
	at org.gradle.api.internal.tasks.execution.CatchExceptionTaskExecuter.execute(CatchExceptionTaskExecuter.java:36)
	at org.gradle.api.internal.tasks.execution.EventFiringTaskExecuter$1.executeTask(EventFiringTaskExecuter.java:77)
	at org.gradle.api.internal.tasks.execution.EventFiringTaskExecuter$1.call(EventFiringTaskExecuter.java:55)
	at org.gradle.api.internal.tasks.execution.EventFiringTaskExecuter$1.call(EventFiringTaskExecuter.java:52)
	at org.gradle.internal.operations.DefaultBuildOperationRunner$CallableBuildOperationWorker.execute(DefaultBuildOperationRunner.java:200)
	at org.gradle.internal.operations.DefaultBuildOperationRunner$CallableBuildOperationWorker.execute(DefaultBuildOperationRunner.java:195)
	at org.gradle.internal.operations.DefaultBuildOperationRunner$2.execute(DefaultBuildOperationRunner.java:66)
	at org.gradle.internal.operations.DefaultBuildOperationRunner$2.execute(DefaultBuildOperationRunner.java:59)
	at org.gradle.internal.operations.DefaultBuildOperationRunner.execute(DefaultBuildOperationRunner.java:157)
	at org.gradle.internal.operations.DefaultBuildOperationRunner.execute(DefaultBuildOperationRunner.java:59)
	at org.gradle.internal.operations.DefaultBuildOperationRunner.call(DefaultBuildOperationRunner.java:53)
	at org.gradle.internal.operations.DefaultBuildOperationExecutor.call(DefaultBuildOperationExecutor.java:73)
	at org.gradle.api.internal.tasks.execution.EventFiringTaskExecuter.execute(EventFiringTaskExecuter.java:52)
	at org.gradle.execution.plan.LocalTaskNodeExecutor.execute(LocalTaskNodeExecutor.java:42)
	at org.gradle.execution.taskgraph.DefaultTaskExecutionGraph$InvokeNodeExecutorsAction.execute(DefaultTaskExecutionGraph.java:331)
	at org.gradle.execution.taskgraph.DefaultTaskExecutionGraph$InvokeNodeExecutorsAction.execute(DefaultTaskExecutionGraph.java:318)
	at org.gradle.execution.taskgraph.DefaultTaskExecutionGraph$BuildOperationAwareExecutionAction.lambda$execute$0(DefaultTaskExecutionGraph.java:314)
	at org.gradle.internal.operations.CurrentBuildOperationRef.with(CurrentBuildOperationRef.java:80)
	at org.gradle.execution.taskgraph.DefaultTaskExecutionGraph$BuildOperationAwareExecutionAction.execute(DefaultTaskExecutionGraph.java:314)
	at org.gradle.execution.taskgraph.DefaultTaskExecutionGraph$BuildOperationAwareExecutionAction.execute(DefaultTaskExecutionGraph.java:303)
	at org.gradle.execution.plan.DefaultPlanExecutor$ExecutorWorker.execute(DefaultPlanExecutor.java:463)
	at org.gradle.execution.plan.DefaultPlanExecutor$ExecutorWorker.run(DefaultPlanExecutor.java:380)
	at org.gradle.execution.plan.DefaultPlanExecutor.process(DefaultPlanExecutor.java:116)
	at org.gradle.execution.taskgraph.DefaultTaskExecutionGraph.executeWithServices(DefaultTaskExecutionGraph.java:138)
	at org.gradle.execution.taskgraph.DefaultTaskExecutionGraph.execute(DefaultTaskExecutionGraph.java:123)
	at org.gradle.execution.SelectedTaskExecutionAction.execute(SelectedTaskExecutionAction.java:35)
	at org.gradle.execution.DryRunBuildExecutionAction.execute(DryRunBuildExecutionAction.java:51)
	at org.gradle.execution.BuildOperationFiringBuildWorkerExecutor$ExecuteTasks.call(BuildOperationFiringBuildWorkerExecutor.java:54)
	at org.gradle.execution.BuildOperationFiringBuildWorkerExecutor$ExecuteTasks.call(BuildOperationFiringBuildWorkerExecutor.java:43)
	at org.gradle.internal.operations.DefaultBuildOperationRunner$CallableBuildOperationWorker.execute(DefaultBuildOperationRunner.java:200)
	at org.gradle.internal.operations.DefaultBuildOperationRunner$CallableBuildOperationWorker.execute(DefaultBuildOperationRunner.java:195)
	at org.gradle.internal.operations.DefaultBuildOperationRunner$2.execute(DefaultBuildOperationRunner.java:66)
	at org.gradle.internal.operations.DefaultBuildOperationRunner$2.execute(DefaultBuildOperationRunner.java:59)
	at org.gradle.internal.operations.DefaultBuildOperationRunner.execute(DefaultBuildOperationRunner.java:157)
	at org.gradle.internal.operations.DefaultBuildOperationRunner.execute(DefaultBuildOperationRunner.java:59)
	at org.gradle.internal.operations.DefaultBuildOperationRunner.call(DefaultBuildOperationRunner.java:53)
	at org.gradle.internal.operations.DefaultBuildOperationExecutor.call(DefaultBuildOperationExecutor.java:73)
	at org.gradle.execution.BuildOperationFiringBuildWorkerExecutor.execute(BuildOperationFiringBuildWorkerExecutor.java:40)
	at org.gradle.internal.build.DefaultBuildLifecycleController.lambda$executeTasks$10(DefaultBuildLifecycleController.java:313)
	at org.gradle.internal.model.StateTransitionController.doTransition(StateTransitionController.java:266)
	at org.gradle.internal.model.StateTransitionController.lambda$tryTransition$8(StateTransitionController.java:177)
	at org.gradle.internal.work.DefaultSynchronizer.withLock(DefaultSynchronizer.java:44)
	at org.gradle.internal.model.StateTransitionController.tryTransition(StateTransitionController.java:177)
	at org.gradle.internal.build.DefaultBuildLifecycleController.executeTasks(DefaultBuildLifecycleController.java:304)
	at org.gradle.internal.build.DefaultBuildWorkGraphController$DefaultBuildWorkGraph.runWork(DefaultBuildWorkGraphController.java:220)
	at org.gradle.internal.work.DefaultWorkerLeaseService.withLocks(DefaultWorkerLeaseService.java:264)
	at org.gradle.internal.work.DefaultWorkerLeaseService.runAsWorkerThread(DefaultWorkerLeaseService.java:128)
	at org.gradle.composite.internal.DefaultBuildController.doRun(DefaultBuildController.java:181)
	at org.gradle.composite.internal.DefaultBuildController.access$000(DefaultBuildController.java:50)
	at org.gradle.composite.internal.DefaultBuildController$BuildOpRunnable.lambda$run$0(DefaultBuildController.java:198)
	at org.gradle.internal.operations.CurrentBuildOperationRef.with(CurrentBuildOperationRef.java:80)
	at org.gradle.composite.internal.DefaultBuildController$BuildOpRunnable.run(DefaultBuildController.java:198)
	at org.gradle.internal.concurrent.ExecutorPolicy$CatchAndRecordFailures.onExecute(ExecutorPolicy.java:64)
	at org.gradle.internal.concurrent.AbstractManagedExecutor$1.run(AbstractManagedExecutor.java:47)
Caused by: org.gradle.workers.internal.DefaultWorkerExecutor$WorkExecutionException: A failure occurred while executing org.jetbrains.kotlin.compilerRunner.GradleCompilerRunnerWithWorkers$GradleKotlinCompilerWorkAction
	at org.gradle.workers.internal.DefaultWorkerExecutor$WorkItemExecution.waitForCompletion(DefaultWorkerExecutor.java:287)
	at org.gradle.internal.work.DefaultAsyncWorkTracker.lambda$waitForItemsAndGatherFailures$2(DefaultAsyncWorkTracker.java:130)
	at org.gradle.internal.Factories$1.create(Factories.java:31)
	at org.gradle.internal.work.DefaultWorkerLeaseService.withoutLocks(DefaultWorkerLeaseService.java:336)
	at org.gradle.internal.work.DefaultWorkerLeaseService.withoutLocks(DefaultWorkerLeaseService.java:319)
	at org.gradle.internal.work.DefaultWorkerLeaseService.withoutLock(DefaultWorkerLeaseService.java:324)
	at org.gradle.internal.work.DefaultAsyncWorkTracker.waitForItemsAndGatherFailures(DefaultAsyncWorkTracker.java:126)
	at org.gradle.internal.work.DefaultAsyncWorkTracker.waitForItemsAndGatherFailures(DefaultAsyncWorkTracker.java:92)
	at org.gradle.internal.work.DefaultAsyncWorkTracker.waitForAll(DefaultAsyncWorkTracker.java:78)
	at org.gradle.internal.work.DefaultAsyncWorkTracker.waitForCompletion(DefaultAsyncWorkTracker.java:66)
	at org.gradle.api.internal.tasks.execution.TaskExecution$3.run(TaskExecution.java:252)
	at org.gradle.internal.operations.DefaultBuildOperationRunner$1.execute(DefaultBuildOperationRunner.java:29)
	at org.gradle.internal.operations.DefaultBuildOperationRunner$1.execute(DefaultBuildOperationRunner.java:26)
	at org.gradle.internal.operations.DefaultBuildOperationRunner$2.execute(DefaultBuildOperationRunner.java:66)
	at org.gradle.internal.operations.DefaultBuildOperationRunner$2.execute(DefaultBuildOperationRunner.java:59)
	at org.gradle.internal.operations.DefaultBuildOperationRunner.execute(DefaultBuildOperationRunner.java:157)
	at org.gradle.internal.operations.DefaultBuildOperationRunner.execute(DefaultBuildOperationRunner.java:59)
	at org.gradle.internal.operations.DefaultBuildOperationRunner.run(DefaultBuildOperationRunner.java:47)
	at org.gradle.internal.operations.DefaultBuildOperationExecutor.run(DefaultBuildOperationExecutor.java:68)
	at org.gradle.api.internal.tasks.execution.TaskExecution.executeAction(TaskExecution.java:229)
	at org.gradle.api.internal.tasks.execution.TaskExecution.executeActions(TaskExecution.java:212)
	at org.gradle.api.internal.tasks.execution.TaskExecution.executeWithPreviousOutputFiles(TaskExecution.java:195)
	at org.gradle.api.internal.tasks.execution.TaskExecution.execute(TaskExecution.java:162)
	at org.gradle.internal.execution.steps.ExecuteStep.executeInternal(ExecuteStep.java:105)
	at org.gradle.internal.execution.steps.ExecuteStep.access$000(ExecuteStep.java:44)
	at org.gradle.internal.execution.steps.ExecuteStep$1.call(ExecuteStep.java:59)
	at org.gradle.internal.execution.steps.ExecuteStep$1.call(ExecuteStep.java:56)
	at org.gradle.internal.operations.DefaultBuildOperationRunner$CallableBuildOperationWorker.execute(DefaultBuildOperationRunner.java:200)
	at org.gradle.internal.operations.DefaultBuildOperationRunner$CallableBuildOperationWorker.execute(DefaultBuildOperationRunner.java:195)
	at org.gradle.internal.operations.DefaultBuildOperationRunner$2.execute(DefaultBuildOperationRunner.java:66)
	at org.gradle.internal.operations.DefaultBuildOperationRunner$2.execute(DefaultBuildOperationRunner.java:59)
	at org.gradle.internal.operations.DefaultBuildOperationRunner.execute(DefaultBuildOperationRunner.java:157)
	at org.gradle.internal.operations.DefaultBuildOperationRunner.execute(DefaultBuildOperationRunner.java:59)
	at org.gradle.internal.operations.DefaultBuildOperationRunner.call(DefaultBuildOperationRunner.java:53)
	at org.gradle.internal.operations.DefaultBuildOperationExecutor.call(DefaultBuildOperationExecutor.java:73)
	at org.gradle.internal.execution.steps.ExecuteStep.execute(ExecuteStep.java:56)
	at org.gradle.internal.execution.steps.ExecuteStep.execute(ExecuteStep.java:44)
	at org.gradle.internal.execution.steps.CancelExecutionStep.execute(CancelExecutionStep.java:41)
	at org.gradle.internal.execution.steps.TimeoutStep.executeWithoutTimeout(TimeoutStep.java:74)
	at org.gradle.internal.execution.steps.TimeoutStep.execute(TimeoutStep.java:55)
	at org.gradle.internal.execution.steps.PreCreateOutputParentsStep.execute(PreCreateOutputParentsStep.java:50)
	at org.gradle.internal.execution.steps.PreCreateOutputParentsStep.execute(PreCreateOutputParentsStep.java:28)
	at org.gradle.internal.execution.steps.RemovePreviousOutputsStep.execute(RemovePreviousOutputsStep.java:67)
	at org.gradle.internal.execution.steps.RemovePreviousOutputsStep.execute(RemovePreviousOutputsStep.java:37)
	at org.gradle.internal.execution.steps.BroadcastChangingOutputsStep.execute(BroadcastChangingOutputsStep.java:61)
	at org.gradle.internal.execution.steps.BroadcastChangingOutputsStep.execute(BroadcastChangingOutputsStep.java:26)
	at org.gradle.internal.execution.steps.CaptureOutputsAfterExecutionStep.execute(CaptureOutputsAfterExecutionStep.java:67)
	at org.gradle.internal.execution.steps.CaptureOutputsAfterExecutionStep.execute(CaptureOutputsAfterExecutionStep.java:45)
	at org.gradle.internal.execution.steps.ResolveInputChangesStep.execute(ResolveInputChangesStep.java:40)
	at org.gradle.internal.execution.steps.ResolveInputChangesStep.execute(ResolveInputChangesStep.java:29)
	at org.gradle.internal.execution.steps.BuildCacheStep.executeWithoutCache(BuildCacheStep.java:189)
	at org.gradle.internal.execution.steps.BuildCacheStep.executeAndStoreInCache(BuildCacheStep.java:145)
	at org.gradle.internal.execution.steps.BuildCacheStep.lambda$executeWithCache$4(BuildCacheStep.java:101)
	at org.gradle.internal.execution.steps.BuildCacheStep.lambda$executeWithCache$5(BuildCacheStep.java:101)
	at org.gradle.internal.Try$Success.map(Try.java:164)
	at org.gradle.internal.execution.steps.BuildCacheStep.executeWithCache(BuildCacheStep.java:85)
	at org.gradle.internal.execution.steps.BuildCacheStep.lambda$execute$0(BuildCacheStep.java:74)
	at org.gradle.internal.Either$Left.fold(Either.java:115)
	at org.gradle.internal.execution.caching.CachingState.fold(CachingState.java:62)
	at org.gradle.internal.execution.steps.BuildCacheStep.execute(BuildCacheStep.java:73)
	at org.gradle.internal.execution.steps.BuildCacheStep.execute(BuildCacheStep.java:48)
	at org.gradle.internal.execution.steps.StoreExecutionStateStep.execute(StoreExecutionStateStep.java:46)
	at org.gradle.internal.execution.steps.StoreExecutionStateStep.execute(StoreExecutionStateStep.java:35)
	at org.gradle.internal.execution.steps.SkipUpToDateStep.executeBecause(SkipUpToDateStep.java:76)
	at org.gradle.internal.execution.steps.SkipUpToDateStep.lambda$execute$2(SkipUpToDateStep.java:54)
	at org.gradle.internal.execution.steps.SkipUpToDateStep.execute(SkipUpToDateStep.java:54)
	at org.gradle.internal.execution.steps.SkipUpToDateStep.execute(SkipUpToDateStep.java:36)
	at org.gradle.internal.execution.steps.legacy.MarkSnapshottingInputsFinishedStep.execute(MarkSnapshottingInputsFinishedStep.java:37)
	at org.gradle.internal.execution.steps.legacy.MarkSnapshottingInputsFinishedStep.execute(MarkSnapshottingInputsFinishedStep.java:27)
	at org.gradle.internal.execution.steps.ResolveIncrementalCachingStateStep.executeDelegate(ResolveIncrementalCachingStateStep.java:49)
	at org.gradle.internal.execution.steps.ResolveIncrementalCachingStateStep.executeDelegate(ResolveIncrementalCachingStateStep.java:27)
	at org.gradle.internal.execution.steps.AbstractResolveCachingStateStep.execute(AbstractResolveCachingStateStep.java:71)
	at org.gradle.internal.execution.steps.AbstractResolveCachingStateStep.execute(AbstractResolveCachingStateStep.java:39)
	at org.gradle.internal.execution.steps.ResolveChangesStep.execute(ResolveChangesStep.java:65)
	at org.gradle.internal.execution.steps.ResolveChangesStep.execute(ResolveChangesStep.java:36)
	at org.gradle.internal.execution.steps.ValidateStep.execute(ValidateStep.java:106)
	at org.gradle.internal.execution.steps.ValidateStep.execute(ValidateStep.java:55)
	at org.gradle.internal.execution.steps.AbstractCaptureStateBeforeExecutionStep.execute(AbstractCaptureStateBeforeExecutionStep.java:64)
	at org.gradle.internal.execution.steps.AbstractCaptureStateBeforeExecutionStep.execute(AbstractCaptureStateBeforeExecutionStep.java:43)
	at org.gradle.internal.execution.steps.AbstractSkipEmptyWorkStep.executeWithNonEmptySources(AbstractSkipEmptyWorkStep.java:125)
	at org.gradle.internal.execution.steps.AbstractSkipEmptyWorkStep.execute(AbstractSkipEmptyWorkStep.java:61)
	at org.gradle.internal.execution.steps.AbstractSkipEmptyWorkStep.execute(AbstractSkipEmptyWorkStep.java:36)
	at org.gradle.internal.execution.steps.legacy.MarkSnapshottingInputsStartedStep.execute(MarkSnapshottingInputsStartedStep.java:38)
	at org.gradle.internal.execution.steps.LoadPreviousExecutionStateStep.execute(LoadPreviousExecutionStateStep.java:36)
	at org.gradle.internal.execution.steps.LoadPreviousExecutionStateStep.execute(LoadPreviousExecutionStateStep.java:23)
	at org.gradle.internal.execution.steps.HandleStaleOutputsStep.execute(HandleStaleOutputsStep.java:75)
	at org.gradle.internal.execution.steps.HandleStaleOutputsStep.execute(HandleStaleOutputsStep.java:41)
	at org.gradle.internal.execution.steps.AssignMutableWorkspaceStep.lambda$execute$0(AssignMutableWorkspaceStep.java:35)
	at org.gradle.api.internal.tasks.execution.TaskExecution$4.withWorkspace(TaskExecution.java:289)
	at org.gradle.internal.execution.steps.AssignMutableWorkspaceStep.execute(AssignMutableWorkspaceStep.java:31)
	at org.gradle.internal.execution.steps.AssignMutableWorkspaceStep.execute(AssignMutableWorkspaceStep.java:22)
	at org.gradle.internal.execution.steps.ChoosePipelineStep.execute(ChoosePipelineStep.java:40)
	at org.gradle.internal.execution.steps.ChoosePipelineStep.execute(ChoosePipelineStep.java:23)
	at org.gradle.internal.execution.steps.ExecuteWorkBuildOperationFiringStep.lambda$execute$2(ExecuteWorkBuildOperationFiringStep.java:67)
	at org.gradle.internal.execution.steps.ExecuteWorkBuildOperationFiringStep.execute(ExecuteWorkBuildOperationFiringStep.java:67)
	at org.gradle.internal.execution.steps.ExecuteWorkBuildOperationFiringStep.execute(ExecuteWorkBuildOperationFiringStep.java:39)
	at org.gradle.internal.execution.steps.IdentityCacheStep.execute(IdentityCacheStep.java:46)
	at org.gradle.internal.execution.steps.IdentityCacheStep.execute(IdentityCacheStep.java:34)
	at org.gradle.internal.execution.steps.IdentifyStep.execute(IdentifyStep.java:48)
	at org.gradle.internal.execution.steps.IdentifyStep.execute(IdentifyStep.java:35)
	at org.gradle.internal.execution.impl.DefaultExecutionEngine$1.execute(DefaultExecutionEngine.java:61)
	at org.gradle.api.internal.tasks.execution.ExecuteActionsTaskExecuter.executeIfValid(ExecuteActionsTaskExecuter.java:127)
	at org.gradle.api.internal.tasks.execution.ExecuteActionsTaskExecuter.execute(ExecuteActionsTaskExecuter.java:116)
	at org.gradle.api.internal.tasks.execution.FinalizePropertiesTaskExecuter.execute(FinalizePropertiesTaskExecuter.java:46)
	at org.gradle.api.internal.tasks.execution.ResolveTaskExecutionModeExecuter.execute(ResolveTaskExecutionModeExecuter.java:51)
	at org.gradle.api.internal.tasks.execution.SkipTaskWithNoActionsExecuter.execute(SkipTaskWithNoActionsExecuter.java:57)
	at org.gradle.api.internal.tasks.execution.SkipOnlyIfTaskExecuter.execute(SkipOnlyIfTaskExecuter.java:74)
	at org.gradle.api.internal.tasks.execution.CatchExceptionTaskExecuter.execute(CatchExceptionTaskExecuter.java:36)
	at org.gradle.api.internal.tasks.execution.EventFiringTaskExecuter$1.executeTask(EventFiringTaskExecuter.java:77)
	at org.gradle.api.internal.tasks.execution.EventFiringTaskExecuter$1.call(EventFiringTaskExecuter.java:55)
	at org.gradle.api.internal.tasks.execution.EventFiringTaskExecuter$1.call(EventFiringTaskExecuter.java:52)
	at org.gradle.internal.operations.DefaultBuildOperationRunner$CallableBuildOperationWorker.execute(DefaultBuildOperationRunner.java:200)
	at org.gradle.internal.operations.DefaultBuildOperationRunner$CallableBuildOperationWorker.execute(DefaultBuildOperationRunner.java:195)
	at org.gradle.internal.operations.DefaultBuildOperationRunner$2.execute(DefaultBuildOperationRunner.java:66)
	at org.gradle.internal.operations.DefaultBuildOperationRunner$2.execute(DefaultBuildOperationRunner.java:59)
	at org.gradle.internal.operations.DefaultBuildOperationRunner.execute(DefaultBuildOperationRunner.java:157)
	at org.gradle.internal.operations.DefaultBuildOperationRunner.execute(DefaultBuildOperationRunner.java:59)
	at org.gradle.internal.operations.DefaultBuildOperationRunner.call(DefaultBuildOperationRunner.java:53)
	at org.gradle.internal.operations.DefaultBuildOperationExecutor.call(DefaultBuildOperationExecutor.java:73)
	at org.gradle.api.internal.tasks.execution.EventFiringTaskExecuter.execute(EventFiringTaskExecuter.java:52)
	at org.gradle.execution.plan.LocalTaskNodeExecutor.execute(LocalTaskNodeExecutor.java:42)
	at org.gradle.execution.taskgraph.DefaultTaskExecutionGraph$InvokeNodeExecutorsAction.execute(DefaultTaskExecutionGraph.java:331)
	at org.gradle.execution.taskgraph.DefaultTaskExecutionGraph$InvokeNodeExecutorsAction.execute(DefaultTaskExecutionGraph.java:318)
	at org.gradle.execution.taskgraph.DefaultTaskExecutionGraph$BuildOperationAwareExecutionAction.lambda$execute$0(DefaultTaskExecutionGraph.java:314)
	at org.gradle.internal.operations.CurrentBuildOperationRef.with(CurrentBuildOperationRef.java:80)
	at org.gradle.execution.taskgraph.DefaultTaskExecutionGraph$BuildOperationAwareExecutionAction.execute(DefaultTaskExecutionGraph.java:314)
	at org.gradle.execution.taskgraph.DefaultTaskExecutionGraph$BuildOperationAwareExecutionAction.execute(DefaultTaskExecutionGraph.java:303)
	at org.gradle.execution.plan.DefaultPlanExecutor$ExecutorWorker.execute(DefaultPlanExecutor.java:463)
	at org.gradle.execution.plan.DefaultPlanExecutor$ExecutorWorker.run(DefaultPlanExecutor.java:380)
	at org.gradle.execution.plan.DefaultPlanExecutor.process(DefaultPlanExecutor.java:116)
	at org.gradle.execution.taskgraph.DefaultTaskExecutionGraph.executeWithServices(DefaultTaskExecutionGraph.java:138)
	at org.gradle.execution.taskgraph.DefaultTaskExecutionGraph.execute(DefaultTaskExecutionGraph.java:123)
	at org.gradle.execution.SelectedTaskExecutionAction.execute(SelectedTaskExecutionAction.java:35)
	at org.gradle.execution.DryRunBuildExecutionAction.execute(DryRunBuildExecutionAction.java:51)
	at org.gradle.execution.BuildOperationFiringBuildWorkerExecutor$ExecuteTasks.call(BuildOperationFiringBuildWorkerExecutor.java:54)
	at org.gradle.execution.BuildOperationFiringBuildWorkerExecutor$ExecuteTasks.call(BuildOperationFiringBuildWorkerExecutor.java:43)
	at org.gradle.internal.operations.DefaultBuildOperationRunner$CallableBuildOperationWorker.execute(DefaultBuildOperationRunner.java:200)
	at org.gradle.internal.operations.DefaultBuildOperationRunner$CallableBuildOperationWorker.execute(DefaultBuildOperationRunner.java:195)
	at org.gradle.internal.operations.DefaultBuildOperationRunner$2.execute(DefaultBuildOperationRunner.java:66)
	at org.gradle.internal.operations.DefaultBuildOperationRunner$2.execute(DefaultBuildOperationRunner.java:59)
	at org.gradle.internal.operations.DefaultBuildOperationRunner.execute(DefaultBuildOperationRunner.java:157)
	at org.gradle.internal.operations.DefaultBuildOperationRunner.execute(DefaultBuildOperationRunner.java:59)
	at org.gradle.internal.operations.DefaultBuildOperationRunner.call(DefaultBuildOperationRunner.java:53)
	at org.gradle.internal.operations.DefaultBuildOperationExecutor.call(DefaultBuildOperationExecutor.java:73)
	at org.gradle.execution.BuildOperationFiringBuildWorkerExecutor.execute(BuildOperationFiringBuildWorkerExecutor.java:40)
	at org.gradle.internal.build.DefaultBuildLifecycleController.lambda$executeTasks$10(DefaultBuildLifecycleController.java:313)
	at org.gradle.internal.model.StateTransitionController.doTransition(StateTransitionController.java:266)
	at org.gradle.internal.model.StateTransitionController.lambda$tryTransition$8(StateTransitionController.java:177)
	at org.gradle.internal.work.DefaultSynchronizer.withLock(DefaultSynchronizer.java:44)
	at org.gradle.internal.model.StateTransitionController.tryTransition(StateTransitionController.java:177)
	at org.gradle.internal.build.DefaultBuildLifecycleController.executeTasks(DefaultBuildLifecycleController.java:304)
	at org.gradle.internal.build.DefaultBuildWorkGraphController$DefaultBuildWorkGraph.runWork(DefaultBuildWorkGraphController.java:220)
	at org.gradle.internal.work.DefaultWorkerLeaseService.withLocks(DefaultWorkerLeaseService.java:264)
	at org.gradle.internal.work.DefaultWorkerLeaseService.runAsWorkerThread(DefaultWorkerLeaseService.java:128)
	at org.gradle.composite.internal.DefaultBuildController.doRun(DefaultBuildController.java:181)
	at org.gradle.composite.internal.DefaultBuildController.access$000(DefaultBuildController.java:50)
	at org.gradle.composite.internal.DefaultBuildController$BuildOpRunnable.lambda$run$0(DefaultBuildController.java:198)
	at org.gradle.internal.operations.CurrentBuildOperationRef.with(CurrentBuildOperationRef.java:80)
	at org.gradle.composite.internal.DefaultBuildController$BuildOpRunnable.run(DefaultBuildController.java:198)
	at org.gradle.internal.concurrent.ExecutorPolicy$CatchAndRecordFailures.onExecute(ExecutorPolicy.java:64)
	at org.gradle.internal.concurrent.AbstractManagedExecutor$1.run(AbstractManagedExecutor.java:47)
Caused by: org.jetbrains.kotlin.gradle.tasks.CompilationErrorException: Compilation error. See log for more details
	at org.jetbrains.kotlin.gradle.tasks.TasksUtilsKt.throwExceptionIfCompilationFailed(tasksUtils.kt:20)
	at org.jetbrains.kotlin.compilerRunner.GradleKotlinCompilerWork.run(GradleKotlinCompilerWork.kt:141)
	at org.jetbrains.kotlin.compilerRunner.GradleCompilerRunnerWithWorkers$GradleKotlinCompilerWorkAction.execute(GradleCompilerRunnerWithWorkers.kt:73)
	at org.gradle.workers.internal.DefaultWorkerServer.execute(DefaultWorkerServer.java:63)
	at org.gradle.workers.internal.NoIsolationWorkerFactory$1$1.create(NoIsolationWorkerFactory.java:66)
	at org.gradle.workers.internal.NoIsolationWorkerFactory$1$1.create(NoIsolationWorkerFactory.java:62)
	at org.gradle.internal.classloader.ClassLoaderUtils.executeInClassloader(ClassLoaderUtils.java:100)
	at org.gradle.workers.internal.NoIsolationWorkerFactory$1.lambda$execute$0(NoIsolationWorkerFactory.java:62)
	at org.gradle.workers.internal.AbstractWorker$1.call(AbstractWorker.java:44)
	at org.gradle.workers.internal.AbstractWorker$1.call(AbstractWorker.java:41)
	at org.gradle.internal.operations.DefaultBuildOperationRunner$CallableBuildOperationWorker.execute(DefaultBuildOperationRunner.java:200)
	at org.gradle.internal.operations.DefaultBuildOperationRunner$CallableBuildOperationWorker.execute(DefaultBuildOperationRunner.java:195)
	at org.gradle.internal.operations.DefaultBuildOperationRunner$2.execute(DefaultBuildOperationRunner.java:66)
	at org.gradle.internal.operations.DefaultBuildOperationRunner$2.execute(DefaultBuildOperationRunner.java:59)
	at org.gradle.internal.operations.DefaultBuildOperationRunner.execute(DefaultBuildOperationRunner.java:157)
	at org.gradle.internal.operations.DefaultBuildOperationRunner.execute(DefaultBuildOperationRunner.java:59)
	at org.gradle.internal.operations.DefaultBuildOperationRunner.call(DefaultBuildOperationRunner.java:53)
	at org.gradle.internal.operations.DefaultBuildOperationExecutor.call(DefaultBuildOperationExecutor.java:73)
	at org.gradle.workers.internal.AbstractWorker.executeWrappedInBuildOperation(AbstractWorker.java:41)
	at org.gradle.workers.internal.NoIsolationWorkerFactory$1.execute(NoIsolationWorkerFactory.java:59)
	at org.gradle.workers.internal.DefaultWorkerExecutor.lambda$submitWork$0(DefaultWorkerExecutor.java:174)
	at org.gradle.internal.work.DefaultConditionalExecutionQueue$ExecutionRunner.runExecution(DefaultConditionalExecutionQueue.java:187)
	at org.gradle.internal.work.DefaultConditionalExecutionQueue$ExecutionRunner.access$700(DefaultConditionalExecutionQueue.java:120)
	at org.gradle.internal.work.DefaultConditionalExecutionQueue$ExecutionRunner$1.run(DefaultConditionalExecutionQueue.java:162)
	at org.gradle.internal.Factories$1.create(Factories.java:31)
	at org.gradle.internal.work.DefaultWorkerLeaseService.withLocks(DefaultWorkerLeaseService.java:264)
	at org.gradle.internal.work.DefaultWorkerLeaseService.runAsWorkerThread(DefaultWorkerLeaseService.java:128)
	at org.gradle.internal.work.DefaultWorkerLeaseService.runAsWorkerThread(DefaultWorkerLeaseService.java:133)
	at org.gradle.internal.work.DefaultConditionalExecutionQueue$ExecutionRunner.runBatch(DefaultConditionalExecutionQueue.java:157)
	at org.gradle.internal.work.DefaultConditionalExecutionQueue$ExecutionRunner.run(DefaultConditionalExecutionQueue.java:126)
	... 2 more


BUILD FAILED in 3m 50s
22 actionable tasks: 22 executed
==================================================
SHARD: native-dsp
DESCRIPTION: KissFFT 2048 STFT, Krumhansl Key, Ellis BPM & EBU R128 LUFS
STATUS: PASSED ✅
==================================================

[TEST] Starting Native DSP Test Suite...
[TEST] Phase 1: Native DSP, Audiophile Fidelity & 32-Peer Jam
  - Phase1/BS.1770: calibration anchors
  - Phase1/BS.1770: dual gating
  - Phase1/normalize: -8 LUFS -> -14 target
  - Phase1/limiter: true-peak ceiling + inter-sample
  - Phase1/channels: constant-power balance + mono
  - Phase1/ring: SPSC correctness
  - Phase1/mix: 32-peer pool + saturation
  - Phase1/silentPLL: bypass + PTP lock + takeover
  - Phase1/chain: end-to-end -14 LUFS @ -1 dBTP
  - Phase1/perf: zero-alloc hot paths
  - Phase1/perf: zero-alloc audit PASSED
[TEST] Phase 1: all 218 checks passed
[TEST] Phase 2: Harmonic Transition Engine, Candidate Fast-Math & Circadian Curves
  [harmonic] candidate ID hashing
  [harmonic] candidate dedup kernels
  [harmonic] Camelot key transition matrix
  [harmonic] BPM transition + combined coefficient
  [harmonic] circadian daypart curves
    (24h max per-second jump: 6.44e-05)
  [harmonic] perf budgets + zero-alloc audit
    (256x256 masks+union: 20.5 us, best of 5)
    (bulk hash 20k x 21-char ids: 422 us)
[TEST] Phase 2: all 150 checks passed (0 failed)
  - SoftKneeLimiter transient pass-through: PASSED
  - SoftKneeLimiter sustained soft-knee limit: PASSED
  - SoftKneeLimiter short limit: PASSED
  - LufsNormalizer: PASSED
  - KissFFTR 1024 Transform: PASSED
[TEST] All Native DSP Tests Passed Successfully! (ASan/UBSan Verified)
==================================================
SHARD: native-libfuzzer
DESCRIPTION: Deep LibFuzzer Crash Hunt
STATUS: PASSED ✅
==================================================

INFO: Running with entropic power schedule (0xFF, 100).
INFO: Seed: 3382700548
INFO: Loaded 1 modules   (2896 inline 8-bit counters): 2896 [0x563206ff1ef8, 0x563206ff2a48), 
INFO: Loaded 1 PC tables (2896 PCs): 2896 [0x563206ff2a48,0x563206ffdf48), 
INFO:        0 files found in ../fuzz/corpus
INFO: A corpus is not provided, starting from an empty corpus
#2	INITED cov: 2 ft: 2 corp: 1/1b exec/s: 0 rss: 43Mb
	NEW_FUNC[1/32]: 0x563206f7b230 in std::_Vector_base<float, std::allocator<float>>::_M_create_storage(unsigned long) /usr/bin/../lib/gcc/x86_64-linux-gnu/14/../../../../include/c++/14/bits/stl_vector.h:397
	NEW_FUNC[2/32]: 0x563206f7aee8 in float* std::__uninitialized_default_n_1<true>::__uninit_default_n<float*, unsigned long>(float*, unsigned long) /usr/bin/../lib/gcc/x86_64-linux-gnu/14/../../../../include/c++/14/bits/stl_uninitialized.h:661
#1353	NEW    cov: 390 ft: 391 corp: 2/17b lim: 17 exec/s: 0 rss: 50Mb L: 16/16 MS: 5 CrossOver-InsertRepeatedBytes-CrossOver-CrossOver-InsertByte-
#1354	NEW    cov: 393 ft: 403 corp: 3/33b lim: 17 exec/s: 0 rss: 50Mb L: 16/16 MS: 1 ChangeBit-
#1366	NEW    cov: 395 ft: 406 corp: 4/49b lim: 17 exec/s: 0 rss: 51Mb L: 16/16 MS: 2 ChangeBit-ChangeBinInt-
	NEW_FUNC[1/1]: 0x563206f7a858 in float* std::__copy_move<false, true, std::random_access_iterator_tag>::__copy_m<float const, float>(float const*, float const*, float*) /usr/bin/../lib/gcc/x86_64-linux-gnu/14/../../../../include/c++/14/bits/stl_algobase.h:449
#1370	NEW    cov: 410 ft: 489 corp: 5/66b lim: 17 exec/s: 0 rss: 51Mb L: 17/17 MS: 4 CopyPart-CMP-ChangeByte-InsertRepeatedBytes- DE: "\377\377\377\377\377\377\377\017"-
#1380	NEW    cov: 410 ft: 490 corp: 6/82b lim: 17 exec/s: 0 rss: 51Mb L: 16/17 MS: 5 ChangeBit-CopyPart-CrossOver-InsertByte-PersAutoDict- DE: "\377\377\377\377\377\377\377\017"-
#1381	NEW    cov: 414 ft: 494 corp: 7/99b lim: 17 exec/s: 0 rss: 51Mb L: 17/17 MS: 1 ChangeBit-
#1394	NEW    cov: 416 ft: 499 corp: 8/116b lim: 17 exec/s: 0 rss: 51Mb L: 17/17 MS: 3 ChangeByte-ShuffleBytes-ChangeBit-
#1418	NEW    cov: 416 ft: 502 corp: 9/133b lim: 17 exec/s: 0 rss: 51Mb L: 17/17 MS: 4 ChangeBit-ShuffleBytes-CopyPart-CrossOver-
#1427	NEW    cov: 417 ft: 503 corp: 10/150b lim: 17 exec/s: 0 rss: 51Mb L: 17/17 MS: 4 ChangeBit-ShuffleBytes-ChangeByte-ShuffleBytes-
#1431	NEW    cov: 418 ft: 504 corp: 11/167b lim: 17 exec/s: 0 rss: 51Mb L: 17/17 MS: 4 ShuffleBytes-ChangeBit-ChangeByte-ShuffleBytes-
#1470	NEW    cov: 418 ft: 505 corp: 12/183b lim: 17 exec/s: 0 rss: 51Mb L: 16/17 MS: 4 ChangeBinInt-ChangeBinInt-CMP-PersAutoDict- DE: "\031\000"-"\377\377\377\377\377\377\377\017"-
#1482	NEW    cov: 428 ft: 515 corp: 13/199b lim: 17 exec/s: 0 rss: 51Mb L: 16/17 MS: 2 ChangeBit-PersAutoDict- DE: "\031\000"-
#1487	NEW    cov: 428 ft: 518 corp: 14/216b lim: 17 exec/s: 0 rss: 51Mb L: 17/17 MS: 5 ChangeBit-ShuffleBytes-CopyPart-CrossOver-CopyPart-
#1503	NEW    cov: 428 ft: 521 corp: 15/233b lim: 17 exec/s: 0 rss: 52Mb L: 17/17 MS: 1 CopyPart-
#1529	NEW    cov: 429 ft: 525 corp: 16/250b lim: 17 exec/s: 0 rss: 52Mb L: 17/17 MS: 1 ChangeASCIIInt-
#1553	NEW    cov: 429 ft: 526 corp: 17/267b lim: 17 exec/s: 0 rss: 52Mb L: 17/17 MS: 4 ChangeBinInt-ChangeBinInt-CrossOver-PersAutoDict- DE: "\377\377\377\377\377\377\377\017"-
#1559	NEW    cov: 430 ft: 527 corp: 18/283b lim: 17 exec/s: 0 rss: 52Mb L: 16/17 MS: 1 CopyPart-
#1662	NEW    cov: 430 ft: 530 corp: 19/300b lim: 17 exec/s: 0 rss: 52Mb L: 17/17 MS: 3 ChangeByte-CrossOver-CopyPart-
#1731	REDUCE cov: 430 ft: 530 corp: 19/299b lim: 17 exec/s: 0 rss: 53Mb L: 16/17 MS: 4 CopyPart-CopyPart-ChangeByte-EraseBytes-
#2137	NEW    cov: 434 ft: 544 corp: 20/319b lim: 21 exec/s: 0 rss: 54Mb L: 20/20 MS: 1 InsertRepeatedBytes-
#2154	NEW    cov: 434 ft: 566 corp: 21/339b lim: 21 exec/s: 0 rss: 54Mb L: 20/20 MS: 2 ChangeBinInt-InsertRepeatedBytes-
	NEW_FUNC[1/4]: 0x563206fa0618 in streamify::math::hashCandidateIdReference(char const*, unsigned int, unsigned long) /home/runner/work/streamify-apk/streamify-apk/native/math/CandidateHasher.cc:265
	NEW_FUNC[2/4]: 0x563206fa0a78 in streamify::math::(anonymous namespace)::mixTail(char const*&, unsigned int&, unsigned long&) /home/runner/work/streamify-apk/streamify-apk/native/math/CandidateHasher.cc:60
#2560	NEW    cov: 470 ft: 632 corp: 22/363b lim: 25 exec/s: 0 rss: 56Mb L: 24/24 MS: 1 PersAutoDict- DE: "\377\377\377\377\377\377\377\017"-
#2588	NEW    cov: 471 ft: 642 corp: 23/387b lim: 25 exec/s: 0 rss: 56Mb L: 24/24 MS: 3 ShuffleBytes-CopyPart-InsertRepeatedBytes-
#2616	NEW    cov: 472 ft: 644 corp: 24/412b lim: 25 exec/s: 0 rss: 56Mb L: 25/25 MS: 3 CopyPart-ChangeByte-InsertRepeatedBytes-
#2707	NEW    cov: 472 ft: 646 corp: 25/437b lim: 25 exec/s: 0 rss: 57Mb L: 25/25 MS: 1 CMP- DE: "\035\000\000\000\000\000\000\000"-
#2800	NEW    cov: 473 ft: 648 corp: 26/461b lim: 25 exec/s: 0 rss: 57Mb L: 24/25 MS: 3 CrossOver-CopyPart-InsertRepeatedBytes-
#2928	REDUCE cov: 473 ft: 648 corp: 26/460b lim: 25 exec/s: 0 rss: 58Mb L: 24/25 MS: 3 ChangeByte-EraseBytes-InsertByte-
#3072	NEW    cov: 474 ft: 649 corp: 27/485b lim: 25 exec/s: 0 rss: 59Mb L: 25/25 MS: 4 ChangeBit-ChangeBit-ChangeBinInt-InsertByte-
#3138	REDUCE cov: 474 ft: 649 corp: 27/484b lim: 25 exec/s: 0 rss: 59Mb L: 16/25 MS: 1 EraseBytes-
#3308	NEW    cov: 474 ft: 652 corp: 28/508b lim: 25 exec/s: 0 rss: 60Mb L: 24/25 MS: 5 InsertByte-ChangeByte-InsertByte-ChangeBinInt-CrossOver-
	NEW_FUNC[1/5]: 0x563206f893a0 in SoftKneeLimiter::truePeakAt(float const*, int, int, int, float const (&) [8][25]) const /home/runner/work/streamify-apk/streamify-apk/native/dsp/SoftKneeLimiter.cc:198
	NEW_FUNC[2/5]: 0x563206fa1e78 in streamify::math::classifyKeyTransition(int, bool, int, bool) /home/runner/work/streamify-apk/streamify-apk/native/math/HarmonicTransitionEngine.cc:41
#3727	REDUCE cov: 524 ft: 712 corp: 29/537b lim: 29 exec/s: 0 rss: 62Mb L: 29/29 MS: 4 ChangeBit-InsertRepeatedBytes-InsertByte-PersAutoDict- DE: "\377\377\377\377\377\377\377\017"-
#3728	NEW    cov: 524 ft: 727 corp: 30/563b lim: 29 exec/s: 0 rss: 62Mb L: 26/29 MS: 1 CrossOver-
#3735	NEW    cov: 524 ft: 728 corp: 31/589b lim: 29 exec/s: 0 rss: 62Mb L: 26/29 MS: 2 EraseBytes-CMP- DE: "\001\000"-
#3738	NEW    cov: 531 ft: 737 corp: 32/617b lim: 29 exec/s: 0 rss: 62Mb L: 28/29 MS: 3 PersAutoDict-InsertByte-CopyPart- DE: "\031\000"-
#3740	NEW    cov: 531 ft: 738 corp: 33/646b lim: 29 exec/s: 0 rss: 62Mb L: 29/29 MS: 2 InsertByte-InsertRepeatedBytes-
#3802	NEW    cov: 533 ft: 741 corp: 34/674b lim: 29 exec/s: 0 rss: 62Mb L: 28/29 MS: 2 ChangeBinInt-PersAutoDict- DE: "\377\377\377\377\377\377\377\017"-
#3804	NEW    cov: 535 ft: 743 corp: 35/703b lim: 29 exec/s: 0 rss: 62Mb L: 29/29 MS: 2 ShuffleBytes-InsertRepeatedBytes-
#3851	NEW    cov: 539 ft: 747 corp: 36/732b lim: 29 exec/s: 0 rss: 63Mb L: 29/29 MS: 2 CopyPart-InsertRepeatedBytes-
#3937	NEW    cov: 544 ft: 754 corp: 37/760b lim: 29 exec/s: 0 rss: 63Mb L: 28/29 MS: 1 InsertRepeatedBytes-
#3980	NEW    cov: 544 ft: 757 corp: 38/789b lim: 29 exec/s: 0 rss: 63Mb L: 29/29 MS: 3 CrossOver-EraseBytes-CrossOver-
#4019	NEW    cov: 546 ft: 759 corp: 39/817b lim: 29 exec/s: 0 rss: 63Mb L: 28/29 MS: 4 ChangeByte-ChangeBit-ChangeASCIIInt-InsertRepeatedBytes-
#4130	REDUCE cov: 546 ft: 759 corp: 39/816b lim: 29 exec/s: 0 rss: 64Mb L: 24/29 MS: 1 EraseBytes-
#4198	NEW    cov: 548 ft: 761 corp: 40/845b lim: 29 exec/s: 0 rss: 64Mb L: 29/29 MS: 3 CMP-ShuffleBytes-CrossOver- DE: "\377\377~\374r\333\351p"-
#4272	REDUCE cov: 548 ft: 761 corp: 40/844b lim: 29 exec/s: 0 rss: 65Mb L: 28/29 MS: 4 CrossOver-ShuffleBytes-CopyPart-EraseBytes-
#4315	REDUCE cov: 549 ft: 762 corp: 41/870b lim: 29 exec/s: 0 rss: 65Mb L: 26/29 MS: 3 ChangeBit-ShuffleBytes-CMP- DE: "\377\232"-
#4340	NEW    cov: 551 ft: 764 corp: 42/899b lim: 29 exec/s: 0 rss: 65Mb L: 29/29 MS: 5 CrossOver-ShuffleBytes-CrossOver-ChangeASCIIInt-InsertRepeatedBytes-
#4370	NEW    cov: 553 ft: 766 corp: 43/928b lim: 29 exec/s: 0 rss: 65Mb L: 29/29 MS: 5 CMP-ChangeBinInt-PersAutoDict-CopyPart-CMP- DE: "\026\000"-"\377\232"-"\000\000\000\000\000\000\000#"-
#4446	NEW    cov: 554 ft: 767 corp: 44/957b lim: 29 exec/s: 0 rss: 66Mb L: 29/29 MS: 1 CrossOver-
#4488	NEW    cov: 566 ft: 779 corp: 45/986b lim: 29 exec/s: 0 rss: 66Mb L: 29/29 MS: 2 ShuffleBytes-ChangeBit-
#4495	NEW    cov: 566 ft: 780 corp: 46/1014b lim: 29 exec/s: 0 rss: 66Mb L: 28/29 MS: 2 ChangeBit-ChangeByte-
#4500	NEW    cov: 566 ft: 781 corp: 47/1043b lim: 29 exec/s: 0 rss: 66Mb L: 29/29 MS: 5 CopyPart-CrossOver-ChangeByte-ShuffleBytes-CopyPart-
#4645	NEW    cov: 566 ft: 782 corp: 48/1069b lim: 29 exec/s: 0 rss: 67Mb L: 26/29 MS: 5 CrossOver-InsertRepeatedBytes-ChangeBit-ChangeBinInt-ChangeBinInt-
#5055	NEW    cov: 567 ft: 793 corp: 49/1099b lim: 33 exec/s: 0 rss: 69Mb L: 30/30 MS: 5 CMP-InsertRepeatedBytes-CopyPart-CopyPart-InsertByte- DE: "\030\000\000\000\000\000\000\000"-
#5065	NEW    cov: 589 ft: 947 corp: 50/1131b lim: 33 exec/s: 0 rss: 69Mb L: 32/32 MS: 5 ChangeBinInt-ShuffleBytes-CrossOver-ShuffleBytes-InsertByte-
#5071	NEW    cov: 591 ft: 957 corp: 51/1164b lim: 33 exec/s: 0 rss: 69Mb L: 33/33 MS: 1 CrossOver-
#5072	NEW    cov: 591 ft: 958 corp: 52/1197b lim: 33 exec/s: 0 rss: 69Mb L: 33/33 MS: 1 InsertRepeatedBytes-
#5076	NEW    cov: 591 ft: 960 corp: 53/1229b lim: 33 exec/s: 0 rss: 69Mb L: 32/33 MS: 4 CopyPart-InsertRepeatedBytes-ChangeBit-InsertRepeatedBytes-
#5092	REDUCE cov: 591 ft: 961 corp: 54/1261b lim: 33 exec/s: 0 rss: 69Mb L: 32/33 MS: 1 PersAutoDict- DE: "\377\377~\374r\333\351p"-
#5135	NEW    cov: 591 ft: 962 corp: 55/1294b lim: 33 exec/s: 0 rss: 69Mb L: 33/33 MS: 3 ChangeByte-InsertRepeatedBytes-ChangeBinInt-
#5152	NEW    cov: 591 ft: 963 corp: 56/1326b lim: 33 exec/s: 0 rss: 69Mb L: 32/33 MS: 2 ShuffleBytes-PersAutoDict- DE: "\377\377\377\377\377\377\377\017"-
#5170	NEW    cov: 592 ft: 968 corp: 57/1359b lim: 33 exec/s: 0 rss: 69Mb L: 33/33 MS: 3 ChangeBit-CrossOver-CrossOver-
#5173	NEW    cov: 592 ft: 969 corp: 58/1392b lim: 33 exec/s: 0 rss: 69Mb L: 33/33 MS: 3 InsertRepeatedBytes-ChangeByte-CopyPart-
#5195	NEW    cov: 592 ft: 971 corp: 59/1424b lim: 33 exec/s: 0 rss: 70Mb L: 32/33 MS: 2 InsertRepeatedBytes-ChangeBinInt-
#5201	NEW    cov: 592 ft: 972 corp: 60/1457b lim: 33 exec/s: 0 rss: 70Mb L: 33/33 MS: 1 CopyPart-
#5217	NEW    cov: 592 ft: 973 corp: 61/1490b lim: 33 exec/s: 0 rss: 70Mb L: 33/33 MS: 1 InsertRepeatedBytes-
#5251	REDUCE cov: 593 ft: 974 corp: 62/1522b lim: 33 exec/s: 0 rss: 70Mb L: 32/33 MS: 4 CopyPart-ChangeBit-CrossOver-ShuffleBytes-
#5262	NEW    cov: 593 ft: 984 corp: 63/1554b lim: 33 exec/s: 0 rss: 70Mb L: 32/33 MS: 1 InsertRepeatedBytes-
#5377	NEW    cov: 593 ft: 985 corp: 64/1586b lim: 33 exec/s: 0 rss: 71Mb L: 32/33 MS: 5 InsertByte-InsertByte-CopyPart-ChangeBit-CopyPart-
#5391	NEW    cov: 593 ft: 986 corp: 65/1618b lim: 33 exec/s: 0 rss: 71Mb L: 32/33 MS: 4 ChangeByte-EraseBytes-InsertByte-PersAutoDict- DE: "\000\000\000\000\000\000\000#"-
#5424	NEW    cov: 593 ft: 988 corp: 66/1651b lim: 33 exec/s: 0 rss: 71Mb L: 33/33 MS: 3 ChangeASCIIInt-ShuffleBytes-ChangeBit-
#5471	NEW    cov: 593 ft: 989 corp: 67/1684b lim: 33 exec/s: 0 rss: 71Mb L: 33/33 MS: 2 ShuffleBytes-ChangeBinInt-
#5689	REDUCE cov: 593 ft: 989 corp: 67/1683b lim: 33 exec/s: 0 rss: 72Mb L: 16/33 MS: 3 PersAutoDict-CrossOver-PersAutoDict- DE: "\001\000"-"\026\000"-
#5798	REDUCE cov: 593 ft: 989 corp: 67/1681b lim: 33 exec/s: 0 rss: 73Mb L: 31/33 MS: 4 ChangeBit-ShuffleBytes-ChangeASCIIInt-EraseBytes-
#5825	NEW    cov: 593 ft: 990 corp: 68/1711b lim: 33 exec/s: 0 rss: 73Mb L: 30/33 MS: 2 InsertByte-PersAutoDict- DE: "\035\000\000\000\000\000\000\000"-
#5941	REDUCE cov: 594 ft: 991 corp: 69/1744b lim: 33 exec/s: 0 rss: 73Mb L: 33/33 MS: 1 InsertRepeatedBytes-
	NEW_FUNC[1/1]: 0x563206fa2c58 in streamify::math::circadianWeights(float) /home/runner/work/streamify-apk/streamify-apk/native/math/CircadianCurves.cc:32
#6448	NEW    cov: 619 ft: 1057 corp: 70/1782b lim: 38 exec/s: 0 rss: 76Mb L: 38/38 MS: 2 ChangeBinInt-CrossOver-
#6454	NEW    cov: 621 ft: 1065 corp: 71/1818b lim: 38 exec/s: 0 rss: 76Mb L: 36/38 MS: 1 InsertRepeatedBytes-
#6482	NEW    cov: 630 ft: 1076 corp: 72/1856b lim: 38 exec/s: 0 rss: 76Mb L: 38/38 MS: 3 ChangeByte-InsertRepeatedBytes-CrossOver-
#6483	NEW    cov: 633 ft: 1095 corp: 73/1893b lim: 38 exec/s: 0 rss: 76Mb L: 37/38 MS: 1 PersAutoDict- DE: "\000\000\000\000\000\000\000#"-
#6485	NEW    cov: 633 ft: 1100 corp: 74/1931b lim: 38 exec/s: 0 rss: 76Mb L: 38/38 MS: 2 InsertByte-PersAutoDict- DE: "\035\000\000\000\000\000\000\000"-
#6566	NEW    cov: 634 ft: 1110 corp: 75/1969b lim: 38 exec/s: 0 rss: 77Mb L: 38/38 MS: 1 CrossOver-
#6584	REDUCE cov: 634 ft: 1110 corp: 75/1968b lim: 38 exec/s: 0 rss: 77Mb L: 28/38 MS: 3 InsertByte-InsertRepeatedBytes-EraseBytes-
#6645	NEW    cov: 634 ft: 1111 corp: 76/2005b lim: 38 exec/s: 0 rss: 77Mb L: 37/38 MS: 1 CrossOver-
#6669	NEW    cov: 637 ft: 1114 corp: 77/2033b lim: 38 exec/s: 0 rss: 77Mb L: 28/38 MS: 4 CrossOver-EraseBytes-EraseBytes-ChangeBinInt-
#6679	NEW    cov: 637 ft: 1115 corp: 78/2070b lim: 38 exec/s: 0 rss: 77Mb L: 37/38 MS: 5 ChangeBit-ChangeBit-ChangeBinInt-CopyPart-CrossOver-
#6707	REDUCE cov: 637 ft: 1118 corp: 79/2105b lim: 38 exec/s: 0 rss: 78Mb L: 35/38 MS: 3 ShuffleBytes-ChangeASCIIInt-InsertRepeatedBytes-
#6723	REDUCE cov: 637 ft: 1118 corp: 79/2095b lim: 38 exec/s: 0 rss: 78Mb L: 25/38 MS: 1 EraseBytes-
#6935	NEW    cov: 637 ft: 1120 corp: 80/2133b lim: 38 exec/s: 0 rss: 79Mb L: 38/38 MS: 2 InsertRepeatedBytes-InsertRepeatedBytes-
#7183	REDUCE cov: 637 ft: 1120 corp: 80/2132b lim: 38 exec/s: 0 rss: 80Mb L: 28/38 MS: 3 ChangeByte-ChangeBit-EraseBytes-
#7691	NEW    cov: 637 ft: 1133 corp: 81/2172b lim: 43 exec/s: 7691 rss: 84Mb L: 40/40 MS: 3 InsertByte-ShuffleBytes-CopyPart-
#7692	NEW    cov: 637 ft: 1138 corp: 82/2215b lim: 43 exec/s: 7692 rss: 84Mb L: 43/43 MS: 1 InsertRepeatedBytes-
#7739	NEW    cov: 637 ft: 1139 corp: 83/2258b lim: 43 exec/s: 7739 rss: 84Mb L: 43/43 MS: 2 PersAutoDict-CMP- DE: "\030\000\000\000\000\000\000\000"-"\003\000\000\000\000\000\000\000"-
#7751	REDUCE cov: 637 ft: 1140 corp: 84/2284b lim: 43 exec/s: 7751 rss: 84Mb L: 26/43 MS: 2 ChangeBinInt-EraseBytes-
#7757	NEW    cov: 637 ft: 1141 corp: 85/2316b lim: 43 exec/s: 7757 rss: 84Mb L: 32/43 MS: 1 CrossOver-
#7825	NEW    cov: 637 ft: 1142 corp: 86/2356b lim: 43 exec/s: 7825 rss: 85Mb L: 40/43 MS: 3 ChangeBit-InsertByte-CrossOver-
#7827	NEW    cov: 637 ft: 1143 corp: 87/2399b lim: 43 exec/s: 7827 rss: 85Mb L: 43/43 MS: 2 ChangeByte-CopyPart-
#7894	NEW    cov: 639 ft: 1145 corp: 88/2441b lim: 43 exec/s: 7894 rss: 85Mb L: 42/43 MS: 2 InsertByte-InsertByte-
#7925	REDUCE cov: 639 ft: 1145 corp: 88/2429b lim: 43 exec/s: 7925 rss: 85Mb L: 30/43 MS: 1 EraseBytes-
#8020	NEW    cov: 639 ft: 1153 corp: 89/2472b lim: 43 exec/s: 8020 rss: 86Mb L: 43/43 MS: 5 InsertRepeatedBytes-ChangeByte-ChangeASCIIInt-ChangeASCIIInt-InsertRepeatedBytes-
#8024	NEW    cov: 639 ft: 1155 corp: 90/2514b lim: 43 exec/s: 8024 rss: 86Mb L: 42/43 MS: 4 PersAutoDict-ChangeByte-PersAutoDict-InsertRepeatedBytes- DE: "\001\000"-"\030\000\000\000\000\000\000\000"-
#8506	REDUCE cov: 639 ft: 1155 corp: 90/2511b lim: 43 exec/s: 8506 rss: 88Mb L: 40/43 MS: 2 EraseBytes-InsertRepeatedBytes-
#8555	NEW    cov: 639 ft: 1158 corp: 91/2553b lim: 43 exec/s: 8555 rss: 89Mb L: 42/43 MS: 4 ChangeBit-InsertRepeatedBytes-ShuffleBytes-InsertRepeatedBytes-
#8562	NEW    cov: 639 ft: 1159 corp: 92/2594b lim: 43 exec/s: 8562 rss: 89Mb L: 41/43 MS: 2 EraseBytes-InsertRepeatedBytes-
#8647	NEW    cov: 639 ft: 1160 corp: 93/2634b lim: 43 exec/s: 8647 rss: 89Mb L: 40/43 MS: 5 ChangeBit-ShuffleBytes-CrossOver-ChangeBit-CopyPart-
#8693	NEW    cov: 639 ft: 1161 corp: 94/2672b lim: 43 exec/s: 8693 rss: 89Mb L: 38/43 MS: 1 InsertRepeatedBytes-
#9130	NEW    cov: 639 ft: 1163 corp: 95/2715b lim: 43 exec/s: 9130 rss: 92Mb L: 43/43 MS: 2 ChangeByte-CopyPart-
#9142	NEW    cov: 639 ft: 1164 corp: 96/2752b lim: 43 exec/s: 9142 rss: 92Mb L: 37/43 MS: 2 ChangeBit-InsertRepeatedBytes-
#9489	NEW    cov: 639 ft: 1165 corp: 97/2793b lim: 43 exec/s: 9489 rss: 94Mb L: 41/43 MS: 2 PersAutoDict-CopyPart- DE: "\030\000\000\000\000\000\000\000"-
#9659	NEW    cov: 639 ft: 1167 corp: 98/2833b lim: 43 exec/s: 9659 rss: 95Mb L: 40/43 MS: 5 ChangeByte-ChangeBinInt-EraseBytes-InsertRepeatedBytes-CMP- DE: "\032\000"-
#9700	REDUCE cov: 639 ft: 1167 corp: 98/2832b lim: 43 exec/s: 9700 rss: 95Mb L: 16/43 MS: 1 EraseBytes-
#9824	REDUCE cov: 639 ft: 1167 corp: 98/2831b lim: 43 exec/s: 9824 rss: 95Mb L: 16/43 MS: 4 EraseBytes-InsertByte-ShuffleBytes-InsertByte-
#10357	NEW    cov: 639 ft: 1170 corp: 99/2877b lim: 48 exec/s: 10357 rss: 98Mb L: 46/46 MS: 3 InsertRepeatedBytes-ChangeByte-PersAutoDict- DE: "\377\377\377\377\377\377\377\017"-
#10361	REDUCE cov: 639 ft: 1175 corp: 100/2923b lim: 48 exec/s: 10361 rss: 98Mb L: 46/46 MS: 4 CopyPart-CMP-ChangeBit-PersAutoDict- DE: "\000\000\000\000\000\000\000\000"-"\030\000\000\000\000\000\000\000"-
#10367	NEW    cov: 639 ft: 1176 corp: 101/2971b lim: 48 exec/s: 10367 rss: 98Mb L: 48/48 MS: 1 InsertRepeatedBytes-
#10385	NEW    cov: 639 ft: 1180 corp: 102/3016b lim: 48 exec/s: 10385 rss: 98Mb L: 45/48 MS: 3 CrossOver-ShuffleBytes-CMP- DE: "\004\000\000\000"-
#10470	NEW    cov: 639 ft: 1188 corp: 103/3064b lim: 48 exec/s: 10470 rss: 99Mb L: 48/48 MS: 5 CMP-ChangeBinInt-CopyPart-InsertRepeatedBytes-InsertRepeatedBytes- DE: "\377\377\377\377\377\377\377\377"-
#10597	REDUCE cov: 639 ft: 1188 corp: 103/3060b lim: 48 exec/s: 10597 rss: 100Mb L: 34/48 MS: 2 ChangeBit-EraseBytes-
#10724	REDUCE cov: 639 ft: 1188 corp: 103/3059b lim: 48 exec/s: 10724 rss: 100Mb L: 28/48 MS: 2 EraseBytes-InsertByte-
#10942	REDUCE cov: 639 ft: 1188 corp: 103/3058b lim: 48 exec/s: 10942 rss: 101Mb L: 30/48 MS: 3 InsertRepeatedBytes-ChangeByte-CrossOver-
#11024	REDUCE cov: 639 ft: 1188 corp: 103/3057b lim: 48 exec/s: 11024 rss: 102Mb L: 44/48 MS: 2 EraseBytes-CopyPart-
#11419	NEW    cov: 639 ft: 1190 corp: 104/3102b lim: 48 exec/s: 11419 rss: 104Mb L: 45/48 MS: 5 ChangeBinInt-EraseBytes-InsertRepeatedBytes-ChangeBit-InsertByte-
#11476	REDUCE cov: 639 ft: 1190 corp: 104/3101b lim: 48 exec/s: 11476 rss: 104Mb L: 45/48 MS: 2 EraseBytes-CrossOver-
#11989	NEW    cov: 649 ft: 1207 corp: 105/3154b lim: 53 exec/s: 11989 rss: 107Mb L: 53/53 MS: 3 ChangeBinInt-CrossOver-CopyPart-
#12001	REDUCE cov: 649 ft: 1209 corp: 106/3207b lim: 53 exec/s: 12001 rss: 107Mb L: 53/53 MS: 2 ChangeBit-PersAutoDict- DE: "\377\377\377\377\377\377\377\017"-
#12038	REDUCE cov: 651 ft: 1213 corp: 107/3260b lim: 53 exec/s: 12038 rss: 107Mb L: 53/53 MS: 2 InsertRepeatedBytes-CMP- DE: "\012\000"-
#12170	NEW    cov: 653 ft: 1215 corp: 108/3313b lim: 53 exec/s: 12170 rss: 108Mb L: 53/53 MS: 2 InsertRepeatedBytes-InsertRepeatedBytes-
#12187	NEW    cov: 653 ft: 1216 corp: 109/3362b lim: 53 exec/s: 12187 rss: 108Mb L: 49/53 MS: 2 InsertByte-InsertRepeatedBytes-
#12199	NEW    cov: 653 ft: 1217 corp: 110/3412b lim: 53 exec/s: 12199 rss: 108Mb L: 50/53 MS: 2 CopyPart-ChangeASCIIInt-
#12203	REDUCE cov: 653 ft: 1217 corp: 110/3407b lim: 53 exec/s: 12203 rss: 108Mb L: 37/53 MS: 4 ChangeBit-CrossOver-ChangeBinInt-EraseBytes-
#12268	REDUCE cov: 653 ft: 1217 corp: 110/3406b lim: 53 exec/s: 12268 rss: 109Mb L: 52/53 MS: 5 EraseBytes-InsertRepeatedBytes-PersAutoDict-CopyPart-CopyPart- DE: "\032\000"-
#12356	NEW    cov: 653 ft: 1218 corp: 111/3459b lim: 53 exec/s: 12356 rss: 109Mb L: 53/53 MS: 3 InsertByte-ShuffleBytes-InsertRepeatedBytes-
#12438	REDUCE cov: 653 ft: 1218 corp: 111/3458b lim: 53 exec/s: 12438 rss: 109Mb L: 36/53 MS: 2 InsertRepeatedBytes-EraseBytes-
#12442	REDUCE cov: 653 ft: 1218 corp: 111/3457b lim: 53 exec/s: 12442 rss: 109Mb L: 32/53 MS: 4 InsertRepeatedBytes-EraseBytes-ChangeBinInt-InsertRepeatedBytes-
#12961	NEW    cov: 653 ft: 1230 corp: 112/3513b lim: 58 exec/s: 12961 rss: 112Mb L: 56/56 MS: 4 ChangeBit-CopyPart-InsertByte-CopyPart-
#13114	REDUCE cov: 653 ft: 1231 corp: 113/3569b lim: 58 exec/s: 13114 rss: 113Mb L: 56/56 MS: 3 InsertRepeatedBytes-ChangeBinInt-InsertRepeatedBytes-
#13142	NEW    cov: 653 ft: 1233 corp: 114/3625b lim: 58 exec/s: 13142 rss: 113Mb L: 56/56 MS: 3 ShuffleBytes-ChangeBit-InsertRepeatedBytes-
#13154	NEW    cov: 653 ft: 1234 corp: 115/3682b lim: 58 exec/s: 13154 rss: 113Mb L: 57/57 MS: 2 InsertRepeatedBytes-InsertByte-
#13218	NEW    cov: 653 ft: 1237 corp: 116/3738b lim: 58 exec/s: 6609 rss: 115Mb L: 56/57 MS: 4 ChangeByte-ChangeBinInt-ChangeASCIIInt-CopyPart-
#13240	NEW    cov: 653 ft: 1241 corp: 117/3791b lim: 58 exec/s: 6620 rss: 115Mb L: 53/57 MS: 2 InsertByte-InsertRepeatedBytes-
#13434	NEW    cov: 653 ft: 1242 corp: 118/3849b lim: 58 exec/s: 6717 rss: 116Mb L: 58/58 MS: 4 InsertRepeatedBytes-ChangeBinInt-InsertRepeatedBytes-CrossOver-
#13454	NEW    cov: 653 ft: 1243 corp: 119/3900b lim: 58 exec/s: 6727 rss: 116Mb L: 51/58 MS: 5 ShuffleBytes-PersAutoDict-PersAutoDict-ChangeBinInt-CopyPart- DE: "\030\000\000\000\000\000\000\000"-"\031\000"-
#13764	NEW    cov: 653 ft: 1244 corp: 120/3952b lim: 58 exec/s: 6882 rss: 118Mb L: 52/58 MS: 5 PersAutoDict-InsertRepeatedBytes-ChangeBit-EraseBytes-CopyPart- DE: "\003\000\000\000\000\000\000\000"-
#14308	NEW    cov: 653 ft: 1245 corp: 121/4012b lim: 63 exec/s: 7154 rss: 121Mb L: 60/60 MS: 4 PersAutoDict-InsertRepeatedBytes-ChangeBit-CopyPart- DE: "\004\000\000\000"-
#14317	REDUCE cov: 653 ft: 1247 corp: 122/4074b lim: 63 exec/s: 7158 rss: 121Mb L: 62/62 MS: 4 CrossOver-PersAutoDict-ShuffleBytes-CMP- DE: "\032\000"-"\342\377\377\377\377\377\377\377"-
#14400	REDUCE cov: 653 ft: 1248 corp: 123/4136b lim: 63 exec/s: 7200 rss: 121Mb L: 62/62 MS: 3 CopyPart-PersAutoDict-InsertRepeatedBytes- DE: "\000\000\000\000\000\000\000\000"-
#14428	NEW    cov: 653 ft: 1249 corp: 124/4195b lim: 63 exec/s: 7214 rss: 121Mb L: 59/62 MS: 3 EraseBytes-CopyPart-InsertByte-
#14495	NEW    cov: 653 ft: 1251 corp: 125/4258b lim: 63 exec/s: 7247 rss: 122Mb L: 63/63 MS: 2 InsertRepeatedBytes-CopyPart-
#14598	NEW    cov: 653 ft: 1252 corp: 126/4320b lim: 63 exec/s: 7299 rss: 122Mb L: 62/63 MS: 3 EraseBytes-InsertRepeatedBytes-InsertByte-
#14755	NEW    cov: 653 ft: 1253 corp: 127/4383b lim: 63 exec/s: 7377 rss: 123Mb L: 63/63 MS: 2 InsertByte-CopyPart-
#15224	REDUCE cov: 653 ft: 1253 corp: 127/4382b lim: 63 exec/s: 7612 rss: 126Mb L: 37/63 MS: 4 InsertRepeatedBytes-InsertRepeatedBytes-ChangeBit-EraseBytes-
#15566	REDUCE cov: 653 ft: 1253 corp: 127/4377b lim: 63 exec/s: 7783 rss: 127Mb L: 35/63 MS: 2 ChangeBinInt-EraseBytes-
#15774	NEW    cov: 653 ft: 1254 corp: 128/4423b lim: 63 exec/s: 7887 rss: 129Mb L: 46/63 MS: 3 CopyPart-InsertRepeatedBytes-CopyPart-
#15901	REDUCE cov: 653 ft: 1254 corp: 128/4419b lim: 63 exec/s: 7950 rss: 129Mb L: 55/63 MS: 2 ShuffleBytes-EraseBytes-
#16384	pulse  cov: 653 ft: 1254 corp: 128/4419b lim: 63 exec/s: 8192 rss: 132Mb
	NEW_FUNC[1/14]: 0x563206f7e420 in streamify::mix::AudioRingBuffer::init(int, unsigned long) /home/runner/work/streamify-apk/streamify-apk/native/fuzz/../mix/AudioRingBuffer.h:40
	NEW_FUNC[2/14]: 0x563206f7dea0 in streamify::mix::AudioRingBuffer::write(float const*, unsigned long) /home/runner/work/streamify-apk/streamify-apk/native/fuzz/../mix/AudioRingBuffer.h:78
#16423	NEW    cov: 929 ft: 1567 corp: 129/4484b lim: 68 exec/s: 8211 rss: 136Mb L: 65/65 MS: 2 InsertByte-InsertRepeatedBytes-
#16430	REDUCE cov: 929 ft: 1567 corp: 129/4479b lim: 68 exec/s: 8215 rss: 136Mb L: 44/65 MS: 2 CrossOver-EraseBytes-
#16447	NEW    cov: 932 ft: 1655 corp: 130/4546b lim: 68 exec/s: 8223 rss: 137Mb L: 67/67 MS: 2 ChangeBit-CrossOver-
#16472	NEW    cov: 932 ft: 1768 corp: 131/4612b lim: 68 exec/s: 8236 rss: 137Mb L: 66/67 MS: 5 CopyPart-ChangeBit-CrossOver-EraseBytes-InsertRepeatedBytes-
#16491	NEW    cov: 932 ft: 1778 corp: 132/4680b lim: 68 exec/s: 8245 rss: 137Mb L: 68/68 MS: 4 CrossOver-CrossOver-ChangeByte-CMP- DE: "\007\000"-
#16504	REDUCE cov: 932 ft: 1822 corp: 133/4748b lim: 68 exec/s: 8252 rss: 137Mb L: 68/68 MS: 3 ChangeByte-InsertByte-CopyPart-
#16570	REDUCE cov: 932 ft: 1822 corp: 133/4744b lim: 68 exec/s: 8285 rss: 138Mb L: 59/68 MS: 1 EraseBytes-
#16577	NEW    cov: 932 ft: 1823 corp: 134/4810b lim: 68 exec/s: 8288 rss: 138Mb L: 66/68 MS: 2 CMP-InsertRepeatedBytes- DE: "\004\000\000\000"-
#16585	NEW    cov: 932 ft: 1825 corp: 135/4874b lim: 68 exec/s: 8292 rss: 138Mb L: 64/68 MS: 3 InsertRepeatedBytes-ChangeBit-CopyPart-
#16652	NEW    cov: 933 ft: 1836 corp: 136/4938b lim: 68 exec/s: 8326 rss: 138Mb L: 64/68 MS: 2 InsertRepeatedBytes-InsertRepeatedBytes-
#16659	NEW    cov: 933 ft: 1852 corp: 137/5002b lim: 68 exec/s: 8329 rss: 138Mb L: 64/68 MS: 2 InsertByte-CrossOver-
#16736	NEW    cov: 933 ft: 1862 corp: 138/5070b lim: 68 exec/s: 8368 rss: 139Mb L: 68/68 MS: 2 CopyPart-InsertRepeatedBytes-
#16800	NEW    cov: 933 ft: 1863 corp: 139/5134b lim: 68 exec/s: 8400 rss: 140Mb L: 64/68 MS: 4 ChangeByte-ShuffleBytes-InsertRepeatedBytes-CMP- DE: "\002\000\000\000\000\000\000 "-
#16818	NEW    cov: 933 ft: 1865 corp: 140/5200b lim: 68 exec/s: 8409 rss: 140Mb L: 66/68 MS: 3 CopyPart-ChangeByte-ChangeByte-
#16879	NEW    cov: 933 ft: 1868 corp: 141/5267b lim: 68 exec/s: 8439 rss: 140Mb L: 67/68 MS: 1 EraseBytes-
#16925	NEW    cov: 933 ft: 1877 corp: 142/5335b lim: 68 exec/s: 8462 rss: 141Mb L: 68/68 MS: 1 InsertRepeatedBytes-
#16945	NEW    cov: 933 ft: 1879 corp: 143/5399b lim: 68 exec/s: 8472 rss: 141Mb L: 64/68 MS: 5 InsertByte-PersAutoDict-EraseBytes-ChangeByte-CrossOver- DE: "\003\000\000\000\000\000\000\000"-
#16983	NEW    cov: 933 ft: 1882 corp: 144/5466b lim: 68 exec/s: 8491 rss: 141Mb L: 67/68 MS: 3 ChangeBit-EraseBytes-InsertRepeatedBytes-
#17083	NEW    cov: 933 ft: 1898 corp: 145/5533b lim: 68 exec/s: 8541 rss: 142Mb L: 67/68 MS: 5 ShuffleBytes-CopyPart-ChangeBinInt-CrossOver-ChangeBit-
#17387	NEW    cov: 933 ft: 1899 corp: 146/5588b lim: 68 exec/s: 8693 rss: 144Mb L: 55/68 MS: 4 ChangeBit-CrossOver-InsertByte-InsertRepeatedBytes-
#17454	NEW    cov: 933 ft: 1927 corp: 147/5654b lim: 68 exec/s: 8727 rss: 145Mb L: 66/68 MS: 2 ChangeBit-InsertRepeatedBytes-
#17495	NEW    cov: 933 ft: 1933 corp: 148/5722b lim: 68 exec/s: 8747 rss: 145Mb L: 68/68 MS: 1 InsertRepeatedBytes-
#17538	NEW    cov: 938 ft: 1938 corp: 149/5790b lim: 68 exec/s: 8769 rss: 145Mb L: 68/68 MS: 3 ChangeBit-CrossOver-CMP- DE: "A\000\000\000\000\000\000\000"-
#17541	NEW    cov: 941 ft: 1941 corp: 150/5819b lim: 68 exec/s: 8770 rss: 145Mb L: 29/68 MS: 3 InsertByte-ChangeBinInt-ChangeBinInt-
#17649	REDUCE cov: 941 ft: 1941 corp: 150/5818b lim: 68 exec/s: 8824 rss: 146Mb L: 42/68 MS: 3 PersAutoDict-ChangeBit-EraseBytes- DE: "\004\000\000\000"-
#17738	NEW    cov: 941 ft: 1942 corp: 151/5886b lim: 68 exec/s: 8869 rss: 147Mb L: 68/68 MS: 4 ChangeByte-InsertRepeatedBytes-ChangeBinInt-InsertByte-
#17795	NEW    cov: 941 ft: 1943 corp: 152/5954b lim: 68 exec/s: 8897 rss: 147Mb L: 68/68 MS: 2 ChangeBinInt-CrossOver-
#17843	NEW    cov: 941 ft: 1946 corp: 153/6020b lim: 68 exec/s: 8921 rss: 148Mb L: 66/68 MS: 3 ChangeBit-ShuffleBytes-ChangeBit-
#18002	REDUCE cov: 941 ft: 1946 corp: 153/6019b lim: 68 exec/s: 9001 rss: 149Mb L: 61/68 MS: 4 InsertRepeatedBytes-EraseBytes-PersAutoDict-EraseBytes- DE: "\000\000\000\000\000\000\000\000"-
#18376	NEW    cov: 941 ft: 1948 corp: 154/6085b lim: 68 exec/s: 6125 rss: 151Mb L: 66/68 MS: 4 PersAutoDict-ShuffleBytes-CopyPart-ChangeBit- DE: "\004\000\000\000"-
#18512	NEW    cov: 950 ft: 1957 corp: 155/6115b lim: 68 exec/s: 6170 rss: 153Mb L: 30/68 MS: 1 InsertByte-
#18571	NEW    cov: 950 ft: 1958 corp: 156/6183b lim: 68 exec/s: 6190 rss: 153Mb L: 68/68 MS: 4 CopyPart-ChangeByte-ChangeBinInt-PersAutoDict- DE: "\342\377\377\377\377\377\377\377"-
#18715	REDUCE cov: 950 ft: 1958 corp: 156/6182b lim: 68 exec/s: 6238 rss: 154Mb L: 52/68 MS: 4 ChangeBinInt-InsertRepeatedBytes-ShuffleBytes-EraseBytes-
#19066	REDUCE cov: 950 ft: 1958 corp: 156/6181b lim: 68 exec/s: 6355 rss: 157Mb L: 52/68 MS: 1 EraseBytes-
#19469	NEW    cov: 953 ft: 1961 corp: 157/6209b lim: 68 exec/s: 6489 rss: 159Mb L: 28/68 MS: 3 CopyPart-CopyPart-PersAutoDict- DE: "\002\000\000\000\000\000\000 "-
#19567	REDUCE cov: 953 ft: 1961 corp: 157/6206b lim: 68 exec/s: 6522 rss: 160Mb L: 52/68 MS: 3 CrossOver-PersAutoDict-PersAutoDict- DE: "\342\377\377\377\377\377\377\377"-"\007\000"-
#19921	REDUCE cov: 953 ft: 1961 corp: 157/6205b lim: 68 exec/s: 6640 rss: 163Mb L: 62/68 MS: 4 CopyPart-CopyPart-ChangeBit-EraseBytes-
#20010	NEW    cov: 953 ft: 1963 corp: 158/6273b lim: 68 exec/s: 6670 rss: 164Mb L: 68/68 MS: 4 CrossOver-InsertByte-ShuffleBytes-InsertRepeatedBytes-
#20058	REDUCE cov: 953 ft: 1963 corp: 158/6272b lim: 68 exec/s: 6686 rss: 164Mb L: 56/68 MS: 3 PersAutoDict-ChangeByte-EraseBytes- DE: "\377\377\377\377\377\377\377\017"-
#20133	REDUCE cov: 953 ft: 1963 corp: 158/6269b lim: 68 exec/s: 6711 rss: 164Mb L: 50/68 MS: 5 EraseBytes-EraseBytes-CrossOver-ChangeBinInt-PersAutoDict- DE: "\002\000\000\000\000\000\000 "-
#20245	NEW    cov: 953 ft: 1964 corp: 159/6335b lim: 68 exec/s: 6748 rss: 165Mb L: 66/68 MS: 2 ChangeBit-EraseBytes-
#20276	NEW    cov: 954 ft: 1965 corp: 160/6377b lim: 68 exec/s: 6758 rss: 165Mb L: 42/68 MS: 1 InsertRepeatedBytes-
#20304	NEW    cov: 954 ft: 1969 corp: 161/6443b lim: 68 exec/s: 6768 rss: 166Mb L: 66/68 MS: 3 ChangeBit-ChangeByte-CrossOver-
#20435	REDUCE cov: 954 ft: 1969 corp: 161/6438b lim: 68 exec/s: 6811 rss: 166Mb L: 46/68 MS: 1 EraseBytes-
#20630	NEW    cov: 954 ft: 1973 corp: 162/6506b lim: 68 exec/s: 6876 rss: 168Mb L: 68/68 MS: 5 PersAutoDict-CrossOver-CopyPart-PersAutoDict-ChangeByte- DE: "\377\232"-"\035\000\000\000\000\000\000\000"-
#21237	NEW    cov: 954 ft: 1997 corp: 163/6579b lim: 74 exec/s: 7079 rss: 172Mb L: 73/73 MS: 2 ChangeBinInt-CrossOver-
#21246	NEW    cov: 954 ft: 1999 corp: 164/6652b lim: 74 exec/s: 7082 rss: 172Mb L: 73/73 MS: 4 ChangeBit-CMP-CrossOver-InsertRepeatedBytes- DE: "\011\000\000\000"-
#21294	NEW    cov: 954 ft: 2001 corp: 165/6726b lim: 74 exec/s: 7098 rss: 172Mb L: 74/74 MS: 3 InsertByte-ChangeBinInt-CopyPart-
#21406	NEW    cov: 954 ft: 2009 corp: 166/6798b lim: 74 exec/s: 7135 rss: 173Mb L: 72/74 MS: 2 ChangeByte-InsertRepeatedBytes-
#21594	REDUCE cov: 954 ft: 2009 corp: 166/6796b lim: 74 exec/s: 7198 rss: 175Mb L: 66/74 MS: 3 CrossOver-ChangeBit-InsertRepeatedBytes-
#21638	NEW    cov: 954 ft: 2010 corp: 167/6868b lim: 74 exec/s: 7212 rss: 175Mb L: 72/74 MS: 4 CrossOver-InsertByte-CrossOver-CrossOver-
#21784	NEW    cov: 954 ft: 2011 corp: 168/6942b lim: 74 exec/s: 7261 rss: 176Mb L: 74/74 MS: 1 CrossOver-
#21945	REDUCE cov: 954 ft: 2011 corp: 168/6940b lim: 74 exec/s: 7315 rss: 177Mb L: 41/74 MS: 1 EraseBytes-
#22054	REDUCE cov: 954 ft: 2011 corp: 168/6939b lim: 74 exec/s: 7351 rss: 178Mb L: 57/74 MS: 4 ChangeBit-ChangeASCIIInt-InsertRepeatedBytes-EraseBytes-
#22380	REDUCE cov: 954 ft: 2011 corp: 168/6938b lim: 74 exec/s: 7460 rss: 181Mb L: 31/74 MS: 1 EraseBytes-
#22448	REDUCE cov: 954 ft: 2011 corp: 168/6931b lim: 74 exec/s: 7482 rss: 181Mb L: 49/74 MS: 3 ShuffleBytes-ShuffleBytes-EraseBytes-
#23006	NEW    cov: 954 ft: 2015 corp: 169/7001b lim: 74 exec/s: 7668 rss: 186Mb L: 70/74 MS: 3 CrossOver-ChangeBit-InsertRepeatedBytes-
#23009	REDUCE cov: 954 ft: 2015 corp: 169/7000b lim: 74 exec/s: 7669 rss: 186Mb L: 28/74 MS: 3 EraseBytes-CopyPart-InsertRepeatedBytes-
#23196	REDUCE cov: 954 ft: 2015 corp: 169/6991b lim: 74 exec/s: 7732 rss: 187Mb L: 37/74 MS: 2 InsertRepeatedBytes-EraseBytes-
#23666	REDUCE cov: 954 ft: 2016 corp: 170/7064b lim: 74 exec/s: 5916 rss: 192Mb L: 73/74 MS: 5 EraseBytes-ChangeByte-CMP-InsertRepeatedBytes-CopyPart- DE: "8\000\000\000\000\000\000\000"-
#24060	REDUCE cov: 954 ft: 2016 corp: 170/7063b lim: 74 exec/s: 6015 rss: 195Mb L: 32/74 MS: 4 EraseBytes-ChangeBinInt-CopyPart-ShuffleBytes-
#24168	REDUCE cov: 954 ft: 2016 corp: 170/7057b lim: 74 exec/s: 6042 rss: 196Mb L: 36/74 MS: 3 ChangeBit-PersAutoDict-EraseBytes- DE: "\000\000\000\000\000\000\000\000"-
#24778	NEW    cov: 954 ft: 2027 corp: 171/7134b lim: 80 exec/s: 6194 rss: 201Mb L: 77/77 MS: 5 InsertByte-ShuffleBytes-ChangeByte-CopyPart-InsertRepeatedBytes-
#24806	NEW    cov: 954 ft: 2044 corp: 172/7214b lim: 80 exec/s: 6201 rss: 201Mb L: 80/80 MS: 3 PersAutoDict-CMP-InsertRepeatedBytes- DE: "\007\000"-"\010\000"-
#24846	NEW    cov: 954 ft: 2051 corp: 173/7294b lim: 80 exec/s: 6211 rss: 201Mb L: 80/80 MS: 5 InsertRepeatedBytes-ShuffleBytes-InsertByte-ChangeByte-InsertByte-
#24885	NEW    cov: 954 ft: 2056 corp: 174/7374b lim: 80 exec/s: 6221 rss: 202Mb L: 80/80 MS: 4 ChangeBit-CrossOver-ChangeByte-InsertRepeatedBytes-
#25104	NEW    cov: 954 ft: 2057 corp: 175/7454b lim: 80 exec/s: 6276 rss: 203Mb L: 80/80 MS: 4 ShuffleBytes-PersAutoDict-ChangeBit-CopyPart- DE: "\031\000"-
#25472	NEW    cov: 954 ft: 2059 corp: 176/7534b lim: 80 exec/s: 6368 rss: 206Mb L: 80/80 MS: 3 EraseBytes-CopyPart-CopyPart-
#25690	REDUCE cov: 954 ft: 2059 corp: 176/7533b lim: 80 exec/s: 6422 rss: 208Mb L: 67/80 MS: 3 CrossOver-CopyPart-ChangeASCIIInt-
#25707	REDUCE cov: 954 ft: 2059 corp: 176/7531b lim: 80 exec/s: 6426 rss: 208Mb L: 42/80 MS: 2 CopyPart-EraseBytes-
#25795	REDUCE cov: 954 ft: 2059 corp: 176/7529b lim: 80 exec/s: 6448 rss: 209Mb L: 64/80 MS: 3 InsertRepeatedBytes-EraseBytes-PersAutoDict- DE: "\000\000\000\000\000\000\000#"-
#26475	NEW    cov: 954 ft: 2060 corp: 177/7614b lim: 86 exec/s: 6618 rss: 214Mb L: 85/85 MS: 5 EraseBytes-ChangeBinInt-CrossOver-ShuffleBytes-InsertRepeatedBytes-
#26506	REDUCE cov: 954 ft: 2060 corp: 177/7610b lim: 86 exec/s: 6626 rss: 215Mb L: 41/85 MS: 1 EraseBytes-
#26543	NEW    cov: 955 ft: 2061 corp: 178/7695b lim: 86 exec/s: 6635 rss: 215Mb L: 85/85 MS: 2 ShuffleBytes-CrossOver-
#26756	NEW    cov: 956 ft: 2062 corp: 179/7780b lim: 86 exec/s: 6689 rss: 217Mb L: 85/85 MS: 3 ShuffleBytes-ChangeBinInt-CopyPart-
#27062	NEW    cov: 956 ft: 2064 corp: 180/7862b lim: 86 exec/s: 6765 rss: 219Mb L: 82/85 MS: 1 InsertRepeatedBytes-
#27446	REDUCE cov: 956 ft: 2064 corp: 180/7859b lim: 86 exec/s: 6861 rss: 222Mb L: 65/85 MS: 4 ShuffleBytes-ChangeBit-ChangeByte-EraseBytes-
#27703	NEW    cov: 956 ft: 2075 corp: 181/7929b lim: 86 exec/s: 6925 rss: 224Mb L: 70/85 MS: 2 CopyPart-CMP- DE: "\000\000\000\004"-
#28421	NEW    cov: 956 ft: 2093 corp: 182/8021b lim: 92 exec/s: 5684 rss: 231Mb L: 92/92 MS: 3 CrossOver-InsertRepeatedBytes-CopyPart-
#28520	NEW    cov: 956 ft: 2102 corp: 183/8113b lim: 92 exec/s: 5704 rss: 231Mb L: 92/92 MS: 4 CrossOver-InsertByte-ChangeBit-CMP- DE: "\012\000\000\000\000\000\000\020"-
#28583	NEW    cov: 956 ft: 2111 corp: 184/8202b lim: 92 exec/s: 5716 rss: 232Mb L: 89/92 MS: 3 ChangeByte-ChangeBit-CopyPart-
#28612	NEW    cov: 956 ft: 2112 corp: 185/8290b lim: 92 exec/s: 5722 rss: 232Mb L: 88/92 MS: 4 CrossOver-InsertRepeatedBytes-ChangeBinInt-CopyPart-
#28653	REDUCE cov: 956 ft: 2112 corp: 185/8289b lim: 92 exec/s: 5730 rss: 233Mb L: 41/92 MS: 1 EraseBytes-
#28810	REDUCE cov: 956 ft: 2112 corp: 185/8287b lim: 92 exec/s: 5762 rss: 234Mb L: 50/92 MS: 2 PersAutoDict-EraseBytes- DE: "\030\000\000\000\000\000\000\000"-
#29442	NEW    cov: 956 ft: 2133 corp: 186/8383b lim: 98 exec/s: 5888 rss: 240Mb L: 96/96 MS: 2 ChangeBinInt-InsertRepeatedBytes-
#29456	NEW    cov: 956 ft: 2141 corp: 187/8479b lim: 98 exec/s: 5891 rss: 240Mb L: 96/96 MS: 4 ChangeBinInt-InsertRepeatedBytes-CopyPart-CMP- DE: "\001\000P\200\000\006\243Q"-
#29850	REDUCE cov: 956 ft: 2142 corp: 188/8570b lim: 98 exec/s: 5970 rss: 243Mb L: 91/96 MS: 4 InsertByte-InsertRepeatedBytes-ChangeBit-CrossOver-
#29872	REDUCE cov: 956 ft: 2142 corp: 188/8568b lim: 98 exec/s: 5974 rss: 244Mb L: 40/96 MS: 2 CMP-EraseBytes- DE: "\000\000P@\0006\307\024"-
#29994	NEW    cov: 956 ft: 2143 corp: 189/8664b lim: 98 exec/s: 5998 rss: 245Mb L: 96/96 MS: 2 CopyPart-CrossOver-
#30064	NEW    cov: 956 ft: 2145 corp: 190/8754b lim: 98 exec/s: 6012 rss: 245Mb L: 90/96 MS: 5 ChangeByte-InsertRepeatedBytes-ShuffleBytes-ChangeASCIIInt-CopyPart-
#30122	REDUCE cov: 956 ft: 2145 corp: 190/8753b lim: 98 exec/s: 6024 rss: 246Mb L: 16/96 MS: 3 ShuffleBytes-ShuffleBytes-EraseBytes-
#30296	NEW    cov: 956 ft: 2146 corp: 191/8851b lim: 98 exec/s: 6059 rss: 247Mb L: 98/98 MS: 4 CrossOver-EraseBytes-EraseBytes-InsertRepeatedBytes-
#30909	NEW    cov: 956 ft: 2156 corp: 192/8953b lim: 104 exec/s: 6181 rss: 253Mb L: 102/102 MS: 3 CrossOver-CopyPart-InsertRepeatedBytes-
#30941	NEW    cov: 956 ft: 2160 corp: 193/9057b lim: 104 exec/s: 6188 rss: 253Mb L: 104/104 MS: 2 CrossOver-InsertRepeatedBytes-
#31112	REDUCE cov: 956 ft: 2160 corp: 193/9056b lim: 104 exec/s: 6222 rss: 255Mb L: 36/104 MS: 1 EraseBytes-
#31131	NEW    cov: 956 ft: 2161 corp: 194/9154b lim: 104 exec/s: 6226 rss: 255Mb L: 98/104 MS: 4 ChangeBit-ShuffleBytes-EraseBytes-InsertRepeatedBytes-
#31137	NEW    cov: 956 ft: 2164 corp: 195/9220b lim: 104 exec/s: 6227 rss: 255Mb L: 66/104 MS: 1 ChangeBit-
#31147	NEW    cov: 957 ft: 2171 corp: 196/9324b lim: 104 exec/s: 6229 rss: 255Mb L: 104/104 MS: 5 ShuffleBytes-CrossOver-CopyPart-ShuffleBytes-InsertRepeatedBytes-
#31226	NEW    cov: 957 ft: 2174 corp: 197/9427b lim: 104 exec/s: 6245 rss: 256Mb L: 103/104 MS: 4 EraseBytes-ShuffleBytes-EraseBytes-InsertRepeatedBytes-
#31257	REDUCE cov: 957 ft: 2174 corp: 197/9425b lim: 104 exec/s: 6251 rss: 256Mb L: 32/104 MS: 1 EraseBytes-
#31299	REDUCE cov: 957 ft: 2174 corp: 197/9423b lim: 104 exec/s: 6259 rss: 256Mb L: 36/104 MS: 2 ShuffleBytes-EraseBytes-
#31491	NEW    cov: 957 ft: 2179 corp: 198/9527b lim: 104 exec/s: 6298 rss: 258Mb L: 104/104 MS: 2 ShuffleBytes-CopyPart-
#31626	NEW    cov: 957 ft: 2181 corp: 199/9631b lim: 104 exec/s: 6325 rss: 259Mb L: 104/104 MS: 5 ChangeByte-ChangeByte-CopyPart-ChangeASCIIInt-PersAutoDict- DE: "\377\377~\374r\333\351p"-
#31814	NEW    cov: 957 ft: 2182 corp: 200/9729b lim: 104 exec/s: 6362 rss: 261Mb L: 98/104 MS: 3 ChangeBinInt-ChangeByte-PersAutoDict- DE: "\012\000\000\000\000\000\000\020"-
#31838	NEW    cov: 957 ft: 2185 corp: 201/9803b lim: 104 exec/s: 6367 rss: 261Mb L: 74/104 MS: 4 ChangeByte-EraseBytes-CopyPart-InsertRepeatedBytes-
#32768	pulse  cov: 957 ft: 2185 corp: 201/9803b lim: 110 exec/s: 5461 rss: 270Mb
#32863	NEW    cov: 957 ft: 2186 corp: 202/9889b lim: 110 exec/s: 5477 rss: 271Mb L: 86/104 MS: 5 ShuffleBytes-EraseBytes-CMP-ChangeBinInt-InsertRepeatedBytes- DE: "\001\000\000\000\000\000\000\026"-
#33009	REDUCE cov: 957 ft: 2186 corp: 202/9882b lim: 110 exec/s: 5501 rss: 272Mb L: 96/104 MS: 1 EraseBytes-
#33040	NEW    cov: 960 ft: 2189 corp: 203/9910b lim: 110 exec/s: 5506 rss: 273Mb L: 28/104 MS: 1 PersAutoDict- DE: "\010\000"-
#33593	NEW    cov: 960 ft: 2190 corp: 204/10020b lim: 110 exec/s: 5598 rss: 278Mb L: 110/110 MS: 3 ChangeByte-PersAutoDict-InsertRepeatedBytes- DE: "\000\000P@\0006\307\024"-
#33920	REDUCE cov: 960 ft: 2190 corp: 204/10017b lim: 110 exec/s: 5653 rss: 281Mb L: 38/110 MS: 2 ChangeByte-EraseBytes-
#34541	NEW    cov: 960 ft: 2202 corp: 205/10129b lim: 116 exec/s: 5756 rss: 287Mb L: 112/112 MS: 1 CopyPart-
#34583	NEW    cov: 960 ft: 2204 corp: 206/10244b lim: 116 exec/s: 5763 rss: 287Mb L: 115/115 MS: 2 ChangeBinInt-CrossOver-
#34635	REDUCE cov: 960 ft: 2205 corp: 207/10359b lim: 116 exec/s: 5772 rss: 288Mb L: 115/115 MS: 2 ChangeASCIIInt-InsertRepeatedBytes-
#34894	NEW    cov: 960 ft: 2211 corp: 208/10464b lim: 116 exec/s: 5815 rss: 290Mb L: 105/115 MS: 4 ChangeByte-ChangeBinInt-ChangeBit-CopyPart-
#35005	REDUCE cov: 960 ft: 2211 corp: 208/10461b lim: 116 exec/s: 5834 rss: 291Mb L: 112/115 MS: 1 EraseBytes-
#35526	NEW    cov: 960 ft: 2212 corp: 209/10547b lim: 116 exec/s: 5921 rss: 296Mb L: 86/115 MS: 1 ChangeBinInt-
#35863	REDUCE cov: 960 ft: 2212 corp: 209/10539b lim: 116 exec/s: 5977 rss: 299Mb L: 102/115 MS: 2 ChangeByte-EraseBytes-
#35925	REDUCE cov: 960 ft: 2212 corp: 209/10532b lim: 116 exec/s: 5987 rss: 299Mb L: 33/115 MS: 2 ShuffleBytes-EraseBytes-
#36539	NEW    cov: 960 ft: 2229 corp: 210/10654b lim: 122 exec/s: 5219 rss: 305Mb L: 122/122 MS: 4 InsertRepeatedBytes-ChangeByte-CopyPart-CopyPart-
#36565	NEW    cov: 960 ft: 2231 corp: 211/10775b lim: 122 exec/s: 5223 rss: 306Mb L: 121/122 MS: 1 InsertRepeatedBytes-
#36616	NEW    cov: 962 ft: 2233 corp: 212/10821b lim: 122 exec/s: 5230 rss: 306Mb L: 46/122 MS: 1 CopyPart-
#36765	NEW    cov: 962 ft: 2238 corp: 213/10941b lim: 122 exec/s: 5252 rss: 308Mb L: 120/122 MS: 4 CrossOver-ChangeByte-CrossOver-InsertByte-
#36846	NEW    cov: 962 ft: 2239 corp: 214/11027b lim: 122 exec/s: 5263 rss: 308Mb L: 86/122 MS: 1 PersAutoDict- DE: "\001\000"-
#36906	REDUCE cov: 962 ft: 2240 corp: 215/11147b lim: 122 exec/s: 5272 rss: 309Mb L: 120/122 MS: 5 ChangeBinInt-PersAutoDict-ChangeByte-ChangeByte-CopyPart- DE: "\026\000"-
#37002	REDUCE cov: 962 ft: 2240 corp: 215/11145b lim: 122 exec/s: 5286 rss: 310Mb L: 72/122 MS: 1 CrossOver-
#37394	NEW    cov: 962 ft: 2244 corp: 216/11266b lim: 122 exec/s: 5342 rss: 314Mb L: 121/122 MS: 2 ChangeBit-CrossOver-
#37481	REDUCE cov: 962 ft: 2244 corp: 216/11265b lim: 122 exec/s: 5354 rss: 315Mb L: 36/122 MS: 2 ChangeBinInt-EraseBytes-
#37693	REDUCE cov: 962 ft: 2244 corp: 216/11259b lim: 122 exec/s: 5384 rss: 317Mb L: 90/122 MS: 2 ChangeBinInt-CrossOver-
	NEW_FUNC[1/3]: 0x563206f7cf50 in streamify::mix::PeerMixPool::attachPeer() /home/runner/work/streamify-apk/streamify-apk/native/fuzz/../mix/PeerMixPool.h:72
	NEW_FUNC[2/3]: 0x563206f7b8e0 in streamify::mix::PeerMixPool::mix(float*, unsigned long, streamify::mix::PeerMixPool::MixStats*) /home/runner/work/streamify-apk/streamify-apk/native/fuzz/../mix/PeerMixPool.h:136
#38303	NEW    cov: 1049 ft: 2392 corp: 217/11387b lim: 128 exec/s: 5471 rss: 323Mb L: 128/128 MS: 5 InsertRepeatedBytes-ChangeBinInt-ChangeByte-InsertRepeatedBytes-CopyPart-
#38306	REDUCE cov: 1049 ft: 2392 corp: 217/11383b lim: 128 exec/s: 5472 rss: 323Mb L: 49/128 MS: 3 InsertByte-InsertRepeatedBytes-EraseBytes-
#38398	NEW    cov: 1049 ft: 2393 corp: 218/11511b lim: 128 exec/s: 5485 rss: 324Mb L: 128/128 MS: 2 ShuffleBytes-PersAutoDict- DE: "\000\000P@\0006\307\024"-
#38496	NEW    cov: 1049 ft: 2398 corp: 219/11639b lim: 128 exec/s: 5499 rss: 325Mb L: 128/128 MS: 3 CopyPart-CMP-CrossOver- DE: "A\000\000\000\000\000\000\000"-
#38624	NEW    cov: 1051 ft: 2439 corp: 220/11767b lim: 128 exec/s: 5517 rss: 326Mb L: 128/128 MS: 3 ChangeBinInt-CopyPart-CMP- DE: "\000\000\000\017"-
#38714	NEW    cov: 1051 ft: 2440 corp: 221/11893b lim: 128 exec/s: 5530 rss: 327Mb L: 126/128 MS: 5 CrossOver-ChangeBinInt-InsertByte-ChangeBit-CopyPart-
#38999	NEW    cov: 1052 ft: 2499 corp: 222/12021b lim: 128 exec/s: 5571 rss: 330Mb L: 128/128 MS: 5 ChangeByte-ChangeByte-EraseBytes-CopyPart-InsertRepeatedBytes-
#39247	NEW    cov: 1052 ft: 2500 corp: 223/12149b lim: 128 exec/s: 5606 rss: 333Mb L: 128/128 MS: 3 CopyPart-PersAutoDict-InsertRepeatedBytes- DE: "\001\000P\200\000\006\243Q"-
#39400	NEW    cov: 1052 ft: 2520 corp: 224/12277b lim: 128 exec/s: 5628 rss: 336Mb L: 128/128 MS: 3 InsertRepeatedBytes-ChangeBit-CopyPart-
#39521	REDUCE cov: 1052 ft: 2521 corp: 225/12405b lim: 128 exec/s: 5645 rss: 337Mb L: 128/128 MS: 1 InsertRepeatedBytes-
#39956	REDUCE cov: 1052 ft: 2562 corp: 226/12533b lim: 128 exec/s: 4994 rss: 342Mb L: 128/128 MS: 5 PersAutoDict-CrossOver-ShuffleBytes-InsertRepeatedBytes-PersAutoDict- DE: "\004\000\000\000"-"\001\000\000\000\000\000\000\026"-
#40004	NEW    cov: 1052 ft: 2572 corp: 227/12661b lim: 128 exec/s: 5000 rss: 343Mb L: 128/128 MS: 3 CMP-CopyPart-InsertByte- DE: "\377\377O \000\027\263s"-
#40169	REDUCE cov: 1052 ft: 2572 corp: 227/12657b lim: 128 exec/s: 5021 rss: 345Mb L: 42/128 MS: 5 ChangeBit-InsertByte-CopyPart-PersAutoDict-EraseBytes- DE: "\000\000P@\0006\307\024"-
#40381	REDUCE cov: 1052 ft: 2572 corp: 227/12652b lim: 128 exec/s: 5047 rss: 349Mb L: 32/128 MS: 2 CopyPart-EraseBytes-
#40471	NEW    cov: 1052 ft: 2573 corp: 228/12780b lim: 128 exec/s: 5058 rss: 350Mb L: 128/128 MS: 5 CMP-InsertRepeatedBytes-InsertByte-CrossOver-InsertByte- DE: "\220\014\030\000 P\000\000"-
#40514	NEW    cov: 1052 ft: 2575 corp: 229/12908b lim: 128 exec/s: 5064 rss: 351Mb L: 128/128 MS: 3 ChangeASCIIInt-ChangeBinInt-InsertRepeatedBytes-
#40570	REDUCE cov: 1052 ft: 2575 corp: 229/12907b lim: 128 exec/s: 5071 rss: 353Mb L: 88/128 MS: 1 EraseBytes-
#40660	REDUCE cov: 1052 ft: 2615 corp: 230/13035b lim: 128 exec/s: 5082 rss: 354Mb L: 128/128 MS: 5 CopyPart-PersAutoDict-ShuffleBytes-CrossOver-CrossOver- DE: "8\000\000\000\000\000\000\000"-
#40858	NEW    cov: 1052 ft: 2616 corp: 231/13163b lim: 128 exec/s: 5107 rss: 358Mb L: 128/128 MS: 3 InsertRepeatedBytes-CopyPart-CopyPart-
#40878	NEW    cov: 1052 ft: 2621 corp: 232/13291b lim: 128 exec/s: 5109 rss: 359Mb L: 128/128 MS: 5 ShuffleBytes-ChangeByte-ChangeBinInt-ChangeBinInt-PersAutoDict- DE: "\377\377O \000\027\263s"-
#41037	NEW    cov: 1052 ft: 2671 corp: 233/13419b lim: 128 exec/s: 5129 rss: 362Mb L: 128/128 MS: 4 InsertRepeatedBytes-InsertRepeatedBytes-ChangeBit-InsertByte-
#41205	NEW    cov: 1052 ft: 2675 corp: 234/13547b lim: 128 exec/s: 5150 rss: 365Mb L: 128/128 MS: 3 ChangeBinInt-CrossOver-InsertRepeatedBytes-
#41247	NEW    cov: 1052 ft: 2676 corp: 235/13675b lim: 128 exec/s: 5155 rss: 366Mb L: 128/128 MS: 2 ChangeByte-ChangeByte-
#41344	NEW    cov: 1052 ft: 2677 corp: 236/13803b lim: 128 exec/s: 5168 rss: 368Mb L: 128/128 MS: 2 ShuffleBytes-ChangeASCIIInt-
#41445	NEW    cov: 1052 ft: 2678 corp: 237/13931b lim: 128 exec/s: 5180 rss: 370Mb L: 128/128 MS: 1 CopyPart-
#41552	NEW    cov: 1052 ft: 2679 corp: 238/14057b lim: 128 exec/s: 5194 rss: 371Mb L: 126/128 MS: 2 ChangeByte-PersAutoDict- DE: "\220\014\030\000 P\000\000"-
#41829	REDUCE cov: 1052 ft: 2679 corp: 238/14055b lim: 128 exec/s: 5228 rss: 378Mb L: 31/128 MS: 2 CopyPart-EraseBytes-
#41884	REDUCE cov: 1052 ft: 2679 corp: 238/14052b lim: 128 exec/s: 5235 rss: 379Mb L: 87/128 MS: 5 InsertByte-ChangeByte-ChangeByte-ChangeBit-EraseBytes-
#41973	REDUCE cov: 1052 ft: 2684 corp: 239/14180b lim: 128 exec/s: 5246 rss: 381Mb L: 128/128 MS: 4 ChangeByte-InsertRepeatedBytes-PersAutoDict-InsertRepeatedBytes- DE: "\030\000\000\000\000\000\000\000"-
#42181	REDUCE cov: 1052 ft: 2685 corp: 240/14304b lim: 128 exec/s: 5272 rss: 385Mb L: 124/128 MS: 3 ChangeBit-CopyPart-InsertByte-
#42262	REDUCE cov: 1052 ft: 2685 corp: 240/14300b lim: 128 exec/s: 5282 rss: 387Mb L: 82/128 MS: 1 EraseBytes-
#43005	NEW    cov: 1052 ft: 2692 corp: 241/14432b lim: 135 exec/s: 5375 rss: 402Mb L: 132/132 MS: 3 CMP-CrossOver-CrossOver- DE: "\230\000"-
#43119	REDUCE cov: 1052 ft: 2693 corp: 242/14564b lim: 135 exec/s: 5389 rss: 406Mb L: 132/132 MS: 4 CrossOver-ChangeByte-CrossOver-InsertRepeatedBytes-
#43193	REDUCE cov: 1052 ft: 2695 corp: 243/14693b lim: 135 exec/s: 5399 rss: 408Mb L: 129/132 MS: 4 EraseBytes-ShuffleBytes-InsertRepeatedBytes-InsertRepeatedBytes-
#43460	NEW    cov: 1052 ft: 2696 corp: 244/14821b lim: 135 exec/s: 4828 rss: 421Mb L: 128/132 MS: 2 ShuffleBytes-CopyPart-
#43568	REDUCE cov: 1052 ft: 2696 corp: 244/14819b lim: 135 exec/s: 4840 rss: 425Mb L: 65/132 MS: 3 CopyPart-ChangeBinInt-EraseBytes-
#43735	NEW    cov: 1052 ft: 2701 corp: 245/14951b lim: 135 exec/s: 4859 rss: 429Mb L: 132/132 MS: 2 ChangeBit-CopyPart-
#43866	REDUCE cov: 1052 ft: 2701 corp: 245/14950b lim: 135 exec/s: 4874 rss: 433Mb L: 128/132 MS: 1 EraseBytes-
#44587	NEW    cov: 1052 ft: 2706 corp: 246/15086b lim: 142 exec/s: 4954 rss: 456Mb L: 136/136 MS: 1 InsertRepeatedBytes-
#44607	NEW    cov: 1052 ft: 2707 corp: 247/15225b lim: 142 exec/s: 4956 rss: 457Mb L: 139/139 MS: 5 CMP-PersAutoDict-ChangeBinInt-ChangeByte-InsertRepeatedBytes- DE: "\377\007"-"\342\377\377\377\377\377\377\377"-
#44610	NEW    cov: 1052 ft: 2708 corp: 248/15367b lim: 142 exec/s: 4956 rss: 458Mb L: 142/142 MS: 3 InsertByte-InsertRepeatedBytes-CrossOver-
#44644	REDUCE cov: 1052 ft: 2709 corp: 249/15509b lim: 142 exec/s: 4960 rss: 459Mb L: 142/142 MS: 4 PersAutoDict-EraseBytes-CMP-InsertRepeatedBytes- DE: "\031\000"-"\016\000"-
#44729	NEW    cov: 1052 ft: 2711 corp: 250/15651b lim: 142 exec/s: 4969 rss: 463Mb L: 142/142 MS: 5 ChangeBinInt-CrossOver-ChangeBinInt-CopyPart-CopyPart-
#45217	NEW    cov: 1052 ft: 2724 corp: 251/15788b lim: 142 exec/s: 5024 rss: 478Mb L: 137/142 MS: 3 InsertRepeatedBytes-ShuffleBytes-InsertRepeatedBytes-
#45457	NEW    cov: 1052 ft: 2725 corp: 252/15930b lim: 142 exec/s: 5050 rss: 487Mb L: 142/142 MS: 5 ChangeByte-CMP-EraseBytes-InsertRepeatedBytes-CrossOver- DE: "\007\000\000\000\000\000\000\000"-
#45825	NEW    cov: 1055 ft: 2728 corp: 253/15966b lim: 142 exec/s: 5091 rss: 500Mb L: 36/142 MS: 3 ShuffleBytes-CMP-ChangeByte- DE: "\001\000P0\000%\206'"-
#46555	NEW    cov: 1055 ft: 2733 corp: 254/16111b lim: 149 exec/s: 4655 rss: 517Mb L: 145/145 MS: 5 InsertRepeatedBytes-ChangeBit-CopyPart-ChangeBinInt-InsertRepeatedBytes-
#46633	NEW    cov: 1055 ft: 2741 corp: 255/16258b lim: 149 exec/s: 4663 rss: 520Mb L: 147/147 MS: 3 ChangeBit-CopyPart-InsertRepeatedBytes-
#46691	NEW    cov: 1055 ft: 2742 corp: 256/16Kb lim: 149 exec/s: 4669 rss: 520Mb L: 147/147 MS: 3 EraseBytes-PersAutoDict-InsertRepeatedBytes- DE: "\000\000\000\017"-
#46751	NEW    cov: 1055 ft: 2744 corp: 257/16Kb lim: 149 exec/s: 4675 rss: 523Mb L: 145/147 MS: 5 EraseBytes-ChangeByte-EraseBytes-CMP-InsertRepeatedBytes- DE: "\013\000\000\000"-
#46845	NEW    cov: 1055 ft: 2765 corp: 258/16Kb lim: 149 exec/s: 4684 rss: 526Mb L: 149/149 MS: 4 CMP-ChangeASCIIInt-ChangeBit-CopyPart- DE: "9\2572\000`P\000\000"-
#47067	NEW    cov: 1055 ft: 2766 corp: 259/16Kb lim: 149 exec/s: 4706 rss: 533Mb L: 148/149 MS: 2 CrossOver-InsertRepeatedBytes-
#47442	NEW    cov: 1055 ft: 2768 corp: 260/16Kb lim: 149 exec/s: 4744 rss: 544Mb L: 148/149 MS: 5 ChangeASCIIInt-InsertRepeatedBytes-CrossOver-CrossOver-CopyPart-
#47733	NEW    cov: 1055 ft: 2773 corp: 261/16Kb lim: 149 exec/s: 4773 rss: 554Mb L: 128/149 MS: 1 PersAutoDict- DE: "\016\000"-
#48025	NEW    cov: 1055 ft: 2774 corp: 262/16Kb lim: 149 exec/s: 4802 rss: 567Mb L: 149/149 MS: 2 CrossOver-CrossOver-
#48116	REDUCE cov: 1055 ft: 2774 corp: 262/16Kb lim: 149 exec/s: 4811 rss: 570Mb L: 88/149 MS: 1 EraseBytes-
#48427	REDUCE cov: 1055 ft: 2774 corp: 262/16Kb lim: 149 exec/s: 4842 rss: 585Mb L: 68/149 MS: 1 EraseBytes-
#48469	REDUCE cov: 1055 ft: 2774 corp: 262/16Kb lim: 149 exec/s: 4846 rss: 588Mb L: 32/149 MS: 2 InsertByte-EraseBytes-
#49275	NEW    cov: 1055 ft: 2781 corp: 263/17Kb lim: 156 exec/s: 4927 rss: 622Mb L: 153/153 MS: 1 InsertRepeatedBytes-
#49350	NEW    cov: 1055 ft: 2785 corp: 264/17Kb lim: 156 exec/s: 4935 rss: 626Mb L: 130/153 MS: 5 InsertByte-InsertRepeatedBytes-CopyPart-InsertByte-CopyPart-
#49620	NEW    cov: 1055 ft: 2790 corp: 265/17Kb lim: 156 exec/s: 4510 rss: 633Mb L: 156/156 MS: 5 ChangeBinInt-InsertRepeatedBytes-ShuffleBytes-InsertByte-InsertByte-
#49697	NEW    cov: 1055 ft: 2793 corp: 266/17Kb lim: 156 exec/s: 4517 rss: 633Mb L: 153/156 MS: 2 InsertByte-InsertRepeatedBytes-
#49802	NEW    cov: 1055 ft: 2796 corp: 267/17Kb lim: 156 exec/s: 4527 rss: 633Mb L: 153/156 MS: 5 CrossOver-CopyPart-ChangeBit-CMP-CopyPart- DE: "\001\000\000\000\000\000\000\002"-
#49820	NEW    cov: 1055 ft: 2798 corp: 268/17Kb lim: 156 exec/s: 4529 rss: 633Mb L: 156/156 MS: 3 CrossOver-ShuffleBytes-CrossOver-
#49983	NEW    cov: 1055 ft: 2801 corp: 269/17Kb lim: 156 exec/s: 4543 rss: 633Mb L: 155/156 MS: 3 ShuffleBytes-InsertByte-InsertByte-
#50027	NEW    cov: 1055 ft: 2804 corp: 270/18Kb lim: 156 exec/s: 4547 rss: 634Mb L: 154/156 MS: 4 CopyPart-ChangeBit-ChangeBit-CrossOver-
#50106	REDUCE cov: 1055 ft: 2804 corp: 270/18Kb lim: 156 exec/s: 4555 rss: 637Mb L: 85/156 MS: 4 PersAutoDict-InsertByte-CopyPart-EraseBytes- DE: "\012\000"-
#50416	REDUCE cov: 1055 ft: 2806 corp: 271/18Kb lim: 156 exec/s: 4583 rss: 650Mb L: 148/156 MS: 5 ChangeBit-EraseBytes-CMP-InsertRepeatedBytes-CopyPart- DE: "\006\000\000\000\000\000\000\000"-
#50521	NEW    cov: 1055 ft: 2807 corp: 272/18Kb lim: 156 exec/s: 4592 rss: 650Mb L: 155/156 MS: 5 CopyPart-InsertByte-CrossOver-InsertByte-InsertRepeatedBytes-
#50615	NEW    cov: 1055 ft: 2812 corp: 273/18Kb lim: 156 exec/s: 4601 rss: 650Mb L: 156/156 MS: 4 CopyPart-CrossOver-CrossOver-CrossOver-
#51338	NEW    cov: 1055 ft: 2817 corp: 274/18Kb lim: 163 exec/s: 4667 rss: 661Mb L: 161/161 MS: 3 CMP-CrossOver-CopyPart- DE: "\377\377O\320\000#w\364"-
#51524	NEW    cov: 1055 ft: 2818 corp: 275/18Kb lim: 163 exec/s: 4684 rss: 661Mb L: 163/163 MS: 1 InsertRepeatedBytes-
#51530	REDUCE cov: 1055 ft: 2818 corp: 275/18Kb lim: 163 exec/s: 4684 rss: 661Mb L: 67/163 MS: 1 EraseBytes-
#51724	REDUCE cov: 1055 ft: 2821 corp: 276/18Kb lim: 163 exec/s: 4702 rss: 661Mb L: 160/163 MS: 4 ChangeByte-InsertRepeatedBytes-CrossOver-CrossOver-
#52015	REDUCE cov: 1058 ft: 2824 corp: 277/18Kb lim: 163 exec/s: 4728 rss: 664Mb L: 38/163 MS: 1 InsertRepeatedBytes-
#52233	REDUCE cov: 1058 ft: 2824 corp: 277/18Kb lim: 163 exec/s: 4748 rss: 664Mb L: 38/163 MS: 3 ChangeBinInt-PersAutoDict-EraseBytes- DE: "\000\000P@\0006\307\024"-
#52500	REDUCE cov: 1058 ft: 2824 corp: 277/18Kb lim: 163 exec/s: 4772 rss: 667Mb L: 61/163 MS: 2 CopyPart-EraseBytes-
#52522	REDUCE cov: 1058 ft: 2824 corp: 277/18Kb lim: 163 exec/s: 4774 rss: 667Mb L: 41/163 MS: 2 CopyPart-CrossOver-
#52548	NEW    cov: 1058 ft: 2825 corp: 278/19Kb lim: 163 exec/s: 4379 rss: 667Mb L: 163/163 MS: 1 CrossOver-
#53495	NEW    cov: 1058 ft: 2828 corp: 279/19Kb lim: 170 exec/s: 4457 rss: 670Mb L: 170/170 MS: 2 InsertRepeatedBytes-InsertRepeatedBytes-
#53549	REDUCE cov: 1058 ft: 2828 corp: 279/19Kb lim: 170 exec/s: 4462 rss: 670Mb L: 136/170 MS: 4 EraseBytes-CopyPart-ChangeBinInt-InsertRepeatedBytes-
#53551	REDUCE cov: 1058 ft: 2829 corp: 280/19Kb lim: 170 exec/s: 4462 rss: 670Mb L: 157/170 MS: 2 PersAutoDict-InsertRepeatedBytes- DE: "\032\000"-
#53721	NEW    cov: 1058 ft: 2832 corp: 281/19Kb lim: 170 exec/s: 4476 rss: 674Mb L: 168/170 MS: 5 ChangeBit-InsertRepeatedBytes-CrossOver-CrossOver-InsertRepeatedBytes-
#53874	REDUCE cov: 1058 ft: 2832 corp: 281/19Kb lim: 170 exec/s: 4489 rss: 674Mb L: 42/170 MS: 3 ChangeByte-ChangeBit-EraseBytes-
#53954	NEW    cov: 1058 ft: 2833 corp: 282/19Kb lim: 170 exec/s: 4496 rss: 674Mb L: 170/170 MS: 5 ChangeBit-InsertRepeatedBytes-PersAutoDict-InsertByte-CopyPart- DE: "9\2572\000`P\000\000"-
#54222	REDUCE cov: 1058 ft: 2834 corp: 283/19Kb lim: 170 exec/s: 4518 rss: 676Mb L: 168/170 MS: 3 ChangeByte-InsertRepeatedBytes-InsertRepeatedBytes-
#54810	REDUCE cov: 1058 ft: 2835 corp: 284/20Kb lim: 170 exec/s: 4567 rss: 678Mb L: 155/170 MS: 3 CopyPart-InsertRepeatedBytes-InsertRepeatedBytes-
#54884	REDUCE cov: 1058 ft: 2836 corp: 285/20Kb lim: 170 exec/s: 4573 rss: 678Mb L: 169/170 MS: 4 EraseBytes-InsertRepeatedBytes-CopyPart-InsertRepeatedBytes-
#55347	REDUCE cov: 1058 ft: 2836 corp: 285/20Kb lim: 170 exec/s: 4612 rss: 678Mb L: 138/170 MS: 3 ChangeBit-EraseBytes-PersAutoDict- DE: "\001\000\000\000\000\000\000\026"-
#55513	NEW    cov: 1058 ft: 2837 corp: 286/20Kb lim: 170 exec/s: 4270 rss: 679Mb L: 149/170 MS: 1 CopyPart-
#55545	NEW    cov: 1058 ft: 2838 corp: 287/20Kb lim: 170 exec/s: 4272 rss: 679Mb L: 170/170 MS: 2 InsertRepeatedBytes-InsertByte-
#55653	REDUCE cov: 1058 ft: 2838 corp: 287/20Kb lim: 170 exec/s: 4281 rss: 679Mb L: 138/170 MS: 3 PersAutoDict-EraseBytes-CopyPart- DE: "\013\000\000\000"-
#56072	REDUCE cov: 1058 ft: 2838 corp: 287/20Kb lim: 170 exec/s: 4313 rss: 681Mb L: 122/170 MS: 4 ChangeByte-CMP-ChangeByte-EraseBytes- DE: "\000\000\000\000\000\000\000\027"-
#56916	NEW    cov: 1058 ft: 2843 corp: 288/20Kb lim: 177 exec/s: 4378 rss: 687Mb L: 177/177 MS: 4 EraseBytes-CopyPart-InsertRepeatedBytes-InsertRepeatedBytes-
#57050	NEW    cov: 1058 ft: 2848 corp: 289/20Kb lim: 177 exec/s: 4388 rss: 687Mb L: 176/177 MS: 4 ShuffleBytes-InsertByte-InsertRepeatedBytes-CrossOver-
#57396	REDUCE cov: 1058 ft: 2848 corp: 289/20Kb lim: 177 exec/s: 4415 rss: 687Mb L: 169/177 MS: 1 CrossOver-
#57734	REDUCE cov: 1058 ft: 2848 corp: 289/20Kb lim: 177 exec/s: 4441 rss: 688Mb L: 145/177 MS: 3 ShuffleBytes-CrossOver-InsertRepeatedBytes-
#57891	REDUCE cov: 1058 ft: 2848 corp: 289/20Kb lim: 177 exec/s: 4453 rss: 689Mb L: 33/177 MS: 2 CMP-EraseBytes- DE: "\001\000\000\021"-
#58035	NEW    cov: 1058 ft: 2849 corp: 290/21Kb lim: 177 exec/s: 4464 rss: 689Mb L: 176/177 MS: 4 ChangeByte-CMP-ChangeBit-CopyPart- DE: "\000\000P\340\000\025\213d"-
#58126	REDUCE cov: 1058 ft: 2849 corp: 290/21Kb lim: 177 exec/s: 4471 rss: 689Mb L: 72/177 MS: 1 EraseBytes-
#58874	NEW    cov: 1058 ft: 2851 corp: 291/21Kb lim: 184 exec/s: 4205 rss: 690Mb L: 180/180 MS: 3 CMP-InsertByte-PersAutoDict- DE: "\377\377O\260\0008\311\251"-"\007\000"-
#58923	NEW    cov: 1058 ft: 2852 corp: 292/21Kb lim: 184 exec/s: 4208 rss: 690Mb L: 183/183 MS: 4 CopyPart-ShuffleBytes-InsertByte-CopyPart-
#58925	NEW    cov: 1058 ft: 2857 corp: 293/21Kb lim: 184 exec/s: 4208 rss: 690Mb L: 184/184 MS: 2 InsertRepeatedBytes-InsertRepeatedBytes-
#59016	REDUCE cov: 1058 ft: 2857 corp: 293/21Kb lim: 184 exec/s: 4215 rss: 690Mb L: 30/184 MS: 1 EraseBytes-
#59044	NEW    cov: 1058 ft: 2866 corp: 294/21Kb lim: 184 exec/s: 4217 rss: 690Mb L: 184/184 MS: 3 CrossOver-InsertRepeatedBytes-CMP- DE: "\001\000\000\000"-
#59454	REDUCE cov: 1058 ft: 2866 corp: 294/21Kb lim: 184 exec/s: 4246 rss: 690Mb L: 32/184 MS: 5 CrossOver-InsertByte-CopyPart-ChangeBit-EraseBytes-
#59760	REDUCE cov: 1058 ft: 2866 corp: 294/21Kb lim: 184 exec/s: 4268 rss: 690Mb L: 30/184 MS: 1 EraseBytes-
#59970	REDUCE cov: 1058 ft: 2866 corp: 294/21Kb lim: 184 exec/s: 4283 rss: 690Mb L: 134/184 MS: 5 PersAutoDict-ChangeByte-PersAutoDict-EraseBytes-CopyPart- DE: "\030\000\000\000\000\000\000\000"-"\377\377O\320\000#w\364"-
#60392	REDUCE cov: 1058 ft: 2866 corp: 294/21Kb lim: 184 exec/s: 4313 rss: 690Mb L: 176/184 MS: 2 InsertByte-EraseBytes-
#60665	NEW    cov: 1058 ft: 2867 corp: 295/21Kb lim: 184 exec/s: 4333 rss: 690Mb L: 184/184 MS: 3 ShuffleBytes-InsertRepeatedBytes-CrossOver-
#61143	REDUCE cov: 1058 ft: 2868 corp: 296/22Kb lim: 184 exec/s: 4076 rss: 690Mb L: 157/184 MS: 3 InsertRepeatedBytes-ChangeASCIIInt-InsertByte-
#61853	REDUCE cov: 1058 ft: 2868 corp: 296/22Kb lim: 191 exec/s: 4123 rss: 690Mb L: 44/184 MS: 5 CopyPart-InsertByte-CopyPart-CopyPart-EraseBytes-
#62110	NEW    cov: 1058 ft: 2871 corp: 297/22Kb lim: 191 exec/s: 4140 rss: 690Mb L: 190/190 MS: 2 InsertRepeatedBytes-InsertRepeatedBytes-
#62816	NEW    cov: 1058 ft: 2879 corp: 298/22Kb lim: 198 exec/s: 4187 rss: 690Mb L: 198/198 MS: 1 InsertRepeatedBytes-
#63529	NEW    cov: 1058 ft: 2881 corp: 299/22Kb lim: 205 exec/s: 4235 rss: 690Mb L: 205/205 MS: 3 CrossOver-ChangeByte-InsertRepeatedBytes-
#63846	REDUCE cov: 1058 ft: 2881 corp: 299/22Kb lim: 205 exec/s: 3990 rss: 690Mb L: 204/204 MS: 2 EraseBytes-InsertRepeatedBytes-
#64332	REDUCE cov: 1058 ft: 2881 corp: 299/22Kb lim: 205 exec/s: 4020 rss: 690Mb L: 61/204 MS: 1 EraseBytes-
#64843	REDUCE cov: 1058 ft: 2881 corp: 299/22Kb lim: 205 exec/s: 4052 rss: 690Mb L: 144/204 MS: 1 EraseBytes-
#64914	REDUCE cov: 1058 ft: 2881 corp: 299/22Kb lim: 205 exec/s: 4057 rss: 690Mb L: 28/204 MS: 1 EraseBytes-
#65111	REDUCE cov: 1058 ft: 2881 corp: 299/22Kb lim: 205 exec/s: 4069 rss: 690Mb L: 80/204 MS: 2 ChangeByte-EraseBytes-
#65536	pulse  cov: 1058 ft: 2881 corp: 299/22Kb lim: 205 exec/s: 4096 rss: 690Mb
#66670	NEW    cov: 1058 ft: 2887 corp: 300/22Kb lim: 219 exec/s: 3921 rss: 690Mb L: 218/218 MS: 4 ShuffleBytes-InsertRepeatedBytes-ChangeByte-CrossOver-
#67212	NEW    cov: 1058 ft: 2888 corp: 301/23Kb lim: 219 exec/s: 3953 rss: 690Mb L: 214/218 MS: 2 ChangeBinInt-InsertRepeatedBytes-
#67569	REDUCE cov: 1058 ft: 2888 corp: 301/23Kb lim: 219 exec/s: 3974 rss: 690Mb L: 49/218 MS: 2 ChangeBinInt-EraseBytes-
#68198	REDUCE cov: 1058 ft: 2894 corp: 302/23Kb lim: 219 exec/s: 4011 rss: 690Mb L: 217/218 MS: 4 ChangeByte-InsertByte-ChangeBit-CopyPart-
#68904	REDUCE cov: 1058 ft: 2895 corp: 303/23Kb lim: 226 exec/s: 3828 rss: 690Mb L: 225/225 MS: 1 InsertRepeatedBytes-
#69068	NEW    cov: 1058 ft: 2896 corp: 304/23Kb lim: 226 exec/s: 3837 rss: 690Mb L: 220/225 MS: 4 InsertByte-ChangeByte-CrossOver-InsertRepeatedBytes-
#69284	NEW    cov: 1058 ft: 2902 corp: 305/23Kb lim: 226 exec/s: 3849 rss: 690Mb L: 218/225 MS: 1 InsertByte-
#69295	REDUCE cov: 1058 ft: 2902 corp: 305/23Kb lim: 226 exec/s: 3849 rss: 690Mb L: 32/225 MS: 1 EraseBytes-
#69453	NEW    cov: 1058 ft: 2908 corp: 306/24Kb lim: 226 exec/s: 3858 rss: 690Mb L: 217/225 MS: 3 PersAutoDict-PersAutoDict-ChangeByte- DE: "\001\000"-"\012\000"-
#69882	NEW    cov: 1058 ft: 2909 corp: 307/24Kb lim: 226 exec/s: 3882 rss: 690Mb L: 223/225 MS: 4 ChangeByte-ChangeBinInt-EraseBytes-InsertRepeatedBytes-
#70043	NEW    cov: 1058 ft: 2910 corp: 308/24Kb lim: 226 exec/s: 3891 rss: 690Mb L: 224/225 MS: 1 CrossOver-
#70050	NEW    cov: 1058 ft: 2911 corp: 309/24Kb lim: 226 exec/s: 3891 rss: 690Mb L: 226/226 MS: 2 InsertRepeatedBytes-CopyPart-
#70232	REDUCE cov: 1058 ft: 2911 corp: 309/24Kb lim: 226 exec/s: 3901 rss: 690Mb L: 73/226 MS: 2 ChangeBinInt-EraseBytes-
#70410	REDUCE cov: 1058 ft: 2911 corp: 309/24Kb lim: 226 exec/s: 3911 rss: 690Mb L: 160/226 MS: 3 InsertByte-CopyPart-EraseBytes-
#71692	REDUCE cov: 1058 ft: 2911 corp: 309/24Kb lim: 233 exec/s: 3773 rss: 690Mb L: 28/226 MS: 2 PersAutoDict-EraseBytes- DE: "\026\000"-
#71969	NEW    cov: 1058 ft: 2912 corp: 310/24Kb lim: 233 exec/s: 3787 rss: 690Mb L: 158/226 MS: 2 CopyPart-InsertByte-
#72028	NEW    cov: 1058 ft: 2913 corp: 311/25Kb lim: 233 exec/s: 3790 rss: 690Mb L: 225/226 MS: 4 ShuffleBytes-CMP-InsertByte-ChangeBit- DE: "\017\000\000\000"-
#72209	REDUCE cov: 1058 ft: 2913 corp: 311/25Kb lim: 233 exec/s: 3800 rss: 690Mb L: 218/225 MS: 1 EraseBytes-
#72610	NEW    cov: 1058 ft: 2914 corp: 312/25Kb lim: 233 exec/s: 3821 rss: 690Mb L: 233/233 MS: 1 InsertRepeatedBytes-
#72746	REDUCE cov: 1058 ft: 2914 corp: 312/25Kb lim: 233 exec/s: 3828 rss: 690Mb L: 152/233 MS: 1 EraseBytes-
#72897	REDUCE cov: 1058 ft: 2914 corp: 312/25Kb lim: 233 exec/s: 3836 rss: 690Mb L: 61/233 MS: 1 EraseBytes-
#73094	REDUCE cov: 1058 ft: 2914 corp: 312/25Kb lim: 233 exec/s: 3847 rss: 690Mb L: 202/233 MS: 2 ChangeBinInt-EraseBytes-
#73100	NEW    cov: 1058 ft: 2915 corp: 313/25Kb lim: 233 exec/s: 3847 rss: 690Mb L: 218/233 MS: 1 ChangeBit-
#73102	REDUCE cov: 1058 ft: 2915 corp: 313/25Kb lim: 233 exec/s: 3847 rss: 690Mb L: 144/233 MS: 2 InsertByte-EraseBytes-
#73289	REDUCE cov: 1058 ft: 2915 corp: 313/25Kb lim: 233 exec/s: 3857 rss: 690Mb L: 53/233 MS: 2 ShuffleBytes-EraseBytes-
#73439	REDUCE cov: 1058 ft: 2915 corp: 313/25Kb lim: 233 exec/s: 3865 rss: 690Mb L: 153/233 MS: 5 InsertByte-ChangeASCIIInt-PersAutoDict-ShuffleBytes-EraseBytes- DE: "\035\000\000\000\000\000\000\000"-
#73812	REDUCE cov: 1058 ft: 2915 corp: 313/25Kb lim: 233 exec/s: 3690 rss: 690Mb L: 154/233 MS: 3 ShuffleBytes-PersAutoDict-EraseBytes- DE: "8\000\000\000\000\000\000\000"-
#73933	REDUCE cov: 1058 ft: 2915 corp: 313/25Kb lim: 233 exec/s: 3696 rss: 690Mb L: 38/233 MS: 1 EraseBytes-
#74605	REDUCE cov: 1058 ft: 2915 corp: 313/25Kb lim: 233 exec/s: 3730 rss: 690Mb L: 90/233 MS: 2 CrossOver-EraseBytes-
#75121	REDUCE cov: 1058 ft: 2915 corp: 313/25Kb lim: 233 exec/s: 3756 rss: 690Mb L: 214/233 MS: 1 EraseBytes-
#75913	NEW    cov: 1058 ft: 2917 corp: 314/25Kb lim: 240 exec/s: 3795 rss: 690Mb L: 229/233 MS: 2 PersAutoDict-CrossOver- DE: "\001\000\000\000\000\000\000\002"-
#76387	REDUCE cov: 1058 ft: 2917 corp: 314/25Kb lim: 240 exec/s: 3637 rss: 690Mb L: 148/233 MS: 4 EraseBytes-CMP-CrossOver-CrossOver- DE: "\011\000"-
#77436	REDUCE cov: 1058 ft: 2917 corp: 314/25Kb lim: 247 exec/s: 3687 rss: 690Mb L: 124/233 MS: 4 ChangeBit-EraseBytes-ChangeBit-CopyPart-
#77617	REDUCE cov: 1058 ft: 2917 corp: 314/25Kb lim: 247 exec/s: 3696 rss: 690Mb L: 116/233 MS: 1 EraseBytes-
#77816	NEW    cov: 1058 ft: 2918 corp: 315/25Kb lim: 247 exec/s: 3705 rss: 690Mb L: 235/235 MS: 4 ChangeBit-ChangeASCIIInt-ChangeByte-CopyPart-
#78637	NEW    cov: 1058 ft: 2928 corp: 316/26Kb lim: 254 exec/s: 3574 rss: 690Mb L: 250/250 MS: 1 InsertRepeatedBytes-
#78701	NEW    cov: 1058 ft: 2933 corp: 317/26Kb lim: 254 exec/s: 3577 rss: 690Mb L: 254/254 MS: 4 ChangeBit-CrossOver-CrossOver-InsertRepeatedBytes-
#78905	REDUCE cov: 1058 ft: 2933 corp: 317/26Kb lim: 254 exec/s: 3586 rss: 690Mb L: 32/254 MS: 4 CopyPart-InsertByte-CrossOver-EraseBytes-
#78978	REDUCE cov: 1058 ft: 2933 corp: 317/26Kb lim: 254 exec/s: 3589 rss: 690Mb L: 38/254 MS: 3 PersAutoDict-ShuffleBytes-EraseBytes- DE: "A\000\000\000\000\000\000\000"-
#79000	NEW    cov: 1058 ft: 2939 corp: 318/26Kb lim: 254 exec/s: 3590 rss: 690Mb L: 253/254 MS: 2 ChangeByte-CrossOver-
#79695	NEW    cov: 1058 ft: 2944 corp: 319/26Kb lim: 254 exec/s: 3622 rss: 690Mb L: 251/254 MS: 5 CopyPart-ShuffleBytes-ChangeASCIIInt-ChangeBinInt-InsertRepeatedBytes-
#79861	REDUCE cov: 1058 ft: 2944 corp: 319/26Kb lim: 254 exec/s: 3630 rss: 690Mb L: 207/254 MS: 1 EraseBytes-
#80004	REDUCE cov: 1058 ft: 2944 corp: 319/26Kb lim: 254 exec/s: 3636 rss: 690Mb L: 152/254 MS: 3 ShuffleBytes-CopyPart-EraseBytes-
#80663	REDUCE cov: 1058 ft: 2944 corp: 319/26Kb lim: 254 exec/s: 3666 rss: 690Mb L: 21/254 MS: 4 ChangeByte-EraseBytes-InsertByte-ChangeBinInt-
	NEW_FUNC[1/8]: 0x563206f9c580 in streamify::dsp::AcousticPhaseResampler::AcousticPhaseResampler() /home/runner/work/streamify-apk/streamify-apk/native/dsp/AcousticPhaseResampler.cc:74
	NEW_FUNC[2/8]: 0x563206f9b500 in streamify::dsp::AcousticPhaseResampler::AcousticPhaseResampler(streamify::dsp::AcousticPhaseResampler::Config const&) /home/runner/work/streamify-apk/streamify-apk/native/dsp/AcousticPhaseResampler.cc:77
#81440	NEW    cov: 1144 ft: 3053 corp: 320/27Kb lim: 261 exec/s: 3540 rss: 690Mb L: 257/257 MS: 2 InsertByte-InsertRepeatedBytes-
#81538	NEW    cov: 1198 ft: 3170 corp: 321/27Kb lim: 261 exec/s: 3545 rss: 690Mb L: 261/261 MS: 3 PersAutoDict-CopyPart-CopyPart- DE: "\035\000\000\000\000\000\000\000"-
#81622	NEW    cov: 1208 ft: 3189 corp: 322/27Kb lim: 261 exec/s: 3548 rss: 690Mb L: 260/261 MS: 4 ChangeASCIIInt-CrossOver-CrossOver-CrossOver-
#81671	NEW    cov: 1208 ft: 3192 corp: 323/27Kb lim: 261 exec/s: 3550 rss: 690Mb L: 257/261 MS: 4 InsertByte-ChangeByte-CMP-InsertRepeatedBytes- DE: "\001\000\000\002"-
#81697	NEW    cov: 1208 ft: 3193 corp: 324/28Kb lim: 261 exec/s: 3552 rss: 690Mb L: 248/261 MS: 1 InsertRepeatedBytes-
#81736	REDUCE cov: 1208 ft: 3193 corp: 324/28Kb lim: 261 exec/s: 3553 rss: 690Mb L: 250/261 MS: 4 EraseBytes-CopyPart-ChangeByte-CopyPart-
#81873	NEW    cov: 1208 ft: 3195 corp: 325/28Kb lim: 261 exec/s: 3559 rss: 690Mb L: 261/261 MS: 2 ChangeBit-InsertByte-
#81906	NEW    cov: 1208 ft: 3198 corp: 326/28Kb lim: 261 exec/s: 3561 rss: 690Mb L: 260/261 MS: 3 InsertRepeatedBytes-InsertRepeatedBytes-InsertRepeatedBytes-
#81940	REDUCE cov: 1208 ft: 3202 corp: 327/28Kb lim: 261 exec/s: 3562 rss: 690Mb L: 259/261 MS: 4 InsertByte-ChangeBit-InsertRepeatedBytes-CrossOver-
#82145	REDUCE cov: 1208 ft: 3203 corp: 328/29Kb lim: 261 exec/s: 3571 rss: 690Mb L: 259/261 MS: 5 ChangeBinInt-CrossOver-ChangeBit-ChangeBinInt-InsertRepeatedBytes-
#82151	REDUCE cov: 1208 ft: 3203 corp: 328/29Kb lim: 261 exec/s: 3571 rss: 690Mb L: 130/261 MS: 1 CrossOver-
#82200	NEW    cov: 1208 ft: 3204 corp: 329/29Kb lim: 261 exec/s: 3573 rss: 690Mb L: 261/261 MS: 4 CrossOver-PersAutoDict-ChangeByte-CopyPart- DE: "\001\000\000\002"-
#82323	NEW    cov: 1208 ft: 3223 corp: 330/29Kb lim: 261 exec/s: 3579 rss: 690Mb L: 260/261 MS: 3 ChangeByte-InsertByte-InsertRepeatedBytes-
#82386	REDUCE cov: 1208 ft: 3224 corp: 331/29Kb lim: 261 exec/s: 3582 rss: 690Mb L: 257/261 MS: 3 InsertRepeatedBytes-CrossOver-PersAutoDict- DE: "\004\000\000\000"-
#82512	NEW    cov: 1208 ft: 3225 corp: 332/30Kb lim: 261 exec/s: 3587 rss: 690Mb L: 261/261 MS: 1 InsertByte-
#82523	NEW    cov: 1208 ft: 3230 corp: 333/30Kb lim: 261 exec/s: 3587 rss: 690Mb L: 261/261 MS: 1 CrossOver-
#82550	NEW    cov: 1208 ft: 3232 corp: 334/30Kb lim: 261 exec/s: 3589 rss: 690Mb L: 257/261 MS: 2 InsertByte-CMP- DE: "Y\262$\000\300P\000\000"-
#82800	NEW    cov: 1208 ft: 3233 corp: 335/30Kb lim: 261 exec/s: 3600 rss: 690Mb L: 260/261 MS: 5 PersAutoDict-CopyPart-ShuffleBytes-CopyPart-InsertRepeatedBytes- DE: "\035\000\000\000\000\000\000\000"-
#82978	NEW    cov: 1208 ft: 3234 corp: 336/31Kb lim: 261 exec/s: 3457 rss: 690Mb L: 258/261 MS: 3 PersAutoDict-CMP-CopyPart- DE: "Y\262$\000\300P\000\000"-"\001\000\000\000\000\000\000\020"-
#83089	NEW    cov: 1208 ft: 3235 corp: 337/31Kb lim: 261 exec/s: 3462 rss: 690Mb L: 163/261 MS: 1 ShuffleBytes-
#83143	NEW    cov: 1208 ft: 3236 corp: 338/31Kb lim: 261 exec/s: 3464 rss: 690Mb L: 261/261 MS: 4 PersAutoDict-ShuffleBytes-ChangeBit-CopyPart- DE: "\007\000\000\000\000\000\000\000"-
#83153	REDUCE cov: 1208 ft: 3238 corp: 339/31Kb lim: 261 exec/s: 3464 rss: 690Mb L: 252/261 MS: 5 CMP-InsertRepeatedBytes-CrossOver-CopyPart-InsertByte- DE: "\000\000\000\000\000\000\000\020"-
#83348	NEW    cov: 1208 ft: 3239 corp: 340/32Kb lim: 261 exec/s: 3472 rss: 690Mb L: 261/261 MS: 5 PersAutoDict-ChangeByte-CMP-PersAutoDict-CrossOver- DE: "\230\000"-"\000\001"-"8\000\000\000\000\000\000\000"-
#83719	REDUCE cov: 1208 ft: 3239 corp: 340/32Kb lim: 261 exec/s: 3488 rss: 690Mb L: 24/261 MS: 1 EraseBytes-
#83899	REDUCE cov: 1208 ft: 3240 corp: 341/32Kb lim: 261 exec/s: 3495 rss: 690Mb L: 256/261 MS: 5 ChangeByte-InsertRepeatedBytes-ChangeBinInt-ChangeBit-InsertRepeatedBytes-
#83966	REDUCE cov: 1208 ft: 3240 corp: 341/32Kb lim: 261 exec/s: 3498 rss: 690Mb L: 159/261 MS: 2 ChangeByte-EraseBytes-
#84202	REDUCE cov: 1208 ft: 3240 corp: 341/32Kb lim: 261 exec/s: 3508 rss: 690Mb L: 64/261 MS: 1 EraseBytes-
#84426	NEW    cov: 1208 ft: 3241 corp: 342/32Kb lim: 261 exec/s: 3517 rss: 690Mb L: 259/261 MS: 4 ChangeBinInt-CrossOver-CopyPart-CopyPart-
#84625	NEW    cov: 1208 ft: 3242 corp: 343/32Kb lim: 261 exec/s: 3385 rss: 690Mb L: 256/261 MS: 4 ShuffleBytes-InsertRepeatedBytes-CMP-CrossOver- DE: "\001\000\000\000\000\000\000\006"-
#84638	REDUCE cov: 1208 ft: 3243 corp: 344/33Kb lim: 261 exec/s: 3385 rss: 690Mb L: 259/261 MS: 3 InsertRepeatedBytes-CopyPart-CopyPart-
#84900	REDUCE cov: 1208 ft: 3243 corp: 344/33Kb lim: 261 exec/s: 3396 rss: 690Mb L: 140/261 MS: 2 ShuffleBytes-EraseBytes-
#85785	NEW    cov: 1208 ft: 3250 corp: 345/33Kb lim: 269 exec/s: 3431 rss: 690Mb L: 269/269 MS: 5 ChangeBit-ChangeASCIIInt-ShuffleBytes-ShuffleBytes-CopyPart-
#85788	REDUCE cov: 1208 ft: 3250 corp: 345/33Kb lim: 269 exec/s: 3431 rss: 690Mb L: 28/269 MS: 3 EraseBytes-ChangeByte-InsertByte-
#85818	NEW    cov: 1208 ft: 3256 corp: 346/33Kb lim: 269 exec/s: 3432 rss: 690Mb L: 268/269 MS: 5 CrossOver-ChangeBit-ChangeBinInt-InsertRepeatedBytes-CrossOver-
#85865	REDUCE cov: 1208 ft: 3260 corp: 347/33Kb lim: 269 exec/s: 3434 rss: 690Mb L: 263/269 MS: 2 InsertRepeatedBytes-CrossOver-
#85868	NEW    cov: 1208 ft: 3261 corp: 348/34Kb lim: 269 exec/s: 3434 rss: 690Mb L: 267/269 MS: 3 ChangeByte-ChangeASCIIInt-CrossOver-
#85937	NEW    cov: 1208 ft: 3266 corp: 349/34Kb lim: 269 exec/s: 3437 rss: 690Mb L: 268/269 MS: 4 CopyPart-InsertRepeatedBytes-ChangeByte-InsertRepeatedBytes-
#86048	NEW    cov: 1208 ft: 3267 corp: 350/34Kb lim: 269 exec/s: 3441 rss: 690Mb L: 269/269 MS: 1 CrossOver-
#86311	NEW    cov: 1208 ft: 3268 corp: 351/34Kb lim: 269 exec/s: 3452 rss: 690Mb L: 249/269 MS: 3 InsertRepeatedBytes-CopyPart-CMP- DE: "\270\000\010\000\000\377\377\377"-
#86624	NEW    cov: 1208 ft: 3269 corp: 352/35Kb lim: 269 exec/s: 3331 rss: 690Mb L: 268/269 MS: 3 CopyPart-InsertByte-InsertRepeatedBytes-
#86674	NEW    cov: 1208 ft: 3271 corp: 353/35Kb lim: 269 exec/s: 3333 rss: 690Mb L: 265/269 MS: 5 ShuffleBytes-InsertRepeatedBytes-PersAutoDict-ChangeBinInt-PersAutoDict- DE: "\000\000P\340\000\025\213d"-"\004\000\000\000"-
#86754	NEW    cov: 1208 ft: 3274 corp: 354/35Kb lim: 269 exec/s: 3336 rss: 690Mb L: 264/269 MS: 5 CMP-ChangeBit-PersAutoDict-CopyPart-InsertByte- DE: "\001\000"-"\026\000"-
#86965	NEW    cov: 1208 ft: 3275 corp: 355/35Kb lim: 269 exec/s: 3344 rss: 690Mb L: 268/269 MS: 1 ChangeBit-
#87187	NEW    cov: 1208 ft: 3276 corp: 356/36Kb lim: 269 exec/s: 3353 rss: 690Mb L: 268/269 MS: 2 ChangeByte-CopyPart-
#87326	NEW    cov: 1208 ft: 3278 corp: 357/36Kb lim: 269 exec/s: 3358 rss: 690Mb L: 269/269 MS: 4 ShuffleBytes-ShuffleBytes-ChangeBit-InsertByte-
#87362	REDUCE cov: 1208 ft: 3278 corp: 357/36Kb lim: 269 exec/s: 3360 rss: 690Mb L: 86/269 MS: 1 EraseBytes-
#88105	NEW    cov: 1208 ft: 3279 corp: 358/36Kb lim: 269 exec/s: 3263 rss: 690Mb L: 269/269 MS: 3 PersAutoDict-ChangeBinInt-InsertByte- DE: "\012\000"-
#88274	NEW    cov: 1208 ft: 3280 corp: 359/37Kb lim: 269 exec/s: 3269 rss: 690Mb L: 269/269 MS: 4 PersAutoDict-ChangeBit-ShuffleBytes-InsertByte- DE: "\220\014\030\000 P\000\000"-
#88706	REDUCE cov: 1208 ft: 3280 corp: 359/36Kb lim: 269 exec/s: 3285 rss: 690Mb L: 208/269 MS: 2 EraseBytes-CopyPart-
#88790	NEW    cov: 1208 ft: 3282 corp: 360/37Kb lim: 269 exec/s: 3288 rss: 690Mb L: 269/269 MS: 4 ChangeASCIIInt-ChangeBinInt-PersAutoDict-ChangeBinInt- DE: "9\2572\000`P\000\000"-
#88866	REDUCE cov: 1208 ft: 3282 corp: 360/37Kb lim: 269 exec/s: 3291 rss: 690Mb L: 67/269 MS: 1 EraseBytes-
#89025	REDUCE cov: 1208 ft: 3282 corp: 360/37Kb lim: 269 exec/s: 3297 rss: 690Mb L: 189/269 MS: 4 CopyPart-CrossOver-ChangeBit-EraseBytes-
#89356	REDUCE cov: 1208 ft: 3282 corp: 360/37Kb lim: 269 exec/s: 3309 rss: 690Mb L: 153/269 MS: 1 EraseBytes-
#89614	REDUCE cov: 1208 ft: 3282 corp: 360/37Kb lim: 269 exec/s: 3200 rss: 690Mb L: 259/269 MS: 3 CrossOver-PersAutoDict-EraseBytes- DE: "\000\000\000\017"-
#90347	REDUCE cov: 1208 ft: 3282 corp: 360/37Kb lim: 269 exec/s: 3226 rss: 690Mb L: 169/269 MS: 3 EraseBytes-ChangeByte-CrossOver-
#90420	REDUCE cov: 1208 ft: 3282 corp: 360/37Kb lim: 269 exec/s: 3229 rss: 690Mb L: 152/269 MS: 3 InsertByte-CopyPart-EraseBytes-
#90692	REDUCE cov: 1208 ft: 3282 corp: 360/37Kb lim: 269 exec/s: 3239 rss: 690Mb L: 197/269 MS: 2 CrossOver-CopyPart-
#91062	REDUCE cov: 1208 ft: 3283 corp: 361/37Kb lim: 269 exec/s: 3140 rss: 690Mb L: 265/269 MS: 5 ChangeByte-InsertRepeatedBytes-CMP-InsertByte-CopyPart- DE: "\001\021"-
#91193	REDUCE cov: 1208 ft: 3283 corp: 361/37Kb lim: 269 exec/s: 3144 rss: 690Mb L: 64/269 MS: 1 EraseBytes-
#91268	REDUCE cov: 1208 ft: 3283 corp: 361/37Kb lim: 269 exec/s: 3147 rss: 690Mb L: 131/269 MS: 5 ChangeBinInt-ChangeBit-CMP-InsertByte-EraseBytes- DE: "\207\000\000\000\000\000\000\000"-
#91379	REDUCE cov: 1208 ft: 3283 corp: 361/37Kb lim: 269 exec/s: 3151 rss: 690Mb L: 202/269 MS: 1 EraseBytes-
#92193	NEW    cov: 1208 ft: 3296 corp: 362/37Kb lim: 277 exec/s: 3179 rss: 690Mb L: 272/272 MS: 4 ShuffleBytes-InsertByte-InsertRepeatedBytes-InsertByte-
#92217	NEW    cov: 1208 ft: 3302 corp: 363/37Kb lim: 277 exec/s: 3179 rss: 690Mb L: 273/273 MS: 4 ChangeByte-ChangeBinInt-PersAutoDict-InsertRepeatedBytes- DE: "\002\000\000\000\000\000\000 "-
#92549	REDUCE cov: 1208 ft: 3302 corp: 363/37Kb lim: 277 exec/s: 3191 rss: 690Mb L: 256/273 MS: 2 ShuffleBytes-EraseBytes-
#92782	REDUCE cov: 1208 ft: 3305 corp: 364/38Kb lim: 277 exec/s: 3092 rss: 690Mb L: 276/276 MS: 3 ChangeBinInt-InsertRepeatedBytes-PersAutoDict- DE: "\030\000\000\000\000\000\000\000"-
#93495	REDUCE cov: 1208 ft: 3305 corp: 364/38Kb lim: 277 exec/s: 3116 rss: 690Mb L: 181/276 MS: 3 EraseBytes-ChangeByte-InsertRepeatedBytes-
#94249	REDUCE cov: 1208 ft: 3305 corp: 364/38Kb lim: 277 exec/s: 3040 rss: 690Mb L: 136/276 MS: 4 ChangeBinInt-CopyPart-EraseBytes-EraseBytes-
#94617	REDUCE cov: 1208 ft: 3305 corp: 364/38Kb lim: 277 exec/s: 3052 rss: 690Mb L: 264/276 MS: 3 ChangeByte-EraseBytes-PersAutoDict- DE: "\010\000"-
#95194	NEW    cov: 1208 ft: 3306 corp: 365/38Kb lim: 277 exec/s: 3070 rss: 690Mb L: 270/276 MS: 2 PersAutoDict-CopyPart- DE: "\013\000\000\000"-
#95484	NEW    cov: 1208 ft: 3307 corp: 366/38Kb lim: 277 exec/s: 3080 rss: 690Mb L: 272/276 MS: 5 ShuffleBytes-ChangeBit-InsertRepeatedBytes-ChangeByte-CopyPart-
#95805	REDUCE cov: 1208 ft: 3307 corp: 366/38Kb lim: 277 exec/s: 2993 rss: 690Mb L: 144/276 MS: 1 EraseBytes-
#96041	REDUCE cov: 1208 ft: 3307 corp: 366/38Kb lim: 277 exec/s: 3001 rss: 690Mb L: 139/276 MS: 1 EraseBytes-
#96068	REDUCE cov: 1208 ft: 3307 corp: 366/38Kb lim: 277 exec/s: 3002 rss: 690Mb L: 38/276 MS: 2 ShuffleBytes-EraseBytes-
#97211	NEW    cov: 1208 ft: 3309 corp: 367/39Kb lim: 285 exec/s: 2945 rss: 690Mb L: 284/284 MS: 3 ChangeBinInt-PersAutoDict-InsertRepeatedBytes- DE: "\035\000\000\000\000\000\000\000"-
#97335	NEW    cov: 1208 ft: 3317 corp: 368/39Kb lim: 285 exec/s: 2949 rss: 690Mb L: 280/284 MS: 4 ChangeBinInt-InsertRepeatedBytes-ChangeBit-CMP- DE: "\023\000\000\000"-
#98203	NEW    cov: 1208 ft: 3318 corp: 369/39Kb lim: 293 exec/s: 2975 rss: 690Mb L: 289/289 MS: 3 ChangeBinInt-ChangeBit-InsertRepeatedBytes-
#98226	NEW    cov: 1209 ft: 3319 corp: 370/39Kb lim: 293 exec/s: 2976 rss: 690Mb L: 291/291 MS: 3 ChangeByte-InsertRepeatedBytes-CrossOver-
#98269	NEW    cov: 1209 ft: 3322 corp: 371/40Kb lim: 293 exec/s: 2977 rss: 690Mb L: 293/293 MS: 3 CMP-ChangeBit-CopyPart- DE: "\370\2131\0000P\000\000"-
#98451	REDUCE cov: 1209 ft: 3322 corp: 371/40Kb lim: 293 exec/s: 2895 rss: 690Mb L: 36/293 MS: 2 ShuffleBytes-EraseBytes-
#99192	REDUCE cov: 1209 ft: 3322 corp: 371/40Kb lim: 293 exec/s: 2917 rss: 690Mb L: 247/293 MS: 1 EraseBytes-
#100019	NEW    cov: 1209 ft: 3323 corp: 372/40Kb lim: 301 exec/s: 2857 rss: 690Mb L: 294/294 MS: 2 CrossOver-CopyPart-
#100090	NEW    cov: 1209 ft: 3343 corp: 373/40Kb lim: 301 exec/s: 2859 rss: 690Mb L: 299/299 MS: 1 InsertRepeatedBytes-
#100150	REDUCE cov: 1209 ft: 3359 corp: 374/41Kb lim: 301 exec/s: 2861 rss: 690Mb L: 296/299 MS: 5 EraseBytes-CrossOver-CopyPart-ChangeBit-CopyPart-
#100182	NEW    cov: 1209 ft: 3361 corp: 375/41Kb lim: 301 exec/s: 2862 rss: 690Mb L: 301/301 MS: 2 CopyPart-CopyPart-
#100287	REDUCE cov: 1209 ft: 3364 corp: 376/41Kb lim: 301 exec/s: 2865 rss: 690Mb L: 300/301 MS: 5 ChangeBit-CrossOver-PersAutoDict-ChangeBit-CrossOver- DE: "\000\000\000\017"-
#100464	NEW    cov: 1209 ft: 3366 corp: 377/41Kb lim: 301 exec/s: 2870 rss: 690Mb L: 299/301 MS: 2 CrossOver-CopyPart-
#100503	NEW    cov: 1209 ft: 3368 corp: 378/42Kb lim: 301 exec/s: 2871 rss: 690Mb L: 294/301 MS: 4 CopyPart-ShuffleBytes-InsertRepeatedBytes-InsertRepeatedBytes-
#100582	REDUCE cov: 1209 ft: 3368 corp: 378/42Kb lim: 301 exec/s: 2873 rss: 690Mb L: 281/301 MS: 4 CopyPart-InsertByte-EraseBytes-InsertRepeatedBytes-
#100601	NEW    cov: 1209 ft: 3369 corp: 379/42Kb lim: 301 exec/s: 2874 rss: 690Mb L: 298/301 MS: 4 PersAutoDict-ChangeBit-InsertByte-PersAutoDict- DE: "\001\000\000\021"-"\001\000\000\000\000\000\000\026"-
#100609	REDUCE cov: 1209 ft: 3369 corp: 379/42Kb lim: 301 exec/s: 2874 rss: 690Mb L: 120/301 MS: 3 EraseBytes-ChangeBinInt-InsertByte-
#100764	NEW    cov: 1209 ft: 3372 corp: 380/42Kb lim: 301 exec/s: 2878 rss: 690Mb L: 300/301 MS: 5 InsertByte-EraseBytes-CopyPart-InsertRepeatedBytes-PersAutoDict- DE: "\000\000\000\000\000\000\000\020"-
#100815	NEW    cov: 1209 ft: 3377 corp: 381/43Kb lim: 301 exec/s: 2880 rss: 690Mb L: 301/301 MS: 1 CrossOver-
#100928	NEW    cov: 1209 ft: 3379 corp: 382/43Kb lim: 301 exec/s: 2883 rss: 690Mb L: 300/301 MS: 3 InsertRepeatedBytes-InsertRepeatedBytes-InsertRepeatedBytes-
#100986	NEW    cov: 1209 ft: 3381 corp: 383/43Kb lim: 301 exec/s: 2885 rss: 690Mb L: 296/301 MS: 3 CMP-CopyPart-InsertByte- DE: "!\000\000\000\000\000\000\000"-
#101212	NEW    cov: 1209 ft: 3382 corp: 384/43Kb lim: 301 exec/s: 2811 rss: 690Mb L: 301/301 MS: 1 CopyPart-
#101459	REDUCE cov: 1209 ft: 3383 corp: 385/44Kb lim: 301 exec/s: 2818 rss: 690Mb L: 297/301 MS: 2 ChangeByte-InsertRepeatedBytes-
#101488	REDUCE cov: 1209 ft: 3383 corp: 385/44Kb lim: 301 exec/s: 2819 rss: 690Mb L: 94/301 MS: 4 ShuffleBytes-InsertByte-PersAutoDict-CrossOver- DE: "\007\000"-
#101649	REDUCE cov: 1209 ft: 3383 corp: 385/44Kb lim: 301 exec/s: 2823 rss: 690Mb L: 145/301 MS: 1 EraseBytes-
#101817	REDUCE cov: 1209 ft: 3383 corp: 385/44Kb lim: 301 exec/s: 2828 rss: 690Mb L: 137/301 MS: 3 InsertByte-CopyPart-EraseBytes-
#101828	NEW    cov: 1209 ft: 3385 corp: 386/44Kb lim: 301 exec/s: 2828 rss: 690Mb L: 298/301 MS: 1 CopyPart-
#102137	NEW    cov: 1209 ft: 3387 corp: 387/44Kb lim: 301 exec/s: 2837 rss: 690Mb L: 301/301 MS: 4 ChangeBinInt-ChangeBinInt-ChangeByte-ChangeBinInt-
#102190	NEW    cov: 1209 ft: 3390 corp: 388/45Kb lim: 301 exec/s: 2838 rss: 690Mb L: 301/301 MS: 3 CMP-ChangeByte-ChangeByte- DE: "\035\000"-
#103036	NEW    cov: 1209 ft: 3395 corp: 389/45Kb lim: 309 exec/s: 2784 rss: 690Mb L: 307/307 MS: 1 CopyPart-
#103052	NEW    cov: 1209 ft: 3397 corp: 390/45Kb lim: 309 exec/s: 2785 rss: 690Mb L: 306/307 MS: 1 InsertRepeatedBytes-
#103135	NEW    cov: 1209 ft: 3398 corp: 391/45Kb lim: 309 exec/s: 2787 rss: 690Mb L: 304/307 MS: 3 InsertByte-ChangeBinInt-PersAutoDict- DE: "\013\000\000\000"-
#103225	REDUCE cov: 1209 ft: 3398 corp: 391/45Kb lim: 309 exec/s: 2789 rss: 690Mb L: 274/307 MS: 5 ChangeBinInt-ChangeBit-ChangeByte-ChangeByte-CrossOver-
#103553	NEW    cov: 1209 ft: 3401 corp: 392/46Kb lim: 309 exec/s: 2798 rss: 690Mb L: 309/309 MS: 3 InsertRepeatedBytes-ChangeBinInt-InsertRepeatedBytes-
#103573	NEW    cov: 1209 ft: 3402 corp: 393/46Kb lim: 309 exec/s: 2799 rss: 690Mb L: 303/309 MS: 5 PersAutoDict-ChangeBinInt-CopyPart-EraseBytes-CopyPart- DE: "\220\014\030\000 P\000\000"-
#103696	NEW    cov: 1209 ft: 3404 corp: 394/46Kb lim: 309 exec/s: 2728 rss: 690Mb L: 307/309 MS: 3 CMP-InsertByte-InsertRepeatedBytes- DE: "\001\037"-
#103835	REDUCE cov: 1209 ft: 3405 corp: 395/47Kb lim: 309 exec/s: 2732 rss: 690Mb L: 258/309 MS: 4 PersAutoDict-CopyPart-InsertByte-InsertRepeatedBytes- DE: "\000\000\000\000\000\000\000\027"-
#104141	NEW    cov: 1209 ft: 3407 corp: 396/47Kb lim: 309 exec/s: 2740 rss: 690Mb L: 301/309 MS: 1 CrossOver-
#104329	REDUCE cov: 1209 ft: 3407 corp: 396/47Kb lim: 309 exec/s: 2745 rss: 690Mb L: 128/309 MS: 3 ChangeBinInt-CMP-EraseBytes- DE: "\003\000"-
#104470	NEW    cov: 1209 ft: 3410 corp: 397/47Kb lim: 309 exec/s: 2749 rss: 690Mb L: 303/309 MS: 1 InsertRepeatedBytes-
#104546	REDUCE cov: 1209 ft: 3410 corp: 397/47Kb lim: 309 exec/s: 2751 rss: 690Mb L: 259/309 MS: 1 EraseBytes-
#105361	NEW    cov: 1209 ft: 3416 corp: 398/48Kb lim: 317 exec/s: 2701 rss: 690Mb L: 317/317 MS: 5 CopyPart-ChangeASCIIInt-InsertByte-PersAutoDict-InsertRepeatedBytes- DE: "\003\000\000\000\000\000\000\000"-
#105565	NEW    cov: 1209 ft: 3418 corp: 399/48Kb lim: 317 exec/s: 2706 rss: 690Mb L: 314/317 MS: 4 CopyPart-ShuffleBytes-ChangeBinInt-CrossOver-
#105573	NEW    cov: 1209 ft: 3419 corp: 400/48Kb lim: 317 exec/s: 2707 rss: 690Mb L: 313/317 MS: 3 CrossOver-PersAutoDict-CrossOver- DE: "\377\377\377\377\377\377\377\017"-
#106389	REDUCE cov: 1209 ft: 3423 corp: 401/48Kb lim: 325 exec/s: 2659 rss: 690Mb L: 322/322 MS: 1 CopyPart-
#106980	REDUCE cov: 1209 ft: 3423 corp: 401/48Kb lim: 325 exec/s: 2674 rss: 690Mb L: 67/322 MS: 1 EraseBytes-
#107312	REDUCE cov: 1209 ft: 3423 corp: 401/48Kb lim: 325 exec/s: 2617 rss: 690Mb L: 26/322 MS: 2 ChangeByte-EraseBytes-
#108524	REDUCE cov: 1209 ft: 3423 corp: 401/48Kb lim: 333 exec/s: 2583 rss: 690Mb L: 129/322 MS: 2 ChangeByte-EraseBytes-
#109026	REDUCE cov: 1209 ft: 3423 corp: 401/48Kb lim: 333 exec/s: 2595 rss: 690Mb L: 166/322 MS: 2 ChangeBit-EraseBytes-
#109218	REDUCE cov: 1209 ft: 3423 corp: 401/48Kb lim: 333 exec/s: 2600 rss: 690Mb L: 32/322 MS: 2 EraseBytes-CopyPart-
#111122	NEW    cov: 1209 ft: 3426 corp: 402/49Kb lim: 349 exec/s: 2525 rss: 690Mb L: 329/329 MS: 4 EraseBytes-ShuffleBytes-ChangeBinInt-CopyPart-
#111172	NEW    cov: 1209 ft: 3433 corp: 403/49Kb lim: 349 exec/s: 2526 rss: 690Mb L: 348/348 MS: 5 InsertByte-InsertRepeatedBytes-CopyPart-InsertRepeatedBytes-CopyPart-
#111173	NEW    cov: 1209 ft: 3437 corp: 404/49Kb lim: 349 exec/s: 2526 rss: 690Mb L: 338/348 MS: 1 InsertRepeatedBytes-
#111234	NEW    cov: 1209 ft: 3440 corp: 405/50Kb lim: 349 exec/s: 2528 rss: 690Mb L: 346/348 MS: 1 CopyPart-
#111242	NEW    cov: 1209 ft: 3441 corp: 406/50Kb lim: 349 exec/s: 2528 rss: 690Mb L: 298/348 MS: 3 InsertRepeatedBytes-CopyPart-PersAutoDict- DE: "\002\000\000\000\000\000\000 "-
#111429	NEW    cov: 1209 ft: 3442 corp: 407/50Kb lim: 349 exec/s: 2532 rss: 690Mb L: 342/348 MS: 2 CopyPart-ChangeBinInt-
#111546	REDUCE cov: 1209 ft: 3442 corp: 407/50Kb lim: 349 exec/s: 2535 rss: 690Mb L: 137/348 MS: 2 CMP-EraseBytes- DE: "\001\000\000\026"-
#111567	REDUCE cov: 1209 ft: 3442 corp: 407/50Kb lim: 349 exec/s: 2535 rss: 690Mb L: 64/348 MS: 1 EraseBytes-
#111700	NEW    cov: 1209 ft: 3462 corp: 408/51Kb lim: 349 exec/s: 2482 rss: 690Mb L: 344/348 MS: 3 ChangeBinInt-ChangeByte-CopyPart-
#112516	NEW    cov: 1209 ft: 3464 corp: 409/51Kb lim: 357 exec/s: 2500 rss: 690Mb L: 354/354 MS: 1 CopyPart-
#112626	NEW    cov: 1209 ft: 3465 corp: 410/51Kb lim: 357 exec/s: 2502 rss: 690Mb L: 356/356 MS: 5 InsertByte-InsertRepeatedBytes-CopyPart-CrossOver-CrossOver-
#113012	REDUCE cov: 1209 ft: 3465 corp: 410/51Kb lim: 357 exec/s: 2456 rss: 690Mb L: 256/356 MS: 1 EraseBytes-
#113130	REDUCE cov: 1209 ft: 3465 corp: 410/51Kb lim: 357 exec/s: 2459 rss: 690Mb L: 60/356 MS: 3 ShuffleBytes-CrossOver-EraseBytes-
#113747	REDUCE cov: 1209 ft: 3465 corp: 410/51Kb lim: 357 exec/s: 2472 rss: 690Mb L: 30/356 MS: 2 ChangeASCIIInt-EraseBytes-
#114011	REDUCE cov: 1209 ft: 3465 corp: 410/51Kb lim: 357 exec/s: 2425 rss: 690Mb L: 42/356 MS: 4 ChangeBinInt-ChangeBit-InsertByte-EraseBytes-
#114577	NEW    cov: 1209 ft: 3466 corp: 411/52Kb lim: 357 exec/s: 2437 rss: 690Mb L: 340/356 MS: 1 InsertRepeatedBytes-
#115306	REDUCE cov: 1209 ft: 3466 corp: 411/52Kb lim: 357 exec/s: 2402 rss: 690Mb L: 52/356 MS: 4 ChangeByte-ShuffleBytes-ChangeBinInt-EraseBytes-
#117684	NEW    cov: 1209 ft: 3467 corp: 412/52Kb lim: 373 exec/s: 2353 rss: 690Mb L: 369/369 MS: 3 ChangeByte-CrossOver-InsertRepeatedBytes-
#117729	NEW    cov: 1209 ft: 3468 corp: 413/52Kb lim: 373 exec/s: 2308 rss: 690Mb L: 351/369 MS: 5 CopyPart-PersAutoDict-CopyPart-CopyPart-CrossOver- DE: "\011\000\000\000"-
#117822	REDUCE cov: 1209 ft: 3468 corp: 413/52Kb lim: 373 exec/s: 2310 rss: 690Mb L: 167/369 MS: 3 ShuffleBytes-PersAutoDict-EraseBytes- DE: "\007\000\000\000\000\000\000\000"-
#118801	NEW    cov: 1209 ft: 3481 corp: 414/53Kb lim: 381 exec/s: 2329 rss: 690Mb L: 381/381 MS: 4 ChangeByte-InsertByte-CrossOver-CopyPart-
#119732	REDUCE cov: 1209 ft: 3482 corp: 415/53Kb lim: 389 exec/s: 2302 rss: 690Mb L: 273/381 MS: 1 CopyPart-
#119738	REDUCE cov: 1209 ft: 3482 corp: 415/53Kb lim: 389 exec/s: 2302 rss: 690Mb L: 169/381 MS: 1 EraseBytes-
#120044	NEW    cov: 1209 ft: 3484 corp: 416/53Kb lim: 389 exec/s: 2264 rss: 690Mb L: 387/387 MS: 1 InsertRepeatedBytes-
#120124	NEW    cov: 1209 ft: 3488 corp: 417/54Kb lim: 389 exec/s: 2266 rss: 690Mb L: 386/387 MS: 5 ChangeASCIIInt-InsertByte-ChangeBit-InsertRepeatedBytes-CMP- DE: "\377\377\377\377\377\377\377\037"-
#120267	REDUCE cov: 1209 ft: 3488 corp: 417/54Kb lim: 389 exec/s: 2269 rss: 690Mb L: 249/387 MS: 3 InsertRepeatedBytes-ShuffleBytes-EraseBytes-
#121626	REDUCE cov: 1209 ft: 3488 corp: 417/54Kb lim: 397 exec/s: 2252 rss: 690Mb L: 201/387 MS: 4 ShuffleBytes-CrossOver-InsertByte-PersAutoDict- DE: "\377\377O\320\000#w\364"-
#121644	NEW    cov: 1209 ft: 3492 corp: 418/54Kb lim: 397 exec/s: 2252 rss: 690Mb L: 396/396 MS: 3 ShuffleBytes-PersAutoDict-InsertRepeatedBytes- DE: "\011\000"-
#122368	NEW    cov: 1209 ft: 3493 corp: 419/54Kb lim: 397 exec/s: 2224 rss: 690Mb L: 348/396 MS: 4 PersAutoDict-InsertRepeatedBytes-CopyPart-CopyPart- DE: "\001\000\000\000"-
#122797	NEW    cov: 1209 ft: 3494 corp: 420/55Kb lim: 397 exec/s: 2192 rss: 690Mb L: 370/396 MS: 4 EraseBytes-ChangeByte-ChangeBit-CrossOver-
#123672	REDUCE cov: 1209 ft: 3495 corp: 421/55Kb lim: 405 exec/s: 2208 rss: 690Mb L: 392/396 MS: 5 InsertByte-CopyPart-InsertRepeatedBytes-CopyPart-InsertRepeatedBytes-
#124159	REDUCE cov: 1209 ft: 3495 corp: 421/55Kb lim: 405 exec/s: 2178 rss: 690Mb L: 81/396 MS: 2 ChangeBinInt-EraseBytes-
#124880	REDUCE cov: 1209 ft: 3495 corp: 421/55Kb lim: 405 exec/s: 2153 rss: 690Mb L: 84/396 MS: 1 EraseBytes-
#124998	REDUCE cov: 1209 ft: 3495 corp: 421/55Kb lim: 405 exec/s: 2155 rss: 690Mb L: 288/396 MS: 3 PersAutoDict-PersAutoDict-CrossOver- DE: "\032\000"-"!\000\000\000\000\000\000\000"-
#125742	REDUCE cov: 1209 ft: 3495 corp: 421/55Kb lim: 405 exec/s: 2131 rss: 690Mb L: 257/396 MS: 4 CMP-EraseBytes-InsertByte-CopyPart- DE: "\000\000\000\036"-
#126745	REDUCE cov: 1209 ft: 3495 corp: 421/55Kb lim: 413 exec/s: 2112 rss: 690Mb L: 292/396 MS: 3 PersAutoDict-InsertByte-EraseBytes- DE: "\000\000\000\004"-
#127122	REDUCE cov: 1209 ft: 3495 corp: 421/55Kb lim: 413 exec/s: 2118 rss: 690Mb L: 260/396 MS: 2 ChangeBit-EraseBytes-
#127197	REDUCE cov: 1209 ft: 3495 corp: 421/55Kb lim: 413 exec/s: 2119 rss: 690Mb L: 160/396 MS: 5 ChangeBinInt-ChangeBit-EraseBytes-CrossOver-CopyPart-
#127508	REDUCE cov: 1209 ft: 3495 corp: 421/55Kb lim: 413 exec/s: 2090 rss: 690Mb L: 114/396 MS: 1 EraseBytes-
#129647	NEW    cov: 1209 ft: 3499 corp: 422/55Kb lim: 429 exec/s: 2057 rss: 690Mb L: 385/396 MS: 4 ChangeByte-CMP-ChangeBinInt-PersAutoDict- DE: "\036\000\000\000"-"\001\000\000\026"-
#130876	NEW    cov: 1209 ft: 3501 corp: 423/56Kb lim: 437 exec/s: 2044 rss: 690Mb L: 428/428 MS: 4 ShuffleBytes-ChangeASCIIInt-ChangeASCIIInt-CrossOver-
#131072	pulse  cov: 1209 ft: 3501 corp: 423/56Kb lim: 437 exec/s: 2016 rss: 690Mb
#131088	REDUCE cov: 1209 ft: 3501 corp: 423/56Kb lim: 437 exec/s: 2016 rss: 690Mb L: 130/428 MS: 2 InsertByte-EraseBytes-
#131286	NEW    cov: 1209 ft: 3502 corp: 424/56Kb lim: 437 exec/s: 2019 rss: 690Mb L: 425/428 MS: 3 ChangeByte-ChangeBit-CopyPart-
#131856	NEW    cov: 1209 ft: 3505 corp: 425/57Kb lim: 437 exec/s: 2028 rss: 690Mb L: 434/434 MS: 5 CrossOver-InsertByte-InsertRepeatedBytes-PersAutoDict-CrossOver- DE: "\000\000P\340\000\025\213d"-
#132339	REDUCE cov: 1209 ft: 3505 corp: 425/57Kb lim: 437 exec/s: 2005 rss: 690Mb L: 296/434 MS: 3 ChangeASCIIInt-ShuffleBytes-EraseBytes-
#132601	REDUCE cov: 1209 ft: 3505 corp: 425/57Kb lim: 437 exec/s: 2009 rss: 690Mb L: 400/428 MS: 2 ChangeBit-EraseBytes-
#132792	NEW    cov: 1209 ft: 3506 corp: 426/57Kb lim: 437 exec/s: 2012 rss: 690Mb L: 425/428 MS: 1 InsertRepeatedBytes-
#133255	REDUCE cov: 1209 ft: 3506 corp: 426/57Kb lim: 437 exec/s: 1988 rss: 690Mb L: 61/428 MS: 3 CrossOver-ChangeBinInt-EraseBytes-
#133791	REDUCE cov: 1209 ft: 3506 corp: 426/57Kb lim: 437 exec/s: 1967 rss: 690Mb L: 278/428 MS: 1 EraseBytes-
#133897	REDUCE cov: 1209 ft: 3506 corp: 426/57Kb lim: 437 exec/s: 1969 rss: 690Mb L: 77/428 MS: 1 EraseBytes-
#134041	REDUCE cov: 1209 ft: 3506 corp: 426/57Kb lim: 437 exec/s: 1971 rss: 690Mb L: 128/428 MS: 4 EraseBytes-ShuffleBytes-ShuffleBytes-InsertByte-
#137152	REDUCE cov: 1209 ft: 3506 corp: 426/57Kb lim: 461 exec/s: 1931 rss: 690Mb L: 347/428 MS: 1 EraseBytes-
#139098	REDUCE cov: 1209 ft: 3506 corp: 426/57Kb lim: 477 exec/s: 1905 rss: 690Mb L: 64/428 MS: 1 EraseBytes-
#139193	REDUCE cov: 1209 ft: 3506 corp: 426/57Kb lim: 477 exec/s: 1880 rss: 690Mb L: 65/428 MS: 5 EraseBytes-ChangeASCIIInt-CopyPart-PersAutoDict-InsertByte- DE: "\001\037"-
#139324	REDUCE cov: 1209 ft: 3506 corp: 426/57Kb lim: 477 exec/s: 1882 rss: 690Mb L: 138/428 MS: 1 EraseBytes-
#140434	REDUCE cov: 1209 ft: 3506 corp: 426/57Kb lim: 485 exec/s: 1872 rss: 690Mb L: 260/428 MS: 5 CopyPart-ChangeBinInt-ChangeBit-InsertRepeatedBytes-EraseBytes-
#140512	NEW    cov: 1209 ft: 3507 corp: 427/57Kb lim: 485 exec/s: 1873 rss: 690Mb L: 451/451 MS: 3 CrossOver-ChangeByte-InsertRepeatedBytes-
#141650	REDUCE cov: 1209 ft: 3507 corp: 427/57Kb lim: 493 exec/s: 1863 rss: 690Mb L: 109/451 MS: 3 ShuffleBytes-ShuffleBytes-EraseBytes-
#141786	REDUCE cov: 1209 ft: 3507 corp: 427/57Kb lim: 493 exec/s: 1865 rss: 690Mb L: 392/451 MS: 1 EraseBytes-
#141854	NEW    cov: 1209 ft: 3509 corp: 428/58Kb lim: 493 exec/s: 1866 rss: 690Mb L: 461/461 MS: 3 ChangeByte-ChangeBit-CopyPart-
#142035	REDUCE cov: 1209 ft: 3509 corp: 428/58Kb lim: 493 exec/s: 1844 rss: 690Mb L: 136/461 MS: 1 EraseBytes-
#142683	REDUCE cov: 1209 ft: 3509 corp: 428/58Kb lim: 493 exec/s: 1853 rss: 690Mb L: 304/461 MS: 3 PersAutoDict-CMP-EraseBytes- DE: "\377\377\377\377\377\377\377\017"-"\377\022"-
#142889	REDUCE cov: 1209 ft: 3509 corp: 428/58Kb lim: 493 exec/s: 1831 rss: 690Mb L: 38/461 MS: 1 EraseBytes-
#143180	NEW    cov: 1209 ft: 3510 corp: 429/58Kb lim: 493 exec/s: 1835 rss: 690Mb L: 489/489 MS: 1 CopyPart-
#143202	NEW    cov: 1209 ft: 3511 corp: 430/59Kb lim: 493 exec/s: 1835 rss: 690Mb L: 452/489 MS: 2 ChangeBit-CopyPart-
#144206	REDUCE cov: 1209 ft: 3511 corp: 430/59Kb lim: 501 exec/s: 1825 rss: 690Mb L: 377/489 MS: 4 CMP-EraseBytes-ShuffleBytes-InsertRepeatedBytes- DE: "4b\030\000 P\000\000"-
#144316	REDUCE cov: 1209 ft: 3511 corp: 430/59Kb lim: 501 exec/s: 1826 rss: 690Mb L: 264/489 MS: 5 ShuffleBytes-PersAutoDict-ChangeByte-ChangeBinInt-EraseBytes- DE: "\220\014\030\000 P\000\000"-
#144417	REDUCE cov: 1209 ft: 3511 corp: 430/59Kb lim: 501 exec/s: 1828 rss: 690Mb L: 31/489 MS: 1 EraseBytes-
#145020	NEW    cov: 1209 ft: 3512 corp: 431/59Kb lim: 501 exec/s: 1812 rss: 690Mb L: 501/501 MS: 3 PersAutoDict-ChangeBit-CopyPart- DE: "\377\377\377\377\377\377\377\037"-
#145166	REDUCE cov: 1209 ft: 3512 corp: 431/59Kb lim: 501 exec/s: 1814 rss: 690Mb L: 29/501 MS: 1 EraseBytes-
#145244	REDUCE cov: 1209 ft: 3512 corp: 431/59Kb lim: 501 exec/s: 1815 rss: 690Mb L: 52/501 MS: 3 ChangeBit-PersAutoDict-EraseBytes- DE: "9\2572\000`P\000\000"-
#146069	NEW    cov: 1209 ft: 3524 corp: 432/60Kb lim: 509 exec/s: 1803 rss: 690Mb L: 505/505 MS: 5 InsertByte-CopyPart-CrossOver-ShuffleBytes-InsertRepeatedBytes-
#146648	REDUCE cov: 1209 ft: 3530 corp: 433/60Kb lim: 509 exec/s: 1788 rss: 690Mb L: 505/505 MS: 4 CopyPart-InsertByte-ChangeByte-InsertRepeatedBytes-
#147130	REDUCE cov: 1209 ft: 3530 corp: 433/60Kb lim: 509 exec/s: 1794 rss: 690Mb L: 136/505 MS: 2 ChangeByte-EraseBytes-
#148514	REDUCE cov: 1209 ft: 3530 corp: 433/60Kb lim: 517 exec/s: 1768 rss: 690Mb L: 160/505 MS: 4 InsertRepeatedBytes-EraseBytes-ChangeBit-CopyPart-
	NEW_FUNC[1/2]: 0x563206f9e588 in streamify::math::(anonymous namespace)::buildKeyTable(streamify::math::(anonymous namespace)::KeyTable&, unsigned long const*, int) /home/runner/work/streamify-apk/streamify-apk/native/math/CandidateHasher.cc:249
	NEW_FUNC[2/2]: 0x563206f9ec30 in streamify::math::(anonymous namespace)::KeyTable::find(unsigned long) const /home/runner/work/streamify-apk/streamify-apk/native/math/CandidateHasher.cc:229
#148619	NEW    cov: 1269 ft: 3640 corp: 434/61Kb lim: 517 exec/s: 1769 rss: 690Mb L: 515/515 MS: 5 PersAutoDict-PersAutoDict-ChangeBit-CrossOver-InsertRepeatedBytes- DE: "\003\000\000\000\000\000\000\000"-"A\000\000\000\000\000\000\000"-
#148641	REDUCE cov: 1269 ft: 3640 corp: 434/61Kb lim: 517 exec/s: 1769 rss: 690Mb L: 84/515 MS: 2 ChangeBinInt-EraseBytes-
#148856	NEW    cov: 1269 ft: 3645 corp: 435/61Kb lim: 517 exec/s: 1772 rss: 690Mb L: 510/515 MS: 5 ChangeASCIIInt-ChangeByte-ChangeASCIIInt-EraseBytes-CrossOver-
#149037	NEW    cov: 1269 ft: 3695 corp: 436/62Kb lim: 517 exec/s: 1753 rss: 690Mb L: 517/517 MS: 1 CopyPart-
#149418	REDUCE cov: 1269 ft: 3695 corp: 436/62Kb lim: 517 exec/s: 1757 rss: 690Mb L: 115/517 MS: 1 EraseBytes-
#149626	REDUCE cov: 1269 ft: 3695 corp: 436/62Kb lim: 517 exec/s: 1760 rss: 690Mb L: 273/517 MS: 3 CopyPart-ChangeByte-EraseBytes-
#149726	NEW    cov: 1269 ft: 3742 corp: 437/62Kb lim: 517 exec/s: 1761 rss: 690Mb L: 516/517 MS: 5 CrossOver-CopyPart-ChangeBit-CrossOver-InsertRepeatedBytes-
#149748	NEW    cov: 1269 ft: 3743 corp: 438/63Kb lim: 517 exec/s: 1761 rss: 690Mb L: 515/517 MS: 2 ShuffleBytes-InsertRepeatedBytes-
#149935	NEW    cov: 1269 ft: 3754 corp: 439/63Kb lim: 517 exec/s: 1743 rss: 690Mb L: 513/517 MS: 2 CopyPart-InsertRepeatedBytes-
#150172	NEW    cov: 1271 ft: 3756 corp: 440/64Kb lim: 517 exec/s: 1746 rss: 690Mb L: 515/517 MS: 2 ChangeBit-CopyPart-
#150301	NEW    cov: 1271 ft: 3757 corp: 441/64Kb lim: 517 exec/s: 1747 rss: 690Mb L: 516/517 MS: 4 ChangeBinInt-InsertByte-CMP-CopyPart- DE: "\001\000\000\000\000\000\002\004"-
#150971	REDUCE cov: 1271 ft: 3763 corp: 442/65Kb lim: 517 exec/s: 1735 rss: 690Mb L: 514/517 MS: 5 InsertByte-InsertRepeatedBytes-ChangeBinInt-InsertRepeatedBytes-InsertRepeatedBytes-
#151581	REDUCE cov: 1271 ft: 3763 corp: 442/65Kb lim: 517 exec/s: 1722 rss: 690Mb L: 397/517 MS: 5 CopyPart-InsertByte-EraseBytes-ShuffleBytes-InsertByte-
#151625	NEW    cov: 1271 ft: 3766 corp: 443/65Kb lim: 517 exec/s: 1723 rss: 690Mb L: 517/517 MS: 4 CrossOver-ChangeBit-ChangeByte-CrossOver-
#151895	NEW    cov: 1271 ft: 3768 corp: 444/66Kb lim: 517 exec/s: 1726 rss: 690Mb L: 517/517 MS: 5 ChangeBit-InsertRepeatedBytes-CrossOver-ShuffleBytes-InsertRepeatedBytes-
#151906	NEW    cov: 1271 ft: 3770 corp: 445/66Kb lim: 517 exec/s: 1726 rss: 690Mb L: 517/517 MS: 1 CrossOver-
#151953	REDUCE cov: 1271 ft: 3775 corp: 446/67Kb lim: 517 exec/s: 1726 rss: 690Mb L: 515/517 MS: 2 InsertRepeatedBytes-InsertRepeatedBytes-
#151996	NEW    cov: 1271 ft: 3776 corp: 447/67Kb lim: 517 exec/s: 1727 rss: 690Mb L: 515/517 MS: 3 ChangeBinInt-ChangeBit-CopyPart-
#152125	NEW    cov: 1271 ft: 3777 corp: 448/68Kb lim: 517 exec/s: 1728 rss: 690Mb L: 516/517 MS: 4 ChangeBit-CrossOver-ChangeBit-ChangeByte-
#152369	NEW    cov: 1271 ft: 3786 corp: 449/68Kb lim: 517 exec/s: 1712 rss: 690Mb L: 516/517 MS: 4 PersAutoDict-ShuffleBytes-ShuffleBytes-CMP- DE: "\026\000"-"\001\027"-
#152591	NEW    cov: 1271 ft: 3802 corp: 450/69Kb lim: 517 exec/s: 1714 rss: 690Mb L: 514/517 MS: 2 ChangeASCIIInt-InsertRepeatedBytes-
#152773	NEW    cov: 1271 ft: 3803 corp: 451/69Kb lim: 517 exec/s: 1716 rss: 690Mb L: 516/517 MS: 2 PersAutoDict-InsertByte- DE: "\011\000"-
#153146	NEW    cov: 1271 ft: 3804 corp: 452/70Kb lim: 517 exec/s: 1720 rss: 690Mb L: 505/517 MS: 3 CrossOver-ChangeBit-PersAutoDict- DE: "\000\000\000\004"-
#154054	NEW    cov: 1275 ft: 3828 corp: 453/70Kb lim: 526 exec/s: 1711 rss: 690Mb L: 520/520 MS: 3 ShuffleBytes-ShuffleBytes-InsertRepeatedBytes-
#154278	NEW    cov: 1275 ft: 3829 corp: 454/71Kb lim: 526 exec/s: 1695 rss: 690Mb L: 523/523 MS: 4 ChangeBit-CopyPart-CMP-PersAutoDict- DE: "\001\000\000\000\000\000\000 "-"\012\000\000\000\000\000\000\020"-
#154586	NEW    cov: 1275 ft: 3831 corp: 455/71Kb lim: 526 exec/s: 1698 rss: 690Mb L: 523/523 MS: 3 CrossOver-ChangeBit-CopyPart-
#154844	NEW    cov: 1275 ft: 3847 corp: 456/72Kb lim: 526 exec/s: 1701 rss: 690Mb L: 518/523 MS: 3 CMP-InsertRepeatedBytes-CopyPart- DE: "\377\377\377\377\377\377\377\377"-
#154855	NEW    cov: 1275 ft: 3859 corp: 457/72Kb lim: 526 exec/s: 1701 rss: 690Mb L: 523/523 MS: 1 InsertRepeatedBytes-
#154894	NEW    cov: 1275 ft: 3862 corp: 458/73Kb lim: 526 exec/s: 1683 rss: 690Mb L: 519/523 MS: 4 ShuffleBytes-PersAutoDict-InsertRepeatedBytes-CopyPart- DE: "\001\000\000\000\000\000\002\004"-
#155218	NEW    cov: 1275 ft: 3863 corp: 459/73Kb lim: 526 exec/s: 1687 rss: 690Mb L: 524/524 MS: 4 ChangeBinInt-PersAutoDict-ChangeBit-InsertByte- DE: "\377\377O\260\0008\311\251"-
#155260	REDUCE cov: 1275 ft: 3863 corp: 459/73Kb lim: 526 exec/s: 1687 rss: 690Mb L: 264/524 MS: 2 CrossOver-EraseBytes-
#155307	NEW    cov: 1275 ft: 3865 corp: 460/74Kb lim: 526 exec/s: 1688 rss: 690Mb L: 523/524 MS: 2 ShuffleBytes-InsertRepeatedBytes-
#155529	NEW    cov: 1275 ft: 3866 corp: 461/74Kb lim: 526 exec/s: 1690 rss: 690Mb L: 525/525 MS: 2 ChangeBit-CrossOver-
#155877	REDUCE cov: 1275 ft: 3866 corp: 461/74Kb lim: 526 exec/s: 1676 rss: 690Mb L: 32/525 MS: 3 ChangeBinInt-ChangeASCIIInt-EraseBytes-
#155911	NEW    cov: 1275 ft: 3881 corp: 462/75Kb lim: 526 exec/s: 1676 rss: 690Mb L: 517/525 MS: 4 ChangeBinInt-ChangeASCIIInt-ChangeByte-InsertRepeatedBytes-
#156014	NEW    cov: 1275 ft: 3898 corp: 463/75Kb lim: 526 exec/s: 1677 rss: 690Mb L: 522/525 MS: 3 ShuffleBytes-CopyPart-InsertRepeatedBytes-
#156030	NEW    cov: 1275 ft: 3900 corp: 464/76Kb lim: 526 exec/s: 1677 rss: 690Mb L: 526/526 MS: 1 CrossOver-
#156255	NEW    cov: 1275 ft: 3906 corp: 465/76Kb lim: 526 exec/s: 1680 rss: 690Mb L: 523/526 MS: 5 ChangeBinInt-ChangeBit-InsertByte-ChangeBinInt-InsertRepeatedBytes-
#156736	NEW    cov: 1275 ft: 3908 corp: 466/77Kb lim: 526 exec/s: 1667 rss: 690Mb L: 525/526 MS: 1 InsertRepeatedBytes-
#156745	NEW    cov: 1275 ft: 3909 corp: 467/77Kb lim: 526 exec/s: 1667 rss: 690Mb L: 513/526 MS: 4 ChangeByte-EraseBytes-InsertRepeatedBytes-InsertRepeatedBytes-
#156785	NEW    cov: 1275 ft: 3914 corp: 468/78Kb lim: 526 exec/s: 1667 rss: 690Mb L: 525/526 MS: 5 InsertRepeatedBytes-PersAutoDict-ChangeBinInt-ShuffleBytes-InsertByte- DE: "\011\000"-
#157041	NEW    cov: 1275 ft: 3919 corp: 469/78Kb lim: 526 exec/s: 1670 rss: 690Mb L: 522/526 MS: 1 PersAutoDict- DE: "Y\262$\000\300P\000\000"-
#157175	REDUCE cov: 1275 ft: 3919 corp: 469/78Kb lim: 526 exec/s: 1654 rss: 690Mb L: 154/526 MS: 4 ChangeBinInt-CopyPart-InsertByte-EraseBytes-
#157232	NEW    cov: 1275 ft: 3920 corp: 470/79Kb lim: 526 exec/s: 1655 rss: 690Mb L: 526/526 MS: 2 ShuffleBytes-CopyPart-
#157438	NEW    cov: 1275 ft: 3928 corp: 471/79Kb lim: 526 exec/s: 1657 rss: 690Mb L: 522/526 MS: 1 CrossOver-
#157699	NEW    cov: 1275 ft: 3930 corp: 472/80Kb lim: 526 exec/s: 1659 rss: 690Mb L: 517/526 MS: 1 CopyPart-
#158140	NEW    cov: 1275 ft: 3931 corp: 473/80Kb lim: 526 exec/s: 1647 rss: 690Mb L: 522/526 MS: 1 ChangeBit-
#158371	NEW    cov: 1275 ft: 3933 corp: 474/81Kb lim: 526 exec/s: 1649 rss: 690Mb L: 522/526 MS: 1 CrossOver-
#158432	NEW    cov: 1275 ft: 3934 corp: 475/81Kb lim: 526 exec/s: 1650 rss: 690Mb L: 516/526 MS: 1 CopyPart-
#158638	NEW    cov: 1275 ft: 3935 corp: 476/82Kb lim: 526 exec/s: 1652 rss: 690Mb L: 517/526 MS: 1 ChangeByte-
#159055	NEW    cov: 1275 ft: 3937 corp: 477/82Kb lim: 526 exec/s: 1639 rss: 690Mb L: 526/526 MS: 2 ChangeBinInt-InsertRepeatedBytes-
#159232	NEW    cov: 1275 ft: 3938 corp: 478/83Kb lim: 526 exec/s: 1641 rss: 690Mb L: 526/526 MS: 2 CrossOver-CrossOver-
#159270	NEW    cov: 1275 ft: 3940 corp: 479/84Kb lim: 526 exec/s: 1641 rss: 690Mb L: 521/526 MS: 3 CopyPart-ShuffleBytes-InsertRepeatedBytes-
#159804	REDUCE cov: 1275 ft: 3940 corp: 479/84Kb lim: 526 exec/s: 1630 rss: 690Mb L: 256/526 MS: 4 ChangeASCIIInt-ShuffleBytes-InsertByte-CrossOver-
#160049	REDUCE cov: 1275 ft: 3940 corp: 479/83Kb lim: 526 exec/s: 1633 rss: 690Mb L: 518/526 MS: 5 ChangeByte-ChangeBinInt-CopyPart-CrossOver-EraseBytes-
#160464	NEW    cov: 1275 ft: 3952 corp: 480/84Kb lim: 526 exec/s: 1620 rss: 690Mb L: 525/526 MS: 5 InsertRepeatedBytes-ChangeBit-ChangeByte-CopyPart-ChangeByte-
#160558	NEW    cov: 1275 ft: 3960 corp: 481/85Kb lim: 526 exec/s: 1621 rss: 690Mb L: 523/526 MS: 4 ChangeBinInt-InsertByte-PersAutoDict-PersAutoDict- DE: "\001\037"-"\377\377O\320\000#w\364"-
#160837	REDUCE cov: 1275 ft: 3960 corp: 481/85Kb lim: 526 exec/s: 1624 rss: 690Mb L: 60/526 MS: 4 ChangeBinInt-EraseBytes-ChangeBinInt-PersAutoDict- DE: "\007\000\000\000\000\000\000\000"-
#161052	NEW    cov: 1275 ft: 3965 corp: 482/85Kb lim: 526 exec/s: 1626 rss: 690Mb L: 526/526 MS: 5 ChangeByte-InsertRepeatedBytes-ShuffleBytes-ShuffleBytes-CopyPart-
#161147	REDUCE cov: 1275 ft: 3965 corp: 482/85Kb lim: 526 exec/s: 1611 rss: 690Mb L: 82/526 MS: 5 ChangeBinInt-ChangeASCIIInt-CopyPart-ShuffleBytes-EraseBytes-
#161311	REDUCE cov: 1275 ft: 3965 corp: 482/85Kb lim: 526 exec/s: 1613 rss: 690Mb L: 66/526 MS: 4 EraseBytes-InsertByte-ChangeBit-PersAutoDict- DE: "\030\000\000\000\000\000\000\000"-
#161611	NEW    cov: 1275 ft: 3966 corp: 483/85Kb lim: 526 exec/s: 1616 rss: 690Mb L: 258/526 MS: 5 ChangeByte-EraseBytes-ShuffleBytes-CMP-InsertRepeatedBytes- DE: "\003\000"-
#162579	NEW    cov: 1275 ft: 3973 corp: 484/86Kb lim: 535 exec/s: 1609 rss: 690Mb L: 528/528 MS: 3 InsertByte-ChangeBinInt-CopyPart-
#162745	NEW    cov: 1275 ft: 3974 corp: 485/86Kb lim: 535 exec/s: 1595 rss: 690Mb L: 529/529 MS: 1 InsertRepeatedBytes-
#163707	NEW    cov: 1275 ft: 3977 corp: 486/87Kb lim: 544 exec/s: 1589 rss: 690Mb L: 539/539 MS: 2 ChangeASCIIInt-InsertRepeatedBytes-
#163744	NEW    cov: 1275 ft: 3978 corp: 487/87Kb lim: 544 exec/s: 1589 rss: 690Mb L: 542/542 MS: 2 InsertRepeatedBytes-CMP- DE: "\032\000\000\000"-
#164006	REDUCE cov: 1275 ft: 3978 corp: 487/87Kb lim: 544 exec/s: 1592 rss: 690Mb L: 516/542 MS: 2 PersAutoDict-EraseBytes- DE: "\011\000"-
#164109	NEW    cov: 1275 ft: 3979 corp: 488/88Kb lim: 544 exec/s: 1593 rss: 690Mb L: 525/542 MS: 3 CrossOver-CrossOver-CopyPart-
#164578	NEW    cov: 1275 ft: 3985 corp: 489/88Kb lim: 544 exec/s: 1582 rss: 690Mb L: 544/544 MS: 4 CMP-CrossOver-InsertRepeatedBytes-CrossOver- DE: "\000\000\000\000\000\000\000\020"-
#164654	NEW    cov: 1275 ft: 3987 corp: 490/89Kb lim: 544 exec/s: 1583 rss: 690Mb L: 540/544 MS: 1 CopyPart-
#164745	NEW    cov: 1275 ft: 3988 corp: 491/89Kb lim: 544 exec/s: 1584 rss: 690Mb L: 533/544 MS: 1 CopyPart-
#164981	NEW    cov: 1275 ft: 3991 corp: 492/90Kb lim: 544 exec/s: 1571 rss: 690Mb L: 544/544 MS: 1 CopyPart-
#165072	REDUCE cov: 1275 ft: 3991 corp: 492/90Kb lim: 544 exec/s: 1572 rss: 690Mb L: 65/544 MS: 1 EraseBytes-
#165185	REDUCE cov: 1275 ft: 3991 corp: 492/90Kb lim: 544 exec/s: 1573 rss: 690Mb L: 135/544 MS: 3 InsertRepeatedBytes-ChangeByte-EraseBytes-
#165808	NEW    cov: 1275 ft: 3994 corp: 493/91Kb lim: 544 exec/s: 1564 rss: 690Mb L: 542/544 MS: 3 ChangeBinInt-CrossOver-InsertByte-
#166195	REDUCE cov: 1275 ft: 3994 corp: 493/91Kb lim: 544 exec/s: 1567 rss: 690Mb L: 257/544 MS: 2 InsertRepeatedBytes-EraseBytes-
#166331	REDUCE cov: 1275 ft: 3994 corp: 493/91Kb lim: 544 exec/s: 1569 rss: 690Mb L: 248/544 MS: 1 EraseBytes-
#167462	REDUCE cov: 1275 ft: 3994 corp: 493/91Kb lim: 553 exec/s: 1550 rss: 690Mb L: 29/544 MS: 1 EraseBytes-
#168377	NEW    cov: 1275 ft: 3995 corp: 494/91Kb lim: 562 exec/s: 1544 rss: 690Mb L: 562/562 MS: 5 CopyPart-PersAutoDict-PersAutoDict-CrossOver-PersAutoDict- DE: "\230\000"-"\000\000P\340\000\025\213d"-"\001\000\000\021"-
#168426	REDUCE cov: 1275 ft: 3995 corp: 494/91Kb lim: 562 exec/s: 1545 rss: 690Mb L: 200/562 MS: 4 ChangeBit-ShuffleBytes-ChangeByte-EraseBytes-
#169554	REDUCE cov: 1275 ft: 3995 corp: 494/91Kb lim: 571 exec/s: 1527 rss: 690Mb L: 384/562 MS: 3 ShuffleBytes-CrossOver-EraseBytes-
#169695	NEW    cov: 1275 ft: 3996 corp: 495/92Kb lim: 571 exec/s: 1528 rss: 690Mb L: 556/562 MS: 1 InsertRepeatedBytes-
#170700	NEW    cov: 1275 ft: 3998 corp: 496/92Kb lim: 580 exec/s: 1510 rss: 690Mb L: 572/572 MS: 5 ShuffleBytes-ShuffleBytes-CrossOver-InsertByte-PersAutoDict- DE: "\001\000\000\000\000\000\000\026"-
#170880	NEW    cov: 1275 ft: 4002 corp: 497/93Kb lim: 580 exec/s: 1512 rss: 690Mb L: 580/580 MS: 5 PersAutoDict-InsertByte-ChangeBinInt-CopyPart-InsertRepeatedBytes- DE: "\011\000"-
#171068	NEW    cov: 1275 ft: 4003 corp: 498/93Kb lim: 580 exec/s: 1513 rss: 690Mb L: 577/580 MS: 3 ChangeByte-ChangeByte-InsertRepeatedBytes-
#171292	NEW    cov: 1275 ft: 4005 corp: 499/94Kb lim: 580 exec/s: 1502 rss: 690Mb L: 567/580 MS: 4 ShuffleBytes-ChangeByte-CopyPart-InsertRepeatedBytes-
#172778	REDUCE cov: 1275 ft: 4005 corp: 499/94Kb lim: 589 exec/s: 1489 rss: 690Mb L: 28/580 MS: 1 EraseBytes-
#173204	NEW    cov: 1275 ft: 4006 corp: 500/94Kb lim: 589 exec/s: 1480 rss: 690Mb L: 579/580 MS: 1 InsertRepeatedBytes-
#173967	REDUCE cov: 1275 ft: 4006 corp: 500/94Kb lim: 589 exec/s: 1486 rss: 690Mb L: 256/580 MS: 3 CopyPart-ChangeBinInt-EraseBytes-
#175082	NEW    cov: 1275 ft: 4007 corp: 501/95Kb lim: 598 exec/s: 1471 rss: 690Mb L: 597/597 MS: 5 ChangeBinInt-ChangeByte-InsertRepeatedBytes-ChangeBinInt-CopyPart-
#175157	REDUCE cov: 1275 ft: 4007 corp: 501/95Kb lim: 598 exec/s: 1471 rss: 690Mb L: 303/597 MS: 5 CMP-ChangeBinInt-InsertRepeatedBytes-EraseBytes-InsertRepeatedBytes- DE: "\000\001"-
#175186	REDUCE cov: 1275 ft: 4009 corp: 502/96Kb lim: 598 exec/s: 1472 rss: 690Mb L: 594/597 MS: 4 ChangeBit-CopyPart-ChangeBit-CopyPart-
#175217	NEW    cov: 1275 ft: 4010 corp: 503/96Kb lim: 598 exec/s: 1472 rss: 690Mb L: 581/597 MS: 1 InsertRepeatedBytes-
#175463	NEW    cov: 1275 ft: 4011 corp: 504/97Kb lim: 598 exec/s: 1462 rss: 690Mb L: 509/597 MS: 1 PersAutoDict- DE: "\001\000P0\000%\206'"-
#176799	REDUCE cov: 1275 ft: 4011 corp: 504/97Kb lim: 607 exec/s: 1449 rss: 690Mb L: 553/597 MS: 1 CrossOver-
#177334	REDUCE cov: 1275 ft: 4011 corp: 504/97Kb lim: 607 exec/s: 1441 rss: 690Mb L: 188/597 MS: 5 EraseBytes-ChangeBit-InsertByte-ChangeByte-CrossOver-
#179017	REDUCE cov: 1275 ft: 4011 corp: 504/97Kb lim: 616 exec/s: 1432 rss: 690Mb L: 131/597 MS: 3 InsertByte-ChangeByte-EraseBytes-
#179472	NEW    cov: 1275 ft: 4012 corp: 505/97Kb lim: 616 exec/s: 1424 rss: 690Mb L: 604/604 MS: 5 EraseBytes-InsertRepeatedBytes-CMP-CopyPart-CopyPart- DE: "T\244\021\000\000Q\000\000"-
#179716	REDUCE cov: 1275 ft: 4012 corp: 505/97Kb lim: 616 exec/s: 1426 rss: 690Mb L: 137/604 MS: 4 CMP-InsertByte-CrossOver-EraseBytes- DE: "\377\377\377\377\377\377\377\032"-
#180498	REDUCE cov: 1275 ft: 4012 corp: 505/97Kb lim: 616 exec/s: 1421 rss: 690Mb L: 266/604 MS: 2 InsertRepeatedBytes-EraseBytes-
#181006	REDUCE cov: 1275 ft: 4012 corp: 505/97Kb lim: 616 exec/s: 1414 rss: 690Mb L: 89/604 MS: 3 ChangeByte-ChangeBinInt-EraseBytes-
#181850	REDUCE cov: 1275 ft: 4012 corp: 505/97Kb lim: 616 exec/s: 1409 rss: 690Mb L: 522/604 MS: 4 CrossOver-CrossOver-InsertRepeatedBytes-EraseBytes-
#182638	REDUCE cov: 1275 ft: 4012 corp: 505/97Kb lim: 616 exec/s: 1394 rss: 690Mb L: 144/604 MS: 3 ChangeBit-CrossOver-CopyPart-
#182780	REDUCE cov: 1275 ft: 4012 corp: 505/97Kb lim: 616 exec/s: 1395 rss: 690Mb L: 518/604 MS: 2 PersAutoDict-EraseBytes- DE: "\377\022"-
#183097	REDUCE cov: 1275 ft: 4012 corp: 505/97Kb lim: 616 exec/s: 1397 rss: 690Mb L: 575/604 MS: 2 InsertRepeatedBytes-EraseBytes-
#183145	REDUCE cov: 1275 ft: 4012 corp: 505/97Kb lim: 616 exec/s: 1398 rss: 690Mb L: 520/604 MS: 3 ChangeBit-ChangeBit-EraseBytes-
#185282	NEW    cov: 1275 ft: 4016 corp: 506/98Kb lim: 634 exec/s: 1372 rss: 690Mb L: 633/633 MS: 2 CopyPart-CopyPart-
#186344	NEW    cov: 1275 ft: 4019 corp: 507/98Kb lim: 643 exec/s: 1370 rss: 690Mb L: 642/642 MS: 2 InsertRepeatedBytes-CopyPart-
#186347	REDUCE cov: 1275 ft: 4019 corp: 507/98Kb lim: 643 exec/s: 1370 rss: 690Mb L: 86/642 MS: 3 ChangeBit-ChangeBinInt-EraseBytes-
#188059	REDUCE cov: 1275 ft: 4019 corp: 507/98Kb lim: 652 exec/s: 1352 rss: 690Mb L: 84/642 MS: 2 CrossOver-EraseBytes-
#189057	REDUCE cov: 1275 ft: 4019 corp: 507/98Kb lim: 661 exec/s: 1340 rss: 690Mb L: 262/642 MS: 3 ShuffleBytes-InsertByte-EraseBytes-
#191776	NEW    cov: 1275 ft: 4022 corp: 508/99Kb lim: 688 exec/s: 1322 rss: 690Mb L: 682/682 MS: 4 ChangeByte-InsertRepeatedBytes-ShuffleBytes-InsertRepeatedBytes-
#192202	REDUCE cov: 1275 ft: 4022 corp: 508/99Kb lim: 688 exec/s: 1316 rss: 690Mb L: 108/682 MS: 1 EraseBytes-
#192247	REDUCE cov: 1275 ft: 4022 corp: 508/99Kb lim: 688 exec/s: 1316 rss: 690Mb L: 224/682 MS: 5 EraseBytes-ChangeBinInt-InsertByte-ChangeByte-InsertByte-
#193307	NEW    cov: 1275 ft: 4024 corp: 509/100Kb lim: 697 exec/s: 1315 rss: 690Mb L: 692/692 MS: 5 ChangeBinInt-InsertByte-CrossOver-CrossOver-InsertRepeatedBytes-
#193310	REDUCE cov: 1275 ft: 4024 corp: 509/100Kb lim: 697 exec/s: 1315 rss: 690Mb L: 38/692 MS: 3 PersAutoDict-PersAutoDict-EraseBytes- DE: "\011\000\000\000"-"8\000\000\000\000\000\000\000"-
#193452	NEW    cov: 1275 ft: 4029 corp: 510/100Kb lim: 697 exec/s: 1307 rss: 690Mb L: 688/692 MS: 2 CrossOver-InsertRepeatedBytes-
#193611	NEW    cov: 1275 ft: 4035 corp: 511/101Kb lim: 697 exec/s: 1308 rss: 690Mb L: 693/693 MS: 4 CopyPart-ShuffleBytes-ChangeBinInt-InsertRepeatedBytes-
#193690	NEW    cov: 1275 ft: 4036 corp: 512/102Kb lim: 697 exec/s: 1308 rss: 690Mb L: 697/697 MS: 4 ChangeBit-ChangeBit-EraseBytes-CrossOver-
#194224	NEW    cov: 1275 ft: 4037 corp: 513/102Kb lim: 697 exec/s: 1303 rss: 690Mb L: 697/697 MS: 4 PersAutoDict-ChangeASCIIInt-ChangeBit-ChangeBit- DE: "\000\000\000\017"-
#194513	REDUCE cov: 1275 ft: 4037 corp: 513/102Kb lim: 697 exec/s: 1305 rss: 690Mb L: 522/697 MS: 4 CMP-ShuffleBytes-PersAutoDict-EraseBytes- DE: "|\210\013\000@Q\000\000"-"\000\000\000\000\000\000\000\027"-
#194545	REDUCE cov: 1275 ft: 4037 corp: 513/102Kb lim: 697 exec/s: 1305 rss: 690Mb L: 302/697 MS: 2 EraseBytes-InsertByte-
#195365	NEW    cov: 1275 ft: 4039 corp: 514/103Kb lim: 697 exec/s: 1293 rss: 690Mb L: 697/697 MS: 5 PersAutoDict-CopyPart-PersAutoDict-InsertRepeatedBytes-InsertRepeatedBytes- DE: "\035\000"-"\000\001"-
#195961	NEW    cov: 1275 ft: 4040 corp: 515/104Kb lim: 697 exec/s: 1289 rss: 690Mb L: 697/697 MS: 1 CrossOver-
#195981	NEW    cov: 1275 ft: 4041 corp: 516/104Kb lim: 697 exec/s: 1289 rss: 690Mb L: 683/697 MS: 5 InsertRepeatedBytes-ChangeByte-ChangeBinInt-ChangeBinInt-CopyPart-
#196216	NEW    cov: 1275 ft: 4043 corp: 517/105Kb lim: 697 exec/s: 1290 rss: 690Mb L: 697/697 MS: 5 ChangeByte-ChangeASCIIInt-ShuffleBytes-ChangeASCIIInt-CopyPart-
#196919	NEW    cov: 1275 ft: 4059 corp: 518/106Kb lim: 697 exec/s: 1287 rss: 690Mb L: 684/697 MS: 3 ShuffleBytes-EraseBytes-CopyPart-
#197863	REDUCE cov: 1275 ft: 4061 corp: 519/106Kb lim: 706 exec/s: 1276 rss: 690Mb L: 700/700 MS: 4 CMP-InsertRepeatedBytes-PersAutoDict-CopyPart- DE: "\000\020"-"\001\037"-
#197980	REDUCE cov: 1275 ft: 4061 corp: 519/106Kb lim: 706 exec/s: 1277 rss: 690Mb L: 40/700 MS: 2 ChangeByte-EraseBytes-
#198165	NEW    cov: 1275 ft: 4062 corp: 520/107Kb lim: 706 exec/s: 1278 rss: 690Mb L: 705/705 MS: 5 ChangeBinInt-ChangeBinInt-CrossOver-ChangeASCIIInt-CopyPart-
#198396	NEW    cov: 1275 ft: 4063 corp: 521/108Kb lim: 706 exec/s: 1271 rss: 690Mb L: 698/705 MS: 1 InsertByte-
#198731	NEW    cov: 1275 ft: 4065 corp: 522/108Kb lim: 706 exec/s: 1273 rss: 690Mb L: 549/705 MS: 5 ChangeBit-InsertByte-InsertByte-ChangeBinInt-CopyPart-
#198845	NEW    cov: 1275 ft: 4067 corp: 523/109Kb lim: 706 exec/s: 1274 rss: 690Mb L: 706/706 MS: 4 InsertRepeatedBytes-CopyPart-ShuffleBytes-ChangeBit-
#199551	NEW    cov: 1275 ft: 4068 corp: 524/110Kb lim: 706 exec/s: 1262 rss: 690Mb L: 697/706 MS: 1 ChangeByte-
#199779	REDUCE cov: 1275 ft: 4068 corp: 524/110Kb lim: 706 exec/s: 1264 rss: 690Mb L: 48/706 MS: 3 InsertByte-ChangeByte-EraseBytes-
#199850	NEW    cov: 1275 ft: 4070 corp: 525/110Kb lim: 706 exec/s: 1264 rss: 690Mb L: 706/706 MS: 1 CopyPart-
#200243	NEW    cov: 1275 ft: 4071 corp: 526/111Kb lim: 706 exec/s: 1259 rss: 690Mb L: 691/706 MS: 3 InsertByte-InsertByte-InsertRepeatedBytes-
#203238	NEW    cov: 1275 ft: 4072 corp: 527/112Kb lim: 733 exec/s: 1239 rss: 690Mb L: 698/706 MS: 5 ShuffleBytes-ChangeBinInt-ChangeBit-ChangeBit-InsertByte-
#204542	NEW    cov: 1275 ft: 4073 corp: 528/112Kb lim: 742 exec/s: 1232 rss: 690Mb L: 726/726 MS: 4 CrossOver-InsertByte-CrossOver-InsertByte-
#204982	REDUCE cov: 1275 ft: 4073 corp: 528/112Kb lim: 742 exec/s: 1227 rss: 690Mb L: 290/726 MS: 5 ChangeBinInt-ChangeByte-ChangeBinInt-EraseBytes-CopyPart-
#205806	NEW    cov: 1275 ft: 4074 corp: 529/113Kb lim: 742 exec/s: 1225 rss: 690Mb L: 688/726 MS: 4 CopyPart-CrossOver-ChangeBinInt-PersAutoDict- DE: "\004\000\000\000"-
#206135	REDUCE cov: 1275 ft: 4074 corp: 529/113Kb lim: 742 exec/s: 1219 rss: 690Mb L: 505/726 MS: 4 ChangeBinInt-ChangeByte-CrossOver-EraseBytes-
#206614	REDUCE cov: 1275 ft: 4074 corp: 529/113Kb lim: 742 exec/s: 1215 rss: 690Mb L: 353/726 MS: 4 PersAutoDict-ChangeByte-ChangeBit-EraseBytes- DE: "\377\232"-
#207085	REDUCE cov: 1275 ft: 4074 corp: 529/113Kb lim: 742 exec/s: 1218 rss: 690Mb L: 393/726 MS: 1 EraseBytes-
#207808	NEW    cov: 1275 ft: 4075 corp: 530/114Kb lim: 742 exec/s: 1208 rss: 690Mb L: 738/738 MS: 3 InsertRepeatedBytes-InsertRepeatedBytes-InsertRepeatedBytes-
#209722	REDUCE cov: 1275 ft: 4075 corp: 530/114Kb lim: 760 exec/s: 1198 rss: 690Mb L: 28/738 MS: 4 CrossOver-InsertByte-EraseBytes-InsertByte-
#209802	REDUCE cov: 1275 ft: 4075 corp: 530/114Kb lim: 760 exec/s: 1198 rss: 690Mb L: 567/738 MS: 5 ShuffleBytes-PersAutoDict-ChangeByte-CopyPart-EraseBytes- DE: "\001\000\000\000\000\000\000\002"-
#210738	NEW    cov: 1275 ft: 4079 corp: 531/115Kb lim: 769 exec/s: 1190 rss: 690Mb L: 768/768 MS: 1 CopyPart-
#211129	REDUCE cov: 1275 ft: 4079 corp: 531/115Kb lim: 769 exec/s: 1186 rss: 690Mb L: 563/768 MS: 1 EraseBytes-
#211323	NEW    cov: 1275 ft: 4080 corp: 532/115Kb lim: 769 exec/s: 1187 rss: 690Mb L: 739/768 MS: 4 PersAutoDict-ChangeByte-InsertRepeatedBytes-CopyPart- DE: "\003\000\000\000\000\000\000\000"-
#212366	NEW    cov: 1275 ft: 4081 corp: 533/116Kb lim: 778 exec/s: 1179 rss: 690Mb L: 768/768 MS: 3 CopyPart-EraseBytes-CopyPart-
#212523	REDUCE cov: 1275 ft: 4081 corp: 533/116Kb lim: 778 exec/s: 1180 rss: 690Mb L: 251/768 MS: 2 ChangeBinInt-EraseBytes-
#215261	REDUCE cov: 1275 ft: 4081 corp: 533/116Kb lim: 805 exec/s: 1163 rss: 690Mb L: 221/768 MS: 3 ShuffleBytes-CopyPart-EraseBytes-
#216352	REDUCE cov: 1275 ft: 4081 corp: 533/116Kb lim: 814 exec/s: 1156 rss: 690Mb L: 701/768 MS: 1 EraseBytes-
#217281	REDUCE cov: 1275 ft: 4081 corp: 533/116Kb lim: 823 exec/s: 1149 rss: 690Mb L: 341/768 MS: 4 InsertByte-ChangeBit-EraseBytes-CopyPart-
#217327	REDUCE cov: 1275 ft: 4081 corp: 533/116Kb lim: 823 exec/s: 1149 rss: 690Mb L: 160/768 MS: 1 EraseBytes-
#218233	REDUCE cov: 1275 ft: 4081 corp: 533/116Kb lim: 832 exec/s: 1148 rss: 690Mb L: 547/768 MS: 1 EraseBytes-
#218494	REDUCE cov: 1275 ft: 4081 corp: 533/116Kb lim: 832 exec/s: 1143 rss: 690Mb L: 206/768 MS: 1 EraseBytes-
#219233	REDUCE cov: 1275 ft: 4081 corp: 533/116Kb lim: 832 exec/s: 1141 rss: 690Mb L: 28/768 MS: 4 ShuffleBytes-PersAutoDict-InsertRepeatedBytes-EraseBytes- DE: "\001\037"-
#221742	NEW    cov: 1275 ft: 4083 corp: 534/117Kb lim: 850 exec/s: 1125 rss: 690Mb L: 850/850 MS: 4 CopyPart-ChangeBit-CopyPart-CrossOver-
#222747	REDUCE cov: 1275 ft: 4083 corp: 534/117Kb lim: 859 exec/s: 1124 rss: 690Mb L: 262/850 MS: 5 ChangeByte-ChangeBinInt-EraseBytes-CopyPart-CopyPart-
#223623	REDUCE cov: 1275 ft: 4083 corp: 534/117Kb lim: 859 exec/s: 1118 rss: 690Mb L: 587/850 MS: 1 EraseBytes-
#224173	REDUCE cov: 1275 ft: 4083 corp: 534/117Kb lim: 859 exec/s: 1115 rss: 690Mb L: 514/850 MS: 5 ShuffleBytes-PersAutoDict-CopyPart-ChangeBit-EraseBytes- DE: "\001\000P\200\000\006\243Q"-
#225693	NEW    cov: 1275 ft: 4084 corp: 535/118Kb lim: 868 exec/s: 1106 rss: 690Mb L: 780/850 MS: 5 ShuffleBytes-CrossOver-CopyPart-InsertRepeatedBytes-PersAutoDict- DE: "\010\000"-
#227359	REDUCE cov: 1275 ft: 4084 corp: 535/118Kb lim: 877 exec/s: 1098 rss: 690Mb L: 537/850 MS: 1 EraseBytes-
#227441	REDUCE cov: 1275 ft: 4084 corp: 535/118Kb lim: 877 exec/s: 1098 rss: 690Mb L: 80/850 MS: 2 ChangeBit-EraseBytes-
#228607	REDUCE cov: 1275 ft: 4084 corp: 535/118Kb lim: 886 exec/s: 1093 rss: 690Mb L: 64/850 MS: 1 EraseBytes-
#228875	REDUCE cov: 1275 ft: 4084 corp: 535/118Kb lim: 886 exec/s: 1089 rss: 690Mb L: 683/850 MS: 3 InsertByte-PersAutoDict-EraseBytes- DE: "\001\000\000\000\000\000\002\004"-
#229274	REDUCE cov: 1275 ft: 4085 corp: 536/118Kb lim: 886 exec/s: 1091 rss: 690Mb L: 881/881 MS: 4 CopyPart-ChangeASCIIInt-ChangeByte-CrossOver-
#229922	REDUCE cov: 1275 ft: 4085 corp: 536/118Kb lim: 886 exec/s: 1084 rss: 690Mb L: 256/881 MS: 3 PersAutoDict-ChangeBinInt-EraseBytes- DE: "\023\000\000\000"-
#231194	REDUCE cov: 1275 ft: 4085 corp: 536/118Kb lim: 895 exec/s: 1080 rss: 690Mb L: 253/881 MS: 2 CopyPart-EraseBytes-
#231711	REDUCE cov: 1275 ft: 4085 corp: 536/118Kb lim: 895 exec/s: 1077 rss: 690Mb L: 215/881 MS: 2 ShuffleBytes-EraseBytes-
#233644	REDUCE cov: 1275 ft: 4085 corp: 536/118Kb lim: 913 exec/s: 1071 rss: 690Mb L: 265/881 MS: 3 CrossOver-ChangeBinInt-EraseBytes-
#233814	NEW    cov: 1275 ft: 4087 corp: 537/119Kb lim: 913 exec/s: 1067 rss: 690Mb L: 901/901 MS: 5 EraseBytes-CopyPart-ChangeASCIIInt-InsertRepeatedBytes-CopyPart-
#234354	REDUCE cov: 1275 ft: 4087 corp: 537/119Kb lim: 913 exec/s: 1065 rss: 690Mb L: 130/901 MS: 5 ChangeBit-ShuffleBytes-PersAutoDict-ShuffleBytes-EraseBytes- DE: "\001\000\000\026"-
#234486	REDUCE cov: 1275 ft: 4087 corp: 537/119Kb lim: 913 exec/s: 1065 rss: 690Mb L: 531/901 MS: 2 InsertRepeatedBytes-EraseBytes-
#235564	REDUCE cov: 1275 ft: 4087 corp: 537/119Kb lim: 922 exec/s: 1061 rss: 690Mb L: 834/901 MS: 3 CopyPart-PersAutoDict-EraseBytes- DE: "\012\000\000\000\000\000\000\020"-
#235970	REDUCE cov: 1275 ft: 4087 corp: 537/119Kb lim: 922 exec/s: 1062 rss: 690Mb L: 80/901 MS: 1 EraseBytes-
#236588	REDUCE cov: 1275 ft: 4087 corp: 537/119Kb lim: 922 exec/s: 1056 rss: 690Mb L: 152/901 MS: 3 ChangeBit-ChangeASCIIInt-EraseBytes-
#237900	REDUCE cov: 1275 ft: 4087 corp: 537/119Kb lim: 931 exec/s: 1052 rss: 690Mb L: 75/901 MS: 2 ChangeBinInt-EraseBytes-
#240266	REDUCE cov: 1275 ft: 4087 corp: 537/119Kb lim: 949 exec/s: 1044 rss: 690Mb L: 24/901 MS: 1 EraseBytes-
#241097	REDUCE cov: 1275 ft: 4087 corp: 537/119Kb lim: 949 exec/s: 1039 rss: 690Mb L: 586/901 MS: 1 EraseBytes-
#243153	REDUCE cov: 1275 ft: 4087 corp: 537/119Kb lim: 967 exec/s: 1034 rss: 690Mb L: 34/901 MS: 1 EraseBytes-
#243318	REDUCE cov: 1275 ft: 4087 corp: 537/119Kb lim: 967 exec/s: 1031 rss: 690Mb L: 52/901 MS: 5 EraseBytes-ChangeByte-CopyPart-CrossOver-InsertByte-
#247303	REDUCE cov: 1275 ft: 4087 corp: 537/119Kb lim: 1003 exec/s: 1017 rss: 690Mb L: 814/901 MS: 5 ShuffleBytes-ChangeBinInt-ShuffleBytes-ChangeBit-EraseBytes-
#247470	NEW    cov: 1275 ft: 4089 corp: 538/120Kb lim: 1003 exec/s: 1018 rss: 690Mb L: 980/980 MS: 2 InsertRepeatedBytes-CopyPart-
#248691	REDUCE cov: 1275 ft: 4089 corp: 538/120Kb lim: 1012 exec/s: 1015 rss: 690Mb L: 515/980 MS: 1 EraseBytes-
#249716	REDUCE cov: 1275 ft: 4089 corp: 538/120Kb lim: 1021 exec/s: 1010 rss: 690Mb L: 680/980 MS: 5 PersAutoDict-ChangeBit-EraseBytes-ShuffleBytes-InsertRepeatedBytes- DE: "\001\000\000\026"-
#250887	REDUCE cov: 1275 ft: 4090 corp: 539/121Kb lim: 1030 exec/s: 1003 rss: 690Mb L: 1020/1020 MS: 1 CopyPart-
#251426	NEW    cov: 1275 ft: 4094 corp: 540/122Kb lim: 1030 exec/s: 1001 rss: 690Mb L: 1027/1027 MS: 4 ChangeBit-PersAutoDict-ShuffleBytes-CopyPart- DE: "\000\001"-
#251699	NEW    cov: 1275 ft: 4095 corp: 541/123Kb lim: 1030 exec/s: 1002 rss: 690Mb L: 1025/1027 MS: 3 ChangeBit-CMP-InsertByte- DE: "\237\000\000\000"-
#251916	NEW    cov: 1275 ft: 4119 corp: 542/124Kb lim: 1030 exec/s: 999 rss: 690Mb L: 1029/1029 MS: 2 ChangeBinInt-PersAutoDict- DE: "\001\000\000\000"-
#252085	REDUCE cov: 1275 ft: 4119 corp: 542/124Kb lim: 1030 exec/s: 1000 rss: 690Mb L: 304/1029 MS: 4 ChangeByte-ChangeASCIIInt-EraseBytes-PersAutoDict- DE: "\220\014\030\000 P\000\000"-
#252445	REDUCE cov: 1275 ft: 4119 corp: 542/124Kb lim: 1030 exec/s: 1001 rss: 690Mb L: 583/1029 MS: 5 ChangeBit-PersAutoDict-ChangeBit-ChangeByte-EraseBytes- DE: "\377\377~\374r\333\351p"-
#252932	REDUCE cov: 1275 ft: 4120 corp: 543/125Kb lim: 1030 exec/s: 999 rss: 690Mb L: 1029/1029 MS: 2 CopyPart-CrossOver-
#253712	REDUCE cov: 1275 ft: 4120 corp: 543/125Kb lim: 1030 exec/s: 994 rss: 690Mb L: 76/1029 MS: 5 ChangeBinInt-ChangeBinInt-InsertRepeatedBytes-ChangeBinInt-EraseBytes-
#255116	NEW    cov: 1275 ft: 4201 corp: 544/126Kb lim: 1040 exec/s: 988 rss: 690Mb L: 1038/1038 MS: 4 CMP-CrossOver-EraseBytes-CopyPart- DE: "1\000\000\000"-
#255274	NEW    cov: 1275 ft: 4237 corp: 545/127Kb lim: 1040 exec/s: 989 rss: 690Mb L: 1034/1038 MS: 3 ShuffleBytes-InsertByte-InsertRepeatedBytes-
#255929	NEW    cov: 1275 ft: 4238 corp: 546/128Kb lim: 1040 exec/s: 988 rss: 690Mb L: 900/1038 MS: 5 ChangeBit-ChangeByte-CopyPart-PersAutoDict-EraseBytes- DE: "\035\000\000\000\000\000\000\000"-
#256513	NEW    cov: 1275 ft: 4280 corp: 547/129Kb lim: 1040 exec/s: 986 rss: 690Mb L: 1032/1038 MS: 4 InsertRepeatedBytes-ChangeBinInt-InsertRepeatedBytes-CopyPart-
#257045	REDUCE cov: 1275 ft: 4280 corp: 547/129Kb lim: 1040 exec/s: 984 rss: 690Mb L: 513/1038 MS: 2 InsertByte-EraseBytes-
#257708	NEW    cov: 1275 ft: 4298 corp: 548/130Kb lim: 1040 exec/s: 979 rss: 690Mb L: 1040/1040 MS: 3 ChangeASCIIInt-ShuffleBytes-CMP- DE: "\3775"-
#258013	REDUCE cov: 1275 ft: 4298 corp: 548/130Kb lim: 1040 exec/s: 981 rss: 690Mb L: 178/1040 MS: 5 EraseBytes-PersAutoDict-ShuffleBytes-InsertRepeatedBytes-EraseBytes- DE: "\000\000P\340\000\025\213d"-
#258124	REDUCE cov: 1275 ft: 4298 corp: 548/130Kb lim: 1040 exec/s: 981 rss: 690Mb L: 112/1040 MS: 1 EraseBytes-
#259141	NEW    cov: 1275 ft: 4299 corp: 549/131Kb lim: 1050 exec/s: 977 rss: 690Mb L: 1041/1041 MS: 2 ChangeByte-CopyPart-
#259714	NEW    cov: 1275 ft: 4300 corp: 550/132Kb lim: 1050 exec/s: 976 rss: 690Mb L: 1044/1044 MS: 3 ShuffleBytes-CMP-PersAutoDict- DE: "\276M\027\000\220Q\000\000"-"\013\000\000\000"-
#260396	REDUCE cov: 1275 ft: 4300 corp: 550/132Kb lim: 1050 exec/s: 975 rss: 690Mb L: 519/1044 MS: 2 InsertByte-EraseBytes-
#260937	NEW    cov: 1275 ft: 4301 corp: 551/133Kb lim: 1050 exec/s: 970 rss: 690Mb L: 1049/1049 MS: 1 PersAutoDict- DE: "\001\000\000\000\000\000\000\020"-
#261649	REDUCE cov: 1275 ft: 4301 corp: 551/133Kb lim: 1050 exec/s: 969 rss: 690Mb L: 256/1049 MS: 2 CopyPart-EraseBytes-
#262144	pulse  cov: 1275 ft: 4301 corp: 551/133Kb lim: 1050 exec/s: 967 rss: 690Mb
#262277	NEW    cov: 1275 ft: 4306 corp: 552/134Kb lim: 1050 exec/s: 967 rss: 690Mb L: 1030/1049 MS: 3 InsertRepeatedBytes-InsertByte-CopyPart-
#263646	REDUCE cov: 1275 ft: 4306 corp: 552/134Kb lim: 1060 exec/s: 965 rss: 690Mb L: 248/1049 MS: 4 InsertRepeatedBytes-ChangeBinInt-EraseBytes-EraseBytes-
#263753	REDUCE cov: 1275 ft: 4306 corp: 552/134Kb lim: 1060 exec/s: 962 rss: 690Mb L: 764/1049 MS: 2 PersAutoDict-EraseBytes- DE: "!\000\000\000\000\000\000\000"-
#263927	NEW    cov: 1275 ft: 4315 corp: 553/135Kb lim: 1060 exec/s: 963 rss: 690Mb L: 1059/1059 MS: 4 InsertByte-InsertRepeatedBytes-CopyPart-InsertRepeatedBytes-
#264206	REDUCE cov: 1275 ft: 4315 corp: 553/135Kb lim: 1060 exec/s: 964 rss: 690Mb L: 1016/1059 MS: 4 ChangeBit-InsertRepeatedBytes-ChangeBit-EraseBytes-
#264230	NEW    cov: 1275 ft: 4316 corp: 554/136Kb lim: 1060 exec/s: 964 rss: 690Mb L: 1060/1060 MS: 4 ChangeASCIIInt-ShuffleBytes-PersAutoDict-InsertByte- DE: "\377\377O\320\000#w\364"-
#265771	REDUCE cov: 1275 ft: 4316 corp: 554/136Kb lim: 1070 exec/s: 959 rss: 690Mb L: 688/1060 MS: 1 EraseBytes-
#267668	REDUCE cov: 1275 ft: 4317 corp: 555/137Kb lim: 1080 exec/s: 952 rss: 690Mb L: 1054/1060 MS: 2 InsertRepeatedBytes-CrossOver-
#267716	REDUCE cov: 1275 ft: 4318 corp: 556/138Kb lim: 1080 exec/s: 952 rss: 690Mb L: 1069/1069 MS: 3 ChangeByte-InsertByte-InsertRepeatedBytes-
#268004	REDUCE cov: 1275 ft: 4318 corp: 556/138Kb lim: 1080 exec/s: 953 rss: 690Mb L: 265/1069 MS: 3 CopyPart-ChangeBit-EraseBytes-
#268306	NEW    cov: 1275 ft: 4319 corp: 557/139Kb lim: 1080 exec/s: 951 rss: 690Mb L: 1054/1069 MS: 2 ChangeByte-CopyPart-
#270243	NEW    cov: 1275 ft: 4320 corp: 558/140Kb lim: 1090 exec/s: 944 rss: 690Mb L: 1078/1078 MS: 2 CMP-InsertRepeatedBytes- DE: "\015\000\000\000"-
#270260	NEW    cov: 1275 ft: 4321 corp: 559/141Kb lim: 1090 exec/s: 944 rss: 690Mb L: 1085/1085 MS: 2 InsertByte-CopyPart-
#270591	REDUCE cov: 1275 ft: 4321 corp: 559/141Kb lim: 1090 exec/s: 946 rss: 690Mb L: 248/1085 MS: 1 EraseBytes-
#270927	NEW    cov: 1275 ft: 4324 corp: 560/142Kb lim: 1090 exec/s: 943 rss: 690Mb L: 1090/1090 MS: 1 InsertRepeatedBytes-
#271578	NEW    cov: 1275 ft: 4325 corp: 561/143Kb lim: 1090 exec/s: 942 rss: 690Mb L: 1086/1090 MS: 1 InsertByte-
#272609	REDUCE cov: 1275 ft: 4325 corp: 561/143Kb lim: 1100 exec/s: 940 rss: 690Mb L: 128/1090 MS: 1 EraseBytes-
#272689	REDUCE cov: 1275 ft: 4325 corp: 561/143Kb lim: 1100 exec/s: 940 rss: 690Mb L: 252/1090 MS: 5 ChangeBinInt-InsertByte-ChangeBit-CMP-EraseBytes- DE: "}\242\242\242\322\001\000\000"-
#273172	NEW    cov: 1275 ft: 4326 corp: 562/144Kb lim: 1100 exec/s: 938 rss: 690Mb L: 1096/1096 MS: 3 InsertByte-ChangeBinInt-InsertRepeatedBytes-
#273717	NEW    cov: 1275 ft: 4330 corp: 563/145Kb lim: 1100 exec/s: 937 rss: 690Mb L: 1088/1096 MS: 5 InsertRepeatedBytes-InsertByte-PersAutoDict-ChangeBinInt-CrossOver- DE: "1\000\000\000"-
#275994	REDUCE cov: 1275 ft: 4330 corp: 563/145Kb lim: 1120 exec/s: 929 rss: 690Mb L: 385/1096 MS: 2 ChangeByte-EraseBytes-
#277041	REDUCE cov: 1275 ft: 4330 corp: 563/145Kb lim: 1130 exec/s: 926 rss: 690Mb L: 66/1096 MS: 2 ChangeBit-EraseBytes-
#277076	REDUCE cov: 1275 ft: 4330 corp: 563/145Kb lim: 1130 exec/s: 926 rss: 690Mb L: 376/1096 MS: 5 ChangeBit-CrossOver-ShuffleBytes-ShuffleBytes-EraseBytes-
#277108	NEW    cov: 1275 ft: 4331 corp: 564/146Kb lim: 1130 exec/s: 926 rss: 690Mb L: 1121/1121 MS: 2 ShuffleBytes-CrossOver-
#277913	NEW    cov: 1275 ft: 4332 corp: 565/147Kb lim: 1130 exec/s: 926 rss: 690Mb L: 437/1121 MS: 5 PersAutoDict-ChangeBinInt-EraseBytes-PersAutoDict-PersAutoDict- DE: "\036\000\000\000"-"9\2572\000`P\000\000"-"\377\377\377\377\377\377\377\032"-
#277974	REDUCE cov: 1275 ft: 4332 corp: 565/147Kb lim: 1130 exec/s: 926 rss: 690Mb L: 408/1121 MS: 1 EraseBytes-
#278019	DONE   cov: 1275 ft: 4332 corp: 565/147Kb lim: 1130 exec/s: 923 rss: 690Mb
###### Recommended dictionary. ######
"\377\377\377\377\377\377\377\017" # Uses: 602
"\031\000" # Uses: 626
"\035\000\000\000\000\000\000\000" # Uses: 556
"\001\000" # Uses: 581
"\377\377~\374r\333\351p" # Uses: 512
"\377\232" # Uses: 525
"\026\000" # Uses: 551
"\000\000\000\000\000\000\000#" # Uses: 576
"\030\000\000\000\000\000\000\000" # Uses: 487
"\003\000\000\000\000\000\000\000" # Uses: 447
"\032\000" # Uses: 520
"\000\000\000\000\000\000\000\000" # Uses: 489
"\004\000\000\000" # Uses: 524
"\377\377\377\377\377\377\377\377" # Uses: 506
"\012\000" # Uses: 515
"\342\377\377\377\377\377\377\377" # Uses: 457
"\007\000" # Uses: 475
"\002\000\000\000\000\000\000 " # Uses: 444
"A\000\000\000\000\000\000\000" # Uses: 429
"\011\000\000\000" # Uses: 385
"8\000\000\000\000\000\000\000" # Uses: 436
"\010\000" # Uses: 425
"\000\000\000\004" # Uses: 363
"\012\000\000\000\000\000\000\020" # Uses: 401
"\001\000P\200\000\006\243Q" # Uses: 391
"\000\000P@\0006\307\024" # Uses: 400
"\001\000\000\000\000\000\000\026" # Uses: 335
"\000\000\000\017" # Uses: 342
"\377\377O \000\027\263s" # Uses: 345
"\220\014\030\000 P\000\000" # Uses: 378
"\230\000" # Uses: 359
"\377\007" # Uses: 327
"\016\000" # Uses: 341
"\007\000\000\000\000\000\000\000" # Uses: 292
"\001\000P0\000%\206'" # Uses: 339
"\013\000\000\000" # Uses: 315
"9\2572\000`P\000\000" # Uses: 340
"\001\000\000\000\000\000\000\002" # Uses: 326
"\006\000\000\000\000\000\000\000" # Uses: 303
"\377\377O\320\000#w\364" # Uses: 342
"\000\000\000\000\000\000\000\027" # Uses: 334
"\001\000\000\021" # Uses: 292
"\000\000P\340\000\025\213d" # Uses: 305
"\377\377O\260\0008\311\251" # Uses: 278
"\001\000\000\000" # Uses: 331
"\017\000\000\000" # Uses: 310
"\011\000" # Uses: 274
"\001\000\000\002" # Uses: 235
"Y\262$\000\300P\000\000" # Uses: 292
"\001\000\000\000\000\000\000\020" # Uses: 277
"\000\000\000\000\000\000\000\020" # Uses: 259
"\000\001" # Uses: 239
"\001\000\000\000\000\000\000\006" # Uses: 233
"\270\000\010\000\000\377\377\377" # Uses: 273
"\001\021" # Uses: 261
"\207\000\000\000\000\000\000\000" # Uses: 251
"\023\000\000\000" # Uses: 252
"\370\2131\0000P\000\000" # Uses: 211
"!\000\000\000\000\000\000\000" # Uses: 255
"\035\000" # Uses: 247
"\001\037" # Uses: 229
"\003\000" # Uses: 198
"\001\000\000\026" # Uses: 181
"\377\377\377\377\377\377\377\037" # Uses: 204
"\000\000\000\036" # Uses: 188
"\036\000\000\000" # Uses: 188
"\377\022" # Uses: 170
"4b\030\000 P\000\000" # Uses: 149
"\001\000\000\000\000\000\002\004" # Uses: 160
"\001\027" # Uses: 144
"\001\000\000\000\000\000\000 " # Uses: 166
"\032\000\000\000" # Uses: 131
"T\244\021\000\000Q\000\000" # Uses: 115
"\377\377\377\377\377\377\377\032" # Uses: 114
"|\210\013\000@Q\000\000" # Uses: 98
"\000\020" # Uses: 91
"\237\000\000\000" # Uses: 37
"1\000\000\000" # Uses: 19
"\3775" # Uses: 19
"\276M\027\000\220Q\000\000" # Uses: 21
"\015\000\000\000" # Uses: 8
"}\242\242\242\322\001\000\000" # Uses: 6
###### End of recommended dictionary. ######
Done 278019 runs in 301 second(s)
==================================================
SHARD: native-simd-physics
DESCRIPTION: 128-D ARM NEON VectorStore & RK4 AirDrop ODE Solver
STATUS: PASSED ✅
==================================================

[TEST] Starting SIMD & Physics Test Suite...
  - AirDrop RK4 ODE Simulation: PASSED
  - VectorStore 64-D Cosine Search: PASSED
[TEST] All SIMD Physics Tests Passed Successfully!
==================================================
SHARD: native-telemetry-storage
DESCRIPTION: Lock-Free SPSC Buffer, SHA-256 Proof-of-Compute & SQLite WAL
STATUS: PASSED ✅
==================================================

[TEST] Starting Storage & Telemetry Test Suite...
  - Lock-Free MPMC Ring Buffer: PASSED
[streamify:StreamifyNative] [StreamifyDB] Migration error: no such column: play_count
  - SQLite WAL Database CRUD: PASSED
[TEST] All Storage & Telemetry Tests Passed Successfully!
==================================================
SHARD: rust-core-engine
DESCRIPTION: Zero-Copy SIMD JSON, Lofty Metadata, Lyric Precompiler & PTP
STATUS: FAILED ❌
==================================================

[1m[92m    Updating[0m crates.io index
[1m[92m Downloading[0m crates ...
[1m[92m  Downloaded[0m adler2 v2.0.1
[1m[92m  Downloaded[0m inout v0.1.4
[1m[92m  Downloaded[0m bitflags v2.13.1
[1m[92m  Downloaded[0m base64 v0.22.1
[1m[92m  Downloaded[0m getrandom v0.2.17
[1m[92m  Downloaded[0m ogg_pager v0.6.1
[1m[92m  Downloaded[0m rand_core v0.6.4
[1m[92m  Downloaded[0m slab v0.4.12
[1m[92m  Downloaded[0m rand v0.10.2
[1m[92m  Downloaded[0m tinystr v0.8.4
[1m[92m  Downloaded[0m rustix v1.1.4
[1m[92m  Downloaded[0m quinn v0.11.11
[1m[92m  Downloaded[0m tower v0.5.3
[1m[92m  Downloaded[0m simd-adler32 v0.3.10
[1m[92m  Downloaded[0m smallvec v1.15.2
[1m[92m  Downloaded[0m tempfile v3.27.0
[1m[92m  Downloaded[0m thiserror v2.0.20
[1m[92m  Downloaded[0m rustls-webpki v0.103.14
[1m[92m  Downloaded[0m rand_chacha v0.3.1
[1m[92m  Downloaded[0m zerofrom v0.1.8
[1m[92m  Downloaded[0m chacha20 v0.10.1
[1m[92m  Downloaded[0m rustc-hash v2.1.3
[1m[92m  Downloaded[0m chacha20 v0.9.1
[1m[92m  Downloaded[0m cpufeatures v0.2.17
[1m[92m  Downloaded[0m data-encoding v2.11.1
[1m[92m  Downloaded[0m byteorder v1.5.0
[1m[92m  Downloaded[0m bytes v1.12.1
[1m[92m  Downloaded[0m cfg_aliases v0.2.2
[1m[92m  Downloaded[0m const-oid v0.9.6
[1m[92m  Downloaded[0m digest v0.10.7
[1m[92m  Downloaded[0m same-file v1.0.6
[1m[92m  Downloaded[0m shlex v2.0.1
[1m[92m  Downloaded[0m rustls-pki-types v1.15.1
[1m[92m  Downloaded[0m walkdir v2.5.0
[1m[92m  Downloaded[0m yoke v0.8.3
[1m[92m  Downloaded[0m block-buffer v0.10.4
[1m[92m  Downloaded[0m icu_locale_core v2.3.0
[1m[92m  Downloaded[0m rand_core v0.10.1
[1m[92m  Downloaded[0m serde_core v1.0.229
[1m[92m  Downloaded[0m form_urlencoded v1.2.2
[1m[92m  Downloaded[0m idna_adapter v1.2.2
[1m[92m  Downloaded[0m itoa v1.0.18
[1m[92m  Downloaded[0m rand v0.8.8
[1m[92m  Downloaded[0m serde v1.0.229
[1m[92m  Downloaded[0m serde_derive v1.0.229
[1m[92m  Downloaded[0m serde_urlencoded v0.7.1
[1m[92m  Downloaded[0m signature v2.2.0
[1m[92m  Downloaded[0m rand_pcg v0.10.2
[1m[92m  Downloaded[0m reqwest v0.12.28
[1m[92m  Downloaded[0m hyper-rustls v0.27.9
[1m[92m  Downloaded[0m hyper-util v0.1.20
[1m[92m  Downloaded[0m sha2 v0.10.9
[1m[92m  Downloaded[0m cc v1.4.3
[1m[92m  Downloaded[0m ed25519-dalek v2.2.0
[1m[92m  Downloaded[0m flate2 v1.1.9
[1m[92m  Downloaded[0m tower-service v0.3.3
[1m[92m  Downloaded[0m constant_time_eq v0.4.2
[1m[92m  Downloaded[0m curve25519-dalek v4.1.3
[1m[92m  Downloaded[0m curve25519-dalek-derive v0.1.1
[1m[92m  Downloaded[0m fallible-streaming-iterator v0.1.9
[1m[92m  Downloaded[0m ahash v0.8.12
[1m[92m  Downloaded[0m crc32fast v1.5.0
[1m[92m  Downloaded[0m crypto-common v0.1.7
[1m[92m  Downloaded[0m fallible-iterator v0.3.0
[1m[92m  Downloaded[0m futures-channel v0.3.34
[1m[92m  Downloaded[0m subtle v2.6.1
[1m[92m  Downloaded[0m sync_wrapper v1.0.2
[1m[92m  Downloaded[0m tinyvec_macros v0.1.1
[1m[92m  Downloaded[0m combine v4.6.7
[1m[92m  Downloaded[0m hyper v1.11.0
[1m[92m  Downloaded[0m once_cell v1.21.4
[1m[92m  Downloaded[0m thiserror v1.0.69
[1m[92m  Downloaded[0m hashlink v0.9.1
[1m[92m  Downloaded[0m http-body v1.1.0
[1m[92m  Downloaded[0m quinn-udp v0.5.15
[1m[92m  Downloaded[0m quote v1.0.47
[1m[92m  Downloaded[0m arrayvec v0.7.8
[1m[92m  Downloaded[0m rustc_version v0.4.1
[1m[92m  Downloaded[0m tower-layer v0.3.3
[1m[92m  Downloaded[0m universal-hash v0.5.1
[1m[92m  Downloaded[0m untrusted v0.9.0
[1m[92m  Downloaded[0m version_check v0.9.5
[1m[92m  Downloaded[0m zeroize v1.9.0
[1m[92m  Downloaded[0m paste v1.0.15
[1m[92m  Downloaded[0m displaydoc v0.2.7
[1m[92m  Downloaded[0m http v1.5.0
[1m[92m  Downloaded[0m sha1 v0.10.7
[1m[92m  Downloaded[0m futures-util v0.3.34
[1m[92m  Downloaded[0m find-msvc-tools v0.1.11
[1m[92m  Downloaded[0m cesu8 v1.1.0
[1m[92m  Downloaded[0m potential_utf v0.1.6
[1m[92m  Downloaded[0m thiserror-impl v2.0.20
[1m[92m  Downloaded[0m tokio-rustls v0.26.4
[1m[92m  Downloaded[0m zerofrom-derive v0.1.7
[1m[92m  Downloaded[0m zmij v1.0.23
[1m[92m  Downloaded[0m cipher v0.4.4
[1m[92m  Downloaded[0m generic-array v0.14.7
[1m[92m  Downloaded[0m strsim v0.11.1
[1m[92m  Downloaded[0m cfg-if v1.0.4
[1m[92m  Downloaded[0m fastrand v2.5.0
[1m[92m  Downloaded[0m percent-encoding v2.3.2
[1m[92m  Downloaded[0m poly1305 v0.8.0
[1m[92m  Downloaded[0m tokio-macros v2.7.2
[1m[92m  Downloaded[0m yoke-derive v0.8.2
[1m[92m  Downloaded[0m base64ct v1.8.3
[1m[92m  Downloaded[0m futures-task v0.3.34
[1m[92m  Downloaded[0m jni-sys v0.4.1
[1m[92m  Downloaded[0m log v0.4.33
[1m[92m  Downloaded[0m stable_deref_trait v1.2.1
[1m[92m  Downloaded[0m try-lock v0.2.5
[1m[92m  Downloaded[0m urlencoding v2.1.3
[1m[92m  Downloaded[0m utf8_iter v1.0.4
[1m[92m  Downloaded[0m want v0.3.1
[1m[92m  Downloaded[0m webpki-roots v0.26.11
[1m[92m  Downloaded[0m writeable v0.6.4
[1m[92m  Downloaded[0m cpufeatures v0.3.0
[1m[92m  Downloaded[0m httparse v1.10.1
[1m[92m  Downloaded[0m icu_properties v2.3.0
[1m[92m  Downloaded[0m pin-project-lite v0.2.17
[1m[92m  Downloaded[0m pkg-config v0.3.34
[1m[92m  Downloaded[0m semver v1.0.28
[1m[92m  Downloaded[0m synstructure v0.13.2
[1m[92m  Downloaded[0m icu_collections v2.3.0
[1m[92m  Downloaded[0m icu_properties_data v2.3.0
[1m[92m  Downloaded[0m litemap v0.8.3
[1m[92m  Downloaded[0m pkcs8 v0.10.2
[1m[92m  Downloaded[0m ryu v1.0.23
[1m[92m  Downloaded[0m serde_json v1.0.151
[1m[92m  Downloaded[0m spki v0.7.3
[1m[92m  Downloaded[0m thiserror-impl v1.0.69
[1m[92m  Downloaded[0m tinyvec v1.12.0
[1m[92m  Downloaded[0m tracing-core v0.1.36
[1m[92m  Downloaded[0m url v2.5.8
[1m[92m  Downloaded[0m atomic-waker v1.1.2
[1m[92m  Downloaded[0m getrandom v0.4.3
[1m[92m  Downloaded[0m hex v0.4.3
[1m[92m  Downloaded[0m mio v1.2.2
[1m[92m  Downloaded[0m proc-macro2 v1.0.107
[1m[92m  Downloaded[0m zerotrie v0.2.5
[1m[92m  Downloaded[0m zerovec-derive v0.11.5
[1m[92m  Downloaded[0m aead v0.5.2
[1m[92m  Downloaded[0m idna v1.1.0
[1m[92m  Downloaded[0m ipnet v2.12.1
[1m[92m  Downloaded[0m lofty_attr v0.11.1
[1m[92m  Downloaded[0m socket2 v0.6.5
[1m[92m  Downloaded[0m typenum v1.20.1
[1m[92m  Downloaded[0m unicode-ident v1.0.24
[1m[92m  Downloaded[0m icu_provider v2.3.0
[1m[92m  Downloaded[0m rustls v0.23.43
[1m[92m  Downloaded[0m socket2 v0.5.10
[1m[92m  Downloaded[0m icu_normalizer_data v2.3.0
[1m[92m  Downloaded[0m lru-slab v0.1.2
[1m[92m  Downloaded[0m rusqlite v0.31.0
[1m[92m  Downloaded[0m quinn-proto v0.11.17
[1m[92m  Downloaded[0m ureq v2.12.1
[1m[92m  Downloaded[0m errno v0.3.14
[1m[92m  Downloaded[0m http-body-util v0.1.5
[1m[92m  Downloaded[0m zerovec v0.11.7
[1m[92m  Downloaded[0m regex-syntax v0.8.11
[1m[92m  Downloaded[0m regex v1.13.1
[1m[92m  Downloaded[0m tower-http v0.6.11
[1m[92m  Downloaded[0m lofty v0.21.1
[1m[92m  Downloaded[0m der v0.7.10
[1m[92m  Downloaded[0m webpki-roots v1.0.9
[1m[92m  Downloaded[0m futures-core v0.3.34
[1m[92m  Downloaded[0m jni v0.21.1
[1m[92m  Downloaded[0m ed25519 v2.2.3
[1m[92m  Downloaded[0m vcpkg v0.2.15
[1m[92m  Downloaded[0m syn v3.0.3
[1m[92m  Downloaded[0m zerocopy v0.8.56
[1m[92m  Downloaded[0m syn v2.0.119
[1m[92m  Downloaded[0m jni-sys-macros v0.4.1
[1m[92m  Downloaded[0m memchr v2.8.3
[1m[92m  Downloaded[0m opaque-debug v0.3.1
[1m[92m  Downloaded[0m chacha20poly1305 v0.10.1
[1m[92m  Downloaded[0m jni-sys v0.3.1
[1m[92m  Downloaded[0m tracing v0.1.44
[1m[92m  Downloaded[0m hmac v0.12.1
[1m[92m  Downloaded[0m ppv-lite86 v0.2.21
[1m[92m  Downloaded[0m blake3 v1.8.7
[1m[92m  Downloaded[0m regex-automata v0.4.18
[1m[92m  Downloaded[0m aho-corasick v1.1.5
[1m[92m  Downloaded[0m hashbrown v0.14.5
[1m[92m  Downloaded[0m icu_normalizer v2.3.0
[1m[92m  Downloaded[0m miniz_oxide v0.8.9
[1m[92m  Downloaded[0m tokio v1.53.1
[1m[92m  Downloaded[0m ring v0.17.14
[1m[92m  Downloaded[0m libc v0.2.189
[1m[92m  Downloaded[0m linux-raw-sys v0.12.1
[1m[92m  Downloaded[0m libsqlite3-sys v0.28.0
[1m[92m   Compiling[0m proc-macro2 v1.0.107
[1m[92m   Compiling[0m unicode-ident v1.0.24
[1m[92m   Compiling[0m quote v1.0.47
[1m[92m   Compiling[0m libc v0.2.189
[1m[92m     Running[0m `/home/runner/.rustup/toolchains/stable-x86_64-unknown-linux-gnu/bin/rustc --crate-name build_script_build --edition=2021 /home/runner/.cargo/registry/src/index.crates.io-1949cf8c6b5b557f/proc-macro2-1.0.107/build.rs --error-format=json --json=diagnostic-rendered-ansi,artifacts,future-incompat --crate-type bin --emit=dep-info,link -C embed-bitcode=no --cfg 'feature="default"' --cfg 'feature="proc-macro"' --check-cfg 'cfg(docsrs,test)' --check-cfg 'cfg(feature, values("default", "nightly", "proc-macro", "span-locations"))' -C metadata=e89ef3c70cdae458 -C extra-filename=-8c620669baf7394b --out-dir /home/runner/work/streamify-apk/streamify-apk/rust/target/debug/build/proc-macro2-8c620669baf7394b -L dependency=/home/runner/work/streamify-apk/streamify-apk/rust/target/debug/deps --cap-lints allow`
[1m[92m     Running[0m `/home/runner/.rustup/toolchains/stable-x86_64-unknown-linux-gnu/bin/rustc --crate-name unicode_ident --edition=2021 /home/runner/.cargo/registry/src/index.crates.io-1949cf8c6b5b557f/unicode-ident-1.0.24/src/lib.rs --error-format=json --json=diagnostic-rendered-ansi,artifacts,future-incompat --crate-type lib --emit=dep-info,metadata,link -C embed-bitcode=no --check-cfg 'cfg(docsrs,test)' --check-cfg 'cfg(feature, values())' -C metadata=1c23f9020a44a5c3 -C extra-filename=-daa581801a392e5d --out-dir /home/runner/work/streamify-apk/streamify-apk/rust/target/debug/deps -L dependency=/home/runner/work/streamify-apk/streamify-apk/rust/target/debug/deps --cap-lints allow`
[1m[92m     Running[0m `/home/runner/.rustup/toolchains/stable-x86_64-unknown-linux-gnu/bin/rustc --crate-name build_script_build --edition=2021 /home/runner/.cargo/registry/src/index.crates.io-1949cf8c6b5b557f/quote-1.0.47/build.rs --error-format=json --json=diagnostic-rendered-ansi,artifacts,future-incompat --crate-type bin --emit=dep-info,link -C embed-bitcode=no --cfg 'feature="default"' --cfg 'feature="proc-macro"' --check-cfg 'cfg(docsrs,test)' --check-cfg 'cfg(feature, values("default", "proc-macro"))' -C metadata=cd626264ff9852be -C extra-filename=-00dde65f026b170f --out-dir /home/runner/work/streamify-apk/streamify-apk/rust/target/debug/build/quote-00dde65f026b170f -L dependency=/home/runner/work/streamify-apk/streamify-apk/rust/target/debug/deps --cap-lints allow`
[1m[92m     Running[0m `/home/runner/.rustup/toolchains/stable-x86_64-unknown-linux-gnu/bin/rustc --crate-name build_script_build --edition=2021 /home/runner/.cargo/registry/src/index.crates.io-1949cf8c6b5b557f/libc-0.2.189/build.rs --error-format=json --json=diagnostic-rendered-ansi,artifacts,future-incompat --crate-type bin --emit=dep-info,link -C embed-bitcode=no --cfg 'feature="default"' --cfg 'feature="std"' --check-cfg 'cfg(docsrs,test)' --check-cfg 'cfg(feature, values("align", "const-extern-fn", "default", "extra_traits", "rustc-dep-of-std", "rustc-std-workspace-core", "std", "use_std"))' -C metadata=6a830fd17da434bf -C extra-filename=-8bcb787709ecaeb1 --out-dir /home/runner/work/streamify-apk/streamify-apk/rust/target/debug/build/libc-8bcb787709ecaeb1 -L dependency=/home/runner/work/streamify-apk/streamify-apk/rust/target/debug/deps --cap-lints allow`
[1m[92m   Compiling[0m cfg-if v1.0.4
[1m[92m     Running[0m `/home/runner/.rustup/toolchains/stable-x86_64-unknown-linux-gnu/bin/rustc --crate-name cfg_if --edition=2018 /home/runner/.cargo/registry/src/index.crates.io-1949cf8c6b5b557f/cfg-if-1.0.4/src/lib.rs --error-format=json --json=diagnostic-rendered-ansi,artifacts,future-incompat --crate-type lib --emit=dep-info,metadata,link -C opt-level=2 -C embed-bitcode=no -C debuginfo=2 -C debug-assertions=on --check-cfg 'cfg(docsrs,test)' --check-cfg 'cfg(feature, values("core", "rustc-dep-of-std"))' -C metadata=83c0e01d881f47da -C extra-filename=-f10dd018f5572444 --out-dir /home/runner/work/streamify-apk/streamify-apk/rust/target/debug/deps -L dependency=/home/runner/work/streamify-apk/streamify-apk/rust/target/debug/deps --cap-lints allow`
[1m[92m   Compiling[0m version_check v0.9.5
[1m[92m     Running[0m `/home/runner/.rustup/toolchains/stable-x86_64-unknown-linux-gnu/bin/rustc --crate-name version_check --edition=2015 /home/runner/.cargo/registry/src/index.crates.io-1949cf8c6b5b557f/version_check-0.9.5/src/lib.rs --error-format=json --json=diagnostic-rendered-ansi,artifacts,future-incompat --crate-type lib --emit=dep-info,metadata,link -C embed-bitcode=no --check-cfg 'cfg(docsrs,test)' --check-cfg 'cfg(feature, values())' -C metadata=a56f4559d2fa7750 -C extra-filename=-371b5f2dedfc9d12 --out-dir /home/runner/work/streamify-apk/streamify-apk/rust/target/debug/deps -L dependency=/home/runner/work/streamify-apk/streamify-apk/rust/target/debug/deps --cap-lints allow`
[1m[92m   Compiling[0m shlex v2.0.1
[1m[92m     Running[0m `/home/runner/.rustup/toolchains/stable-x86_64-unknown-linux-gnu/bin/rustc --crate-name shlex --edition=2018 /home/runner/.cargo/registry/src/index.crates.io-1949cf8c6b5b557f/shlex-2.0.1/src/lib.rs --error-format=json --json=diagnostic-rendered-ansi,artifacts,future-incompat --crate-type lib --emit=dep-info,metadata,link -C embed-bitcode=no --cfg 'feature="default"' --cfg 'feature="std"' --check-cfg 'cfg(docsrs,test)' --check-cfg 'cfg(feature, values("default", "std"))' -C metadata=4c3d46787fc22f7d -C extra-filename=-7000c8965d055859 --out-dir /home/runner/work/streamify-apk/streamify-apk/rust/target/debug/deps -L dependency=/home/runner/work/streamify-apk/streamify-apk/rust/target/debug/deps --cap-lints allow`
[1m[92m     Running[0m `/home/runner/work/streamify-apk/streamify-apk/rust/target/debug/build/quote-00dde65f026b170f/build-script-build`
[1m[92m     Running[0m `/home/runner/work/streamify-apk/streamify-apk/rust/target/debug/build/libc-8bcb787709ecaeb1/build-script-build`
[1m[92m     Running[0m `/home/runner/work/streamify-apk/streamify-apk/rust/target/debug/build/proc-macro2-8c620669baf7394b/build-script-build`
[1m[92m   Compiling[0m find-msvc-tools v0.1.11
[1m[92m     Running[0m `/home/runner/.rustup/toolchains/stable-x86_64-unknown-linux-gnu/bin/rustc --crate-name find_msvc_tools --edition=2021 /home/runner/.cargo/registry/src/index.crates.io-1949cf8c6b5b557f/find-msvc-tools-0.1.11/src/lib.rs --error-format=json --json=diagnostic-rendered-ansi,artifacts,future-incompat --crate-type lib --emit=dep-info,metadata,link -C embed-bitcode=no --check-cfg 'cfg(docsrs,test)' --check-cfg 'cfg(feature, values())' -C metadata=9d9f93d0ece4c6f4 -C extra-filename=-1d5136de5bfcf0cf --out-dir /home/runner/work/streamify-apk/streamify-apk/rust/target/debug/deps -L dependency=/home/runner/work/streamify-apk/streamify-apk/rust/target/debug/deps --cap-lints allow`
[1m[92m     Running[0m `/home/runner/.rustup/toolchains/stable-x86_64-unknown-linux-gnu/bin/rustc --crate-name libc --edition=2021 /home/runner/.cargo/registry/src/index.crates.io-1949cf8c6b5b557f/libc-0.2.189/src/lib.rs --error-format=json --json=diagnostic-rendered-ansi,artifacts,future-incompat --crate-type lib --emit=dep-info,metadata,link -C opt-level=2 -C embed-bitcode=no -C debuginfo=2 -C debug-assertions=on --cfg 'feature="default"' --cfg 'feature="std"' --check-cfg 'cfg(docsrs,test)' --check-cfg 'cfg(feature, values("align", "const-extern-fn", "default", "extra_traits", "rustc-dep-of-std", "rustc-std-workspace-core", "std", "use_std"))' -C metadata=8c73dfbe5a5ff5d3 -C extra-filename=-9b8f2fd08e0acf77 --out-dir /home/runner/work/streamify-apk/streamify-apk/rust/target/debug/deps -L dependency=/home/runner/work/streamify-apk/streamify-apk/rust/target/debug/deps --cap-lints allow --cfg freebsd12 --check-cfg 'cfg(emscripten_old_stat_abi)' --check-cfg 'cfg(espidf_picolibc)' --check-cfg 'cfg(espidf_time32)' --check-cfg 'cfg(freebsd10)' --check-cfg 'cfg(freebsd11)' --check-cfg 'cfg(freebsd12)' --check-cfg 'cfg(freebsd13)' --check-cfg 'cfg(freebsd14)' --check-cfg 'cfg(freebsd15)' --check-cfg 'cfg(gnu_file_offset_bits64)' --check-cfg 'cfg(gnu_time_bits64)' --check-cfg 'cfg(libc_deny_warnings)' --check-cfg 'cfg(linux_time_bits64)' --check-cfg 'cfg(musl_v1_2_3)' --check-cfg 'cfg(musl32_time64)' --check-cfg 'cfg(musl_redir_time64)' --check-cfg 'cfg(vxworks_lt_25_09)' --check-cfg 'cfg(libc_pauthtest)' --check-cfg 'cfg(target_os,values("switch","aix","ohos","hurd","rtems","visionos","nuttx","cygwin","qurt","qnx"))' --check-cfg 'cfg(target_env,values("illumos","wasi","aix","ohos","nto71_iosock"))' --check-cfg 'cfg(target_arch,values("loongarch64","mips32r6","mips64r6","csky"))'`
[1m[92m   Compiling[0m generic-array v0.14.7
[1m[92m     Running[0m `/home/runner/.rustup/toolchains/stable-x86_64-unknown-linux-gnu/bin/rustc --crate-name build_script_build --edition=2015 /home/runner/.cargo/registry/src/index.crates.io-1949cf8c6b5b557f/generic-array-0.14.7/build.rs --error-format=json --json=diagnostic-rendered-ansi,artifacts,future-incompat --crate-type bin --emit=dep-info,link -C embed-bitcode=no --cfg 'feature="more_lengths"' --check-cfg 'cfg(docsrs,test)' --check-cfg 'cfg(feature, values("more_lengths", "serde", "zeroize"))' -C metadata=0f4663801a0d0119 -C extra-filename=-e1c281c23bd1f564 --out-dir /home/runner/work/streamify-apk/streamify-apk/rust/target/debug/build/generic-array-e1c281c23bd1f564 -L dependency=/home/runner/work/streamify-apk/streamify-apk/rust/target/debug/deps --extern version_check=/home/runner/work/streamify-apk/streamify-apk/rust/target/debug/deps/libversion_check-371b5f2dedfc9d12.rlib --cap-lints allow`
[1m[92m     Running[0m `/home/runner/.rustup/toolchains/stable-x86_64-unknown-linux-gnu/bin/rustc --crate-name proc_macro2 --edition=2021 /home/runner/.cargo/registry/src/index.crates.io-1949cf8c6b5b557f/proc-macro2-1.0.107/src/lib.rs --error-format=json --json=diagnostic-rendered-ansi,artifacts,future-incompat --crate-type lib --emit=dep-info,metadata,link -C embed-bitcode=no --cfg 'feature="default"' --cfg 'feature="proc-macro"' --check-cfg 'cfg(docsrs,test)' --check-cfg 'cfg(feature, values("default", "nightly", "proc-macro", "span-locations"))' -C metadata=dd2b5cfc348c0016 -C extra-filename=-e8299e9da2515a61 --out-dir /home/runner/work/streamify-apk/streamify-apk/rust/target/debug/deps -L dependency=/home/runner/work/streamify-apk/streamify-apk/rust/target/debug/deps --extern unicode_ident=/home/runner/work/streamify-apk/streamify-apk/rust/target/debug/deps/libunicode_ident-daa581801a392e5d.rmeta --cap-lints allow --cfg wrap_proc_macro --cfg proc_macro_span_location --cfg proc_macro_span_file --check-cfg 'cfg(fuzzing)' --check-cfg 'cfg(no_is_available)' --check-cfg 'cfg(no_literal_byte_character)' --check-cfg 'cfg(no_literal_c_string)' --check-cfg 'cfg(no_source_text)' --check-cfg 'cfg(proc_macro_span)' --check-cfg 'cfg(proc_macro_span_file)' --check-cfg 'cfg(proc_macro_span_location)' --check-cfg 'cfg(procmacro2_backtrace)' --check-cfg 'cfg(procmacro2_build_probe)' --check-cfg 'cfg(procmacro2_nightly_testing)' --check-cfg 'cfg(procmacro2_semver_exempt)' --check-cfg 'cfg(randomize_layout)' --check-cfg 'cfg(span_locations)' --check-cfg 'cfg(super_unstable)' --check-cfg 'cfg(wrap_proc_macro)'`
[1m[92m   Compiling[0m cc v1.4.3
[1m[92m     Running[0m `/home/runner/.rustup/toolchains/stable-x86_64-unknown-linux-gnu/bin/rustc --crate-name cc --edition=2021 /home/runner/.cargo/registry/src/index.crates.io-1949cf8c6b5b557f/cc-1.4.3/src/lib.rs --error-format=json --json=diagnostic-rendered-ansi,artifacts,future-incompat --crate-type lib --emit=dep-info,metadata,link -C embed-bitcode=no --check-cfg 'cfg(docsrs,test)' --check-cfg 'cfg(feature, values("jobserver", "parallel"))' -C metadata=7a57f9ed573c3707 -C extra-filename=-5bcc5bd787eac41c --out-dir /home/runner/work/streamify-apk/streamify-apk/rust/target/debug/deps -L dependency=/home/runner/work/streamify-apk/streamify-apk/rust/target/debug/deps --extern find_msvc_tools=/home/runner/work/streamify-apk/streamify-apk/rust/target/debug/deps/libfind_msvc_tools-1d5136de5bfcf0cf.rmeta --extern shlex=/home/runner/work/streamify-apk/streamify-apk/rust/target/debug/deps/libshlex-7000c8965d055859.rmeta --cap-lints allow`
[1m[92m     Running[0m `/home/runner/work/streamify-apk/streamify-apk/rust/target/debug/build/generic-array-e1c281c23bd1f564/build-script-build`
[1m[92m   Compiling[0m typenum v1.20.1
[1m[92m     Running[0m `/home/runner/.rustup/toolchains/stable-x86_64-unknown-linux-gnu/bin/rustc --crate-name typenum --edition=2018 /home/runner/.cargo/registry/src/index.crates.io-1949cf8c6b5b557f/typenum-1.20.1/src/lib.rs --error-format=json --json=diagnostic-rendered-ansi,artifacts,future-incompat --crate-type lib --emit=dep-info,metadata,link -C opt-level=2 -C embed-bitcode=no -C debuginfo=2 -C debug-assertions=on --check-cfg 'cfg(docsrs,test)' --check-cfg 'cfg(feature, values("const-generics", "i128", "scale-info", "scale_info", "strict"))' -C metadata=815f537117c79551 -C extra-filename=-ae04b323dfb27383 --out-dir /home/runner/work/streamify-apk/streamify-apk/rust/target/debug/deps -L dependency=/home/runner/work/streamify-apk/streamify-apk/rust/target/debug/deps --cap-lints allow`
[1m[92m     Running[0m `/home/runner/.rustup/toolchains/stable-x86_64-unknown-linux-gnu/bin/rustc --crate-name quote --edition=2021 /home/runner/.cargo/registry/src/index.crates.io-1949cf8c6b5b557f/quote-1.0.47/src/lib.rs --error-format=json --json=diagnostic-rendered-ansi,artifacts,future-incompat --crate-type lib --emit=dep-info,metadata,link -C embed-bitcode=no --cfg 'feature="default"' --cfg 'feature="proc-macro"' --check-cfg 'cfg(docsrs,test)' --check-cfg 'cfg(feature, values("default", "proc-macro"))' -C metadata=9944b00df4d37523 -C extra-filename=-a91d24f1712c74bd --out-dir /home/runner/work/streamify-apk/streamify-apk/rust/target/debug/deps -L dependency=/home/runner/work/streamify-apk/streamify-apk/rust/target/debug/deps --extern proc_macro2=/home/runner/work/streamify-apk/streamify-apk/rust/target/debug/deps/libproc_macro2-e8299e9da2515a61.rmeta --cap-lints allow --check-cfg 'cfg(no_diagnostic_namespace)'`
[1m[92m   Compiling[0m syn v2.0.119
[1m[92m     Running[0m `/home/runner/.rustup/toolchains/stable-x86_64-unknown-linux-gnu/bin/rustc --crate-name syn --edition=2021 /home/runner/.cargo/registry/src/index.crates.io-1949cf8c6b5b557f/syn-2.0.119/src/lib.rs --error-format=json --json=diagnostic-rendered-ansi,artifacts,future-incompat --crate-type lib --emit=dep-info,metadata,link -C embed-bitcode=no --cfg 'feature="clone-impls"' --cfg 'feature="default"' --cfg 'feature="derive"' --cfg 'feature="extra-traits"' --cfg 'feature="fold"' --cfg 'feature="full"' --cfg 'feature="parsing"' --cfg 'feature="printing"' --cfg 'feature="proc-macro"' --cfg 'feature="visit"' --check-cfg 'cfg(docsrs,test)' --check-cfg 'cfg(feature, values("clone-impls", "default", "derive", "extra-traits", "fold", "full", "parsing", "printing", "proc-macro", "test", "visit", "visit-mut"))' -C metadata=6f2f1a8664d223e9 -C extra-filename=-dd97d8155b655bc9 --out-dir /home/runner/work/streamify-apk/streamify-apk/rust/target/debug/deps -L dependency=/home/runner/work/streamify-apk/streamify-apk/rust/target/debug/deps --extern proc_macro2=/home/runner/work/streamify-apk/streamify-apk/rust/target/debug/deps/libproc_macro2-e8299e9da2515a61.rmeta --extern quote=/home/runner/work/streamify-apk/streamify-apk/rust/target/debug/deps/libquote-a91d24f1712c74bd.rmeta --extern unicode_ident=/home/runner/work/streamify-apk/streamify-apk/rust/target/debug/deps/libunicode_ident-daa581801a392e5d.rmeta --cap-lints allow`
[1m[92m   Compiling[0m syn v3.0.3
[1m[92m     Running[0m `/home/runner/.rustup/toolchains/stable-x86_64-unknown-linux-gnu/bin/rustc --crate-name syn --edition=2021 /home/runner/.cargo/registry/src/index.crates.io-1949cf8c6b5b557f/syn-3.0.3/src/lib.rs --error-format=json --json=diagnostic-rendered-ansi,artifacts,future-incompat --crate-type lib --emit=dep-info,metadata,link -C embed-bitcode=no --cfg 'feature="clone-impls"' --cfg 'feature="default"' --cfg 'feature="derive"' --cfg 'feature="extra-traits"' --cfg 'feature="full"' --cfg 'feature="parsing"' --cfg 'feature="printing"' --cfg 'feature="proc-macro"' --check-cfg 'cfg(docsrs,test)' --check-cfg 'cfg(feature, values("clone-impls", "default", "derive", "extra-traits", "fold", "full", "parsing", "printing", "proc-macro", "test", "visit", "visit-mut"))' -C metadata=a07ae6a7a7f1b0d1 -C extra-filename=-521253e1b78cc371 --out-dir /home/runner/work/streamify-apk/streamify-apk/rust/target/debug/deps -L dependency=/home/runner/work/streamify-apk/streamify-apk/rust/target/debug/deps --extern proc_macro2=/home/runner/work/streamify-apk/streamify-apk/rust/target/debug/deps/libproc_macro2-e8299e9da2515a61.rmeta --extern quote=/home/runner/work/streamify-apk/streamify-apk/rust/target/debug/deps/libquote-a91d24f1712c74bd.rmeta --extern unicode_ident=/home/runner/work/streamify-apk/streamify-apk/rust/target/debug/deps/libunicode_ident-daa581801a392e5d.rmeta --cap-lints allow`
[1m[92m   Compiling[0m getrandom v0.2.17
[1m[92m     Running[0m `/home/runner/.rustup/toolchains/stable-x86_64-unknown-linux-gnu/bin/rustc --crate-name getrandom --edition=2018 /home/runner/.cargo/registry/src/index.crates.io-1949cf8c6b5b557f/getrandom-0.2.17/src/lib.rs --error-format=json --json=diagnostic-rendered-ansi,artifacts,future-incompat --crate-type lib --emit=dep-info,metadata,link -C opt-level=2 -C embed-bitcode=no -C debuginfo=2 -C debug-assertions=on --cfg 'feature="std"' --check-cfg 'cfg(docsrs,test)' --check-cfg 'cfg(feature, values("compiler_builtins", "core", "custom", "js", "js-sys", "linux_disable_fallback", "rdrand", "rustc-dep-of-std", "std", "test-in-browser", "wasm-bindgen"))' -C metadata=074443efe9c382f8 -C extra-filename=-05e3346ade75beea --out-dir /home/runner/work/streamify-apk/streamify-apk/rust/target/debug/deps -L dependency=/home/runner/work/streamify-apk/streamify-apk/rust/target/debug/deps --extern cfg_if=/home/runner/work/streamify-apk/streamify-apk/rust/target/debug/deps/libcfg_if-f10dd018f5572444.rmeta --extern libc=/home/runner/work/streamify-apk/streamify-apk/rust/target/debug/deps/liblibc-9b8f2fd08e0acf77.rmeta --cap-lints allow`
[1m[92m   Compiling[0m stable_deref_trait v1.2.1
[1m[92m     Running[0m `/home/runner/.rustup/toolchains/stable-x86_64-unknown-linux-gnu/bin/rustc --crate-name stable_deref_trait --edition=2015 /home/runner/.cargo/registry/src/index.crates.io-1949cf8c6b5b557f/stable_deref_trait-1.2.1/src/lib.rs --error-format=json --json=diagnostic-rendered-ansi,artifacts,future-incompat --crate-type lib --emit=dep-info,metadata,link -C opt-level=2 -C embed-bitcode=no -C debuginfo=2 -C debug-assertions=on --check-cfg 'cfg(docsrs,test)' --check-cfg 'cfg(feature, values("alloc", "default", "std"))' -C metadata=6c4d09d8754e2f34 -C extra-filename=-b70ed8442670e5a5 --out-dir /home/runner/work/streamify-apk/streamify-apk/rust/target/debug/deps -L dependency=/home/runner/work/streamify-apk/streamify-apk/rust/target/debug/deps --cap-lints allow`
[1m[92m   Compiling[0m rand_core v0.6.4
[1m[92m     Running[0m `/home/runner/.rustup/toolchains/stable-x86_64-unknown-linux-gnu/bin/rustc --crate-name rand_core --edition=2018 /home/runner/.cargo/registry/src/index.crates.io-1949cf8c6b5b557f/rand_core-0.6.4/src/lib.rs --error-format=json --json=diagnostic-rendered-ansi,artifacts,future-incompat --crate-type lib --emit=dep-info,metadata,link -C opt-level=2 -C embed-bitcode=no -C debuginfo=2 -C debug-assertions=on --cfg 'feature="alloc"' --cfg 'feature="getrandom"' --cfg 'feature="std"' --check-cfg 'cfg(docsrs,test)' --check-cfg 'cfg(feature, values("alloc", "getrandom", "serde", "serde1", "std"))' -C metadata=74025fef2374d65a -C extra-filename=-c0972f3630649741 --out-dir /home/runner/work/streamify-apk/streamify-apk/rust/target/debug/deps -L dependency=/home/runner/work/streamify-apk/streamify-apk/rust/target/debug/deps --extern getrandom=/home/runner/work/streamify-apk/streamify-apk/rust/target/debug/deps/libgetrandom-05e3346ade75beea.rmeta --cap-lints allow`
[1m[92m     Running[0m `/home/runner/.rustup/toolchains/stable-x86_64-unknown-linux-gnu/bin/rustc --crate-name generic_array --edition=2015 /home/runner/.cargo/registry/src/index.crates.io-1949cf8c6b5b557f/generic-array-0.14.7/src/lib.rs --error-format=json --json=diagnostic-rendered-ansi,artifacts,future-incompat --crate-type lib --emit=dep-info,metadata,link -C opt-level=2 -C embed-bitcode=no -C debuginfo=2 -C debug-assertions=on --cfg 'feature="more_lengths"' --check-cfg 'cfg(docsrs,test)' --check-cfg 'cfg(feature, values("more_lengths", "serde", "zeroize"))' -C metadata=54a5120f93147d84 -C extra-filename=-e9151a0eb938d84a --out-dir /home/runner/work/streamify-apk/streamify-apk/rust/target/debug/deps -L dependency=/home/runner/work/streamify-apk/streamify-apk/rust/target/debug/deps --extern typenum=/home/runner/work/streamify-apk/streamify-apk/rust/target/debug/deps/libtypenum-ae04b323dfb27383.rmeta --cap-lints allow --cfg relaxed_coherence`
[1m[92m   Compiling[0m subtle v2.6.1
[1m[92m     Running[0m `/home/runner/.rustup/toolchains/stable-x86_64-unknown-linux-gnu/bin/rustc --crate-name subtle --edition=2018 /home/runner/.cargo/registry/src/index.crates.io-1949cf8c6b5b557f/subtle-2.6.1/src/lib.rs --error-format=json --json=diagnostic-rendered-ansi,artifacts,future-incompat --crate-type lib --emit=dep-info,metadata,link -C opt-level=2 -C embed-bitcode=no -C debuginfo=2 -C debug-assertions=on --check-cfg 'cfg(docsrs,test)' --check-cfg 'cfg(feature, values("const-generics", "core_hint_black_box", "default", "i128", "nightly", "std"))' -C metadata=42e23a42163ff04f -C extra-filename=-2f87dd0d373f35ff --out-dir /home/runner/work/streamify-apk/streamify-apk/rust/target/debug/deps -L dependency=/home/runner/work/streamify-apk/streamify-apk/rust/target/debug/deps --cap-lints allow`
[1m[92m   Compiling[0m zeroize v1.9.0
[1m[92m     Running[0m `/home/runner/.rustup/toolchains/stable-x86_64-unknown-linux-gnu/bin/rustc --crate-name zeroize --edition=2024 /home/runner/.cargo/registry/src/index.crates.io-1949cf8c6b5b557f/zeroize-1.9.0/src/lib.rs --error-format=json --json=diagnostic-rendered-ansi,artifacts,future-incompat --crate-type lib --emit=dep-info,metadata,link -C opt-level=2 -C embed-bitcode=no -C debuginfo=2 -C debug-assertions=on --cfg 'feature="alloc"' --cfg 'feature="default"' --check-cfg 'cfg(docsrs,test)' --check-cfg 'cfg(feature, values("aarch64", "alloc", "default", "derive", "serde", "simd", "std", "zeroize_derive"))' -C metadata=4bca02dcf7d147e1 -C extra-filename=-a52dc9e59edbbd8a --out-dir /home/runner/work/streamify-apk/streamify-apk/rust/target/debug/deps -L dependency=/home/runner/work/streamify-apk/streamify-apk/rust/target/debug/deps --cap-lints allow`
[1m[92m   Compiling[0m bytes v1.12.1
[1m[92m     Running[0m `/home/runner/.rustup/toolchains/stable-x86_64-unknown-linux-gnu/bin/rustc --crate-name bytes --edition=2021 /home/runner/.cargo/registry/src/index.crates.io-1949cf8c6b5b557f/bytes-1.12.1/src/lib.rs --error-format=json --json=diagnostic-rendered-ansi,artifacts,future-incompat --crate-type lib --emit=dep-info,metadata,link -C opt-level=2 -C embed-bitcode=no -C debuginfo=2 -C debug-assertions=on --cfg 'feature="default"' --cfg 'feature="std"' --check-cfg 'cfg(docsrs,test)' --check-cfg 'cfg(feature, values("default", "extra-platforms", "serde", "std"))' -C metadata=e90adccd48ea52b5 -C extra-filename=-8e4646a5eb2f57d0 --out-dir /home/runner/work/streamify-apk/streamify-apk/rust/target/debug/deps -L dependency=/home/runner/work/streamify-apk/streamify-apk/rust/target/debug/deps --cap-lints allow`
[1m[92m   Compiling[0m once_cell v1.21.4
[1m[92m     Running[0m `/home/runner/.rustup/toolchains/stable-x86_64-unknown-linux-gnu/bin/rustc --crate-name once_cell --edition=2021 /home/runner/.cargo/registry/src/index.crates.io-1949cf8c6b5b557f/once_cell-1.21.4/src/lib.rs --error-format=json --json=diagnostic-rendered-ansi,artifacts,future-incompat --crate-type lib --emit=dep-info,metadata,link -C opt-level=2 -C embed-bitcode=no -C debuginfo=2 -C debug-assertions=on --cfg 'feature="alloc"' --cfg 'feature="default"' --cfg 'feature="race"' --cfg 'feature="std"' --check-cfg 'cfg(docsrs,test)' --check-cfg 'cfg(feature, values("alloc", "atomic-polyfill", "critical-section", "default", "parking_lot", "portable-atomic", "race", "std", "unstable"))' -C metadata=1cd59a36415b5697 -C extra-filename=-23ed231fed418336 --out-dir /home/runner/work/streamify-apk/streamify-apk/rust/target/debug/deps -L dependency=/home/runner/work/streamify-apk/streamify-apk/rust/target/debug/deps --cap-lints allow`
[1m[92m   Compiling[0m crypto-common v0.1.7
[1m[92m     Running[0m `/home/runner/.rustup/toolchains/stable-x86_64-unknown-linux-gnu/bin/rustc --crate-name crypto_common --edition=2018 /home/runner/.cargo/registry/src/index.crates.io-1949cf8c6b5b557f/crypto-common-0.1.7/src/lib.rs --error-format=json --json=diagnostic-rendered-ansi,artifacts,future-incompat --crate-type lib --emit=dep-info,metadata,link -C opt-level=2 -C embed-bitcode=no -C debuginfo=2 -C debug-assertions=on --cfg 'feature="getrandom"' --cfg 'feature="rand_core"' --cfg 'feature="std"' --check-cfg 'cfg(docsrs,test)' --check-cfg 'cfg(feature, values("getrandom", "rand_core", "std"))' -C metadata=cc2ec8dfbf1cd4ca -C extra-filename=-4db9101f341c889d --out-dir /home/runner/work/streamify-apk/streamify-apk/rust/target/debug/deps -L dependency=/home/runner/work/streamify-apk/streamify-apk/rust/target/debug/deps --extern generic_array=/home/runner/work/streamify-apk/streamify-apk/rust/target/debug/deps/libgeneric_array-e9151a0eb938d84a.rmeta --extern rand_core=/home/runner/work/streamify-apk/streamify-apk/rust/target/debug/deps/librand_core-c0972f3630649741.rmeta --extern typenum=/home/runner/work/streamify-apk/streamify-apk/rust/target/debug/deps/libtypenum-ae04b323dfb27383.rmeta --cap-lints allow`
[1m[92m   Compiling[0m smallvec v1.15.2
[1m[92m     Running[0m `/home/runner/.rustup/toolchains/stable-x86_64-unknown-linux-gnu/bin/rustc --crate-name smallvec --edition=2018 /home/runner/.cargo/registry/src/index.crates.io-1949cf8c6b5b557f/smallvec-1.15.2/src/lib.rs --error-format=json --json=diagnostic-rendered-ansi,artifacts,future-incompat --crate-type lib --emit=dep-info,metadata,link -C opt-level=2 -C embed-bitcode=no -C debuginfo=2 -C debug-assertions=on --cfg 'feature="const_generics"' --cfg 'feature="const_new"' --check-cfg 'cfg(docsrs,test)' --check-cfg 'cfg(feature, values("arbitrary", "bincode", "const_generics", "const_new", "debugger_visualizer", "drain_filter", "drain_keep_rest", "impl_bincode", "malloc_size_of", "may_dangle", "serde", "specialization", "union", "unty", "write"))' -C metadata=5486676cdba4ece0 -C extra-filename=-b200e87e3d354ad6 --out-dir /home/runner/work/streamify-apk/streamify-apk/rust/target/debug/deps -L dependency=/home/runner/work/streamify-apk/streamify-apk/rust/target/debug/deps --cap-lints allow`
[1m[92m   Compiling[0m itoa v1.0.18
[1m[92m     Running[0m `/home/runner/.rustup/toolchains/stable-x86_64-unknown-linux-gnu/bin/rustc --crate-name itoa --edition=2021 /home/runner/.cargo/registry/src/index.crates.io-1949cf8c6b5b557f/itoa-1.0.18/src/lib.rs --error-format=json --json=diagnostic-rendered-ansi,artifacts,future-incompat --crate-type lib --emit=dep-info,metadata,link -C opt-level=2 -C embed-bitcode=no -C debuginfo=2 -C debug-assertions=on --check-cfg 'cfg(docsrs,test)' --check-cfg 'cfg(feature, values("no-panic"))' -C metadata=a15b8b4edb511374 -C extra-filename=-19d593059ff98fd4 --out-dir /home/runner/work/streamify-apk/streamify-apk/rust/target/debug/deps -L dependency=/home/runner/work/streamify-apk/streamify-apk/rust/target/debug/deps --cap-lints allow`
[1m[92m   Compiling[0m pin-project-lite v0.2.17
[1m[92m     Running[0m `/home/runner/.rustup/toolchains/stable-x86_64-unknown-linux-gnu/bin/rustc --crate-name pin_project_lite --edition=2018 /home/runner/.cargo/registry/src/index.crates.io-1949cf8c6b5b557f/pin-project-lite-0.2.17/src/lib.rs --error-format=json --json=diagnostic-rendered-ansi,artifacts,future-incompat --crate-type lib --emit=dep-info,metadata,link -C opt-level=2 -C embed-bitcode=no -C debuginfo=2 -C debug-assertions=on --check-cfg 'cfg(docsrs,test)' --check-cfg 'cfg(feature, values())' -C metadata=45bc6bf490e52598 -C extra-filename=-a3e77d6b6448f65e --out-dir /home/runner/work/streamify-apk/streamify-apk/rust/target/debug/deps -L dependency=/home/runner/work/streamify-apk/streamify-apk/rust/target/debug/deps --cap-lints allow`
[1m[92m   Compiling[0m litemap v0.8.3
[1m[92m     Running[0m `/home/runner/.rustup/toolchains/stable-x86_64-unknown-linux-gnu/bin/rustc --crate-name litemap --edition=2021 /home/runner/.cargo/registry/src/index.crates.io-1949cf8c6b5b557f/litemap-0.8.3/src/lib.rs --error-format=json --json=diagnostic-rendered-ansi,artifacts,future-incompat --crate-type lib --emit=dep-info,metadata,link -C opt-level=2 -C embed-bitcode=no -C debuginfo=2 -C debug-assertions=on --check-cfg 'cfg(docsrs,test)' --check-cfg 'cfg(feature, values("alloc", "databake", "default", "serde", "testing", "yoke"))' -C metadata=180dd1abc9ef33f9 -C extra-filename=-abd2df762d43de84 --out-dir /home/runner/work/streamify-apk/streamify-apk/rust/target/debug/deps -L dependency=/home/runner/work/streamify-apk/streamify-apk/rust/target/debug/deps --cap-lints allow`
[1m[92m   Compiling[0m futures-core v0.3.34
[1m[92m     Running[0m `/home/runner/.rustup/toolchains/stable-x86_64-unknown-linux-gnu/bin/rustc --crate-name futures_core --edition=2018 /home/runner/.cargo/registry/src/index.crates.io-1949cf8c6b5b557f/futures-core-0.3.34/src/lib.rs --error-format=json --json=diagnostic-rendered-ansi,artifacts,future-incompat --crate-type lib --emit=dep-info,metadata,link -C opt-level=2 -C embed-bitcode=no -C debuginfo=2 -C debug-assertions=on --cfg 'feature="alloc"' --cfg 'feature="default"' --cfg 'feature="std"' --check-cfg 'cfg(docsrs,test)' --check-cfg 'cfg(feature, values("alloc", "cfg-target-has-atomic", "default", "portable-atomic", "std", "unstable"))' -C metadata=55acaaa03c660a61 -C extra-filename=-aa367d602b978037 --out-dir /home/runner/work/streamify-apk/streamify-apk/rust/target/debug/deps -L dependency=/home/runner/work/streamify-apk/streamify-apk/rust/target/debug/deps --cap-lints allow`
[1m[92m   Compiling[0m writeable v0.6.4
[1m[92m     Running[0m `/home/runner/.rustup/toolchains/stable-x86_64-unknown-linux-gnu/bin/rustc --crate-name writeable --edition=2021 /home/runner/.cargo/registry/src/index.crates.io-1949cf8c6b5b557f/writeable-0.6.4/src/lib.rs --error-format=json --json=diagnostic-rendered-ansi,artifacts,future-incompat --crate-type lib --emit=dep-info,metadata,link -C opt-level=2 -C embed-bitcode=no -C debuginfo=2 -C debug-assertions=on --check-cfg 'cfg(docsrs,test)' --check-cfg 'cfg(feature, values("alloc", "default", "either"))' -C metadata=644c4fe6826466f4 -C extra-filename=-73e5e1736051eeb1 --out-dir /home/runner/work/streamify-apk/streamify-apk/rust/target/debug/deps -L dependency=/home/runner/work/streamify-apk/streamify-apk/rust/target/debug/deps --cap-lints allow`
[1m[92m   Compiling[0m ring v0.17.14
[1m[92m     Running[0m `/home/runner/.rustup/toolchains/stable-x86_64-unknown-linux-gnu/bin/rustc --crate-name build_script_build --edition=2021 /home/runner/.cargo/registry/src/index.crates.io-1949cf8c6b5b557f/ring-0.17.14/build.rs --error-format=json --json=diagnostic-rendered-ansi,artifacts,future-incompat --crate-type bin --emit=dep-info,link -C embed-bitcode=no --cfg 'feature="alloc"' --cfg 'feature="default"' --cfg 'feature="dev_urandom_fallback"' --check-cfg 'cfg(docsrs,test)' --check-cfg 'cfg(feature, values("alloc", "default", "dev_urandom_fallback", "less-safe-getrandom-custom-or-rdrand", "less-safe-getrandom-espidf", "slow_tests", "std", "test_logging", "unstable-testing-arm-no-hw", "unstable-testing-arm-no-neon", "wasm32_unknown_unknown_js"))' -C metadata=4c33f93d51ca5fbc -C extra-filename=-379e617c7fafccd1 --out-dir /home/runner/work/streamify-apk/streamify-apk/rust/target/debug/build/ring-379e617c7fafccd1 -L dependency=/home/runner/work/streamify-apk/streamify-apk/rust/target/debug/deps --extern cc=/home/runner/work/streamify-apk/streamify-apk/rust/target/debug/deps/libcc-5bcc5bd787eac41c.rlib --cap-lints allow`
[1m[92m   Compiling[0m icu_properties_data v2.3.0
[1m[92m     Running[0m `/home/runner/.rustup/toolchains/stable-x86_64-unknown-linux-gnu/bin/rustc --crate-name build_script_build --edition=2024 /home/runner/.cargo/registry/src/index.crates.io-1949cf8c6b5b557f/icu_properties_data-2.3.0/build.rs --error-format=json --json=diagnostic-rendered-ansi,artifacts,future-incompat --crate-type bin --emit=dep-info,link -C embed-bitcode=no --check-cfg 'cfg(docsrs,test)' --check-cfg 'cfg(feature, values())' -C metadata=d8f2b46d563ec6b3 -C extra-filename=-551eff6a8ee1aec5 --out-dir /home/runner/work/streamify-apk/streamify-apk/rust/target/debug/build/icu_properties_data-551eff6a8ee1aec5 -L dependency=/home/runner/work/streamify-apk/streamify-apk/rust/target/debug/deps --cap-lints allow`
[1m[92m   Compiling[0m icu_normalizer_data v2.3.0
[1m[92m     Running[0m `/home/runner/.rustup/toolchains/stable-x86_64-unknown-linux-gnu/bin/rustc --crate-name build_script_build --edition=2024 /home/runner/.cargo/registry/src/index.crates.io-1949cf8c6b5b557f/icu_normalizer_data-2.3.0/build.rs --error-format=json --json=diagnostic-rendered-ansi,artifacts,future-incompat --crate-type bin --emit=dep-info,link -C embed-bitcode=no --check-cfg 'cfg(docsrs,test)' --check-cfg 'cfg(feature, values())' -C metadata=c42d24498c730f20 -C extra-filename=-abc0bdaa246f4560 --out-dir /home/runner/work/streamify-apk/streamify-apk/rust/target/debug/build/icu_normalizer_data-abc0bdaa246f4560 -L dependency=/home/runner/work/streamify-apk/streamify-apk/rust/target/debug/deps --cap-lints allow`
[1m[92m   Compiling[0m utf8_iter v1.0.4
[1m[92m     Running[0m `/home/runner/.rustup/toolchains/stable-x86_64-unknown-linux-gnu/bin/rustc --crate-name utf8_iter --edition=2021 /home/runner/.cargo/registry/src/index.crates.io-1949cf8c6b5b557f/utf8_iter-1.0.4/src/lib.rs --error-format=json --json=diagnostic-rendered-ansi,artifacts,future-incompat --crate-type lib --emit=dep-info,metadata,link -C opt-level=2 -C embed-bitcode=no -C debuginfo=2 -C debug-assertions=on --check-cfg 'cfg(docsrs,test)' --check-cfg 'cfg(feature, values())' -C metadata=5b4ce604949713c0 -C extra-filename=-db351904647ae73d --out-dir /home/runner/work/streamify-apk/streamify-apk/rust/target/debug/deps -L dependency=/home/runner/work/streamify-apk/streamify-apk/rust/target/debug/deps --cap-lints allow`
[1m[92m   Compiling[0m zerocopy v0.8.56
[1m[92m     Running[0m `/home/runner/.rustup/toolchains/stable-x86_64-unknown-linux-gnu/bin/rustc --crate-name build_script_build --edition=2021 /home/runner/.cargo/registry/src/index.crates.io-1949cf8c6b5b557f/zerocopy-0.8.56/build.rs --error-format=json --json=diagnostic-rendered-ansi,artifacts,future-incompat --crate-type bin --emit=dep-info,link -C embed-bitcode=no --cfg 'feature="simd"' --check-cfg 'cfg(docsrs,test)' --check-cfg 'cfg(feature, values("__internal_use_only_features_that_work_on_stable", "alloc", "derive", "float-nightly", "simd", "simd-nightly", "std", "zerocopy-derive"))' -C metadata=6e25a54b4d88b191 -C extra-filename=-c57eebbda7a44575 --out-dir /home/runner/work/streamify-apk/streamify-apk/rust/target/debug/build/zerocopy-c57eebbda7a44575 -L dependency=/home/runner/work/streamify-apk/streamify-apk/rust/target/debug/deps --cap-lints allow`
[1m[92m     Running[0m `/home/runner/work/streamify-apk/streamify-apk/rust/target/debug/build/icu_normalizer_data-abc0bdaa246f4560/build-script-build`
[1m[92m     Running[0m `/home/runner/work/streamify-apk/streamify-apk/rust/target/debug/build/icu_properties_data-551eff6a8ee1aec5/build-script-build`
[1m[92m     Running[0m `/home/runner/work/streamify-apk/streamify-apk/rust/target/debug/build/ring-379e617c7fafccd1/build-script-build`
[1m[92m     Running[0m `/home/runner/work/streamify-apk/streamify-apk/rust/target/debug/build/zerocopy-c57eebbda7a44575/build-script-build`
[1m[92m   Compiling[0m rustls-pki-types v1.15.1
[1m[92m     Running[0m `/home/runner/.rustup/toolchains/stable-x86_64-unknown-linux-gnu/bin/rustc --crate-name rustls_pki_types --edition=2021 /home/runner/.cargo/registry/src/index.crates.io-1949cf8c6b5b557f/rustls-pki-types-1.15.1/src/lib.rs --error-format=json --json=diagnostic-rendered-ansi,artifacts,future-incompat --crate-type lib --emit=dep-info,metadata,link -C opt-level=2 -C embed-bitcode=no -C debuginfo=2 -C debug-assertions=on --cfg 'feature="alloc"' --cfg 'feature="default"' --cfg 'feature="std"' --check-cfg 'cfg(docsrs,test)' --check-cfg 'cfg(feature, values("alloc", "default", "std", "web", "web-time"))' -C metadata=32cc18e46196ce8f -C extra-filename=-66e762446cb9ac8c --out-dir /home/runner/work/streamify-apk/streamify-apk/rust/target/debug/deps -L dependency=/home/runner/work/streamify-apk/streamify-apk/rust/target/debug/deps --extern zeroize=/home/runner/work/streamify-apk/streamify-apk/rust/target/debug/deps/libzeroize-a52dc9e59edbbd8a.rmeta --cap-lints allow`
[1m[92m   Compiling[0m synstructure v0.13.2
[1m[92m     Running[0m `/home/runner/.rustup/toolchains/stable-x86_64-unknown-linux-gnu/bin/rustc --crate-name synstructure --edition=2018 /home/runner/.cargo/registry/src/index.crates.io-1949cf8c6b5b557f/synstructure-0.13.2/src/lib.rs --error-format=json --json=diagnostic-rendered-ansi,artifacts,future-incompat --crate-type lib --emit=dep-info,metadata,link -C embed-bitcode=no --cfg 'feature="default"' --cfg 'feature="proc-macro"' --check-cfg 'cfg(docsrs,test)' --check-cfg 'cfg(feature, values("default", "proc-macro"))' -C metadata=a5ee5849b84277f7 -C extra-filename=-0c0d8beed37e307f --out-dir /home/runner/work/streamify-apk/streamify-apk/rust/target/debug/deps -L dependency=/home/runner/work/streamify-apk/streamify-apk/rust/target/debug/deps --extern proc_macro2=/home/runner/work/streamify-apk/streamify-apk/rust/target/debug/deps/libproc_macro2-e8299e9da2515a61.rmeta --extern quote=/home/runner/work/streamify-apk/streamify-apk/rust/target/debug/deps/libquote-a91d24f1712c74bd.rmeta --extern syn=/home/runner/work/streamify-apk/streamify-apk/rust/target/debug/deps/libsyn-dd97d8155b655bc9.rmeta --cap-lints allow`
[1m[92m   Compiling[0m mio v1.2.2
[1m[92m     Running[0m `/home/runner/.rustup/toolchains/stable-x86_64-unknown-linux-gnu/bin/rustc --crate-name mio --edition=2021 /home/runner/.cargo/registry/src/index.crates.io-1949cf8c6b5b557f/mio-1.2.2/src/lib.rs --error-format=json --json=diagnostic-rendered-ansi,artifacts,future-incompat --crate-type lib --emit=dep-info,metadata,link -C opt-level=2 -C embed-bitcode=no -C debuginfo=2 -C debug-assertions=on --cfg 'feature="net"' --cfg 'feature="os-ext"' --cfg 'feature="os-poll"' --check-cfg 'cfg(docsrs,test)' --check-cfg 'cfg(feature, values("default", "log", "net", "os-ext", "os-poll"))' -C metadata=cc03f39c01a4bddf -C extra-filename=-ef4b0e9f132ec045 --out-dir /home/runner/work/streamify-apk/streamify-apk/rust/target/debug/deps -L dependency=/home/runner/work/streamify-apk/streamify-apk/rust/target/debug/deps --extern libc=/home/runner/work/streamify-apk/streamify-apk/rust/target/debug/deps/liblibc-9b8f2fd08e0acf77.rmeta --cap-lints allow`
[1m[92m   Compiling[0m zerovec-derive v0.11.5
[1m[92m     Running[0m `/home/runner/.rustup/toolchains/stable-x86_64-unknown-linux-gnu/bin/rustc --crate-name zerovec_derive --edition=2021 /home/runner/.cargo/registry/src/index.crates.io-1949cf8c6b5b557f/zerovec-derive-0.11.5/src/lib.rs --error-format=json --json=diagnostic-rendered-ansi,artifacts,future-incompat --crate-type proc-macro --emit=dep-info,link -C prefer-dynamic -C embed-bitcode=no --check-cfg 'cfg(docsrs,test)' --check-cfg 'cfg(feature, values())' -C metadata=0a698178e5e00a2b -C extra-filename=-47309636ad0ef236 --out-dir /home/runner/work/streamify-apk/streamify-apk/rust/target/debug/deps -L dependency=/home/runner/work/streamify-apk/streamify-apk/rust/target/debug/deps --extern proc_macro2=/home/runner/work/streamify-apk/streamify-apk/rust/target/debug/deps/libproc_macro2-e8299e9da2515a61.rlib --extern quote=/home/runner/work/streamify-apk/streamify-apk/rust/target/debug/deps/libquote-a91d24f1712c74bd.rlib --extern syn=/home/runner/work/streamify-apk/streamify-apk/rust/target/debug/deps/libsyn-521253e1b78cc371.rlib --extern proc_macro --cap-lints allow`
[1m[92m   Compiling[0m zerofrom-derive v0.1.7
[1m[92m     Running[0m `/home/runner/.rustup/toolchains/stable-x86_64-unknown-linux-gnu/bin/rustc --crate-name zerofrom_derive --edition=2021 /home/runner/.cargo/registry/src/index.crates.io-1949cf8c6b5b557f/zerofrom-derive-0.1.7/src/lib.rs --error-format=json --json=diagnostic-rendered-ansi,artifacts,future-incompat --crate-type proc-macro --emit=dep-info,link -C prefer-dynamic -C embed-bitcode=no --check-cfg 'cfg(docsrs,test)' --check-cfg 'cfg(feature, values())' -C metadata=1408794bcb0d0389 -C extra-filename=-21796698a2252161 --out-dir /home/runner/work/streamify-apk/streamify-apk/rust/target/debug/deps -L dependency=/home/runner/work/streamify-apk/streamify-apk/rust/target/debug/deps --extern proc_macro2=/home/runner/work/streamify-apk/streamify-apk/rust/target/debug/deps/libproc_macro2-e8299e9da2515a61.rlib --extern quote=/home/runner/work/streamify-apk/streamify-apk/rust/target/debug/deps/libquote-a91d24f1712c74bd.rlib --extern syn=/home/runner/work/streamify-apk/streamify-apk/rust/target/debug/deps/libsyn-dd97d8155b655bc9.rlib --extern synstructure=/home/runner/work/streamify-apk/streamify-apk/rust/target/debug/deps/libsynstructure-0c0d8beed37e307f.rlib --extern proc_macro --cap-lints allow`
[1m[92m   Compiling[0m yoke-derive v0.8.2
[1m[92m     Running[0m `/home/runner/.rustup/toolchains/stable-x86_64-unknown-linux-gnu/bin/rustc --crate-name yoke_derive --edition=2021 /home/runner/.cargo/registry/src/index.crates.io-1949cf8c6b5b557f/yoke-derive-0.8.2/src/lib.rs --error-format=json --json=diagnostic-rendered-ansi,artifacts,future-incompat --crate-type proc-macro --emit=dep-info,link -C prefer-dynamic -C embed-bitcode=no --check-cfg 'cfg(docsrs,test)' --check-cfg 'cfg(feature, values())' -C metadata=80a43f8391220293 -C extra-filename=-94e93108604084e2 --out-dir /home/runner/work/streamify-apk/streamify-apk/rust/target/debug/deps -L dependency=/home/runner/work/streamify-apk/streamify-apk/rust/target/debug/deps --extern proc_macro2=/home/runner/work/streamify-apk/streamify-apk/rust/target/debug/deps/libproc_macro2-e8299e9da2515a61.rlib --extern quote=/home/runner/work/streamify-apk/streamify-apk/rust/target/debug/deps/libquote-a91d24f1712c74bd.rlib --extern syn=/home/runner/work/streamify-apk/streamify-apk/rust/target/debug/deps/libsyn-dd97d8155b655bc9.rlib --extern synstructure=/home/runner/work/streamify-apk/streamify-apk/rust/target/debug/deps/libsynstructure-0c0d8beed37e307f.rlib --extern proc_macro --cap-lints allow`
[1m[92m   Compiling[0m displaydoc v0.2.7
[1m[92m     Running[0m `/home/runner/.rustup/toolchains/stable-x86_64-unknown-linux-gnu/bin/rustc --crate-name displaydoc --edition=2021 /home/runner/.cargo/registry/src/index.crates.io-1949cf8c6b5b557f/displaydoc-0.2.7/src/lib.rs --error-format=json --json=diagnostic-rendered-ansi,artifacts,future-incompat --crate-type proc-macro --emit=dep-info,link -C prefer-dynamic -C embed-bitcode=no --check-cfg 'cfg(docsrs,test)' --check-cfg 'cfg(feature, values("default", "std"))' -C metadata=fef4c948be2ba161 -C extra-filename=-ac9bd7e176bd6f75 --out-dir /home/runner/work/streamify-apk/streamify-apk/rust/target/debug/deps -L dependency=/home/runner/work/streamify-apk/streamify-apk/rust/target/debug/deps --extern proc_macro2=/home/runner/work/streamify-apk/streamify-apk/rust/target/debug/deps/libproc_macro2-e8299e9da2515a61.rlib --extern quote=/home/runner/work/streamify-apk/streamify-apk/rust/target/debug/deps/libquote-a91d24f1712c74bd.rlib --extern syn=/home/runner/work/streamify-apk/streamify-apk/rust/target/debug/deps/libsyn-521253e1b78cc371.rlib --extern proc_macro --cap-lints allow`
[1m[92m   Compiling[0m tokio-macros v2.7.2
[1m[92m     Running[0m `/home/runner/.rustup/toolchains/stable-x86_64-unknown-linux-gnu/bin/rustc --crate-name tokio_macros --edition=2021 /home/runner/.cargo/registry/src/index.crates.io-1949cf8c6b5b557f/tokio-macros-2.7.2/src/lib.rs --error-format=json --json=diagnostic-rendered-ansi,artifacts,future-incompat --crate-type proc-macro --emit=dep-info,link -C prefer-dynamic -C embed-bitcode=no --check-cfg 'cfg(docsrs,test)' --check-cfg 'cfg(feature, values())' -C metadata=288ff910a86449b9 -C extra-filename=-ddb97c9448017e3b --out-dir /home/runner/work/streamify-apk/streamify-apk/rust/target/debug/deps -L dependency=/home/runner/work/streamify-apk/streamify-apk/rust/target/debug/deps --extern proc_macro2=/home/runner/work/streamify-apk/streamify-apk/rust/target/debug/deps/libproc_macro2-e8299e9da2515a61.rlib --extern quote=/home/runner/work/streamify-apk/streamify-apk/rust/target/debug/deps/libquote-a91d24f1712c74bd.rlib --extern syn=/home/runner/work/streamify-apk/streamify-apk/rust/target/debug/deps/libsyn-521253e1b78cc371.rlib --extern proc_macro --cap-lints allow`
[1m[92m   Compiling[0m zerofrom v0.1.8
[1m[92m     Running[0m `/home/runner/.rustup/toolchains/stable-x86_64-unknown-linux-gnu/bin/rustc --crate-name zerofrom --edition=2021 /home/runner/.cargo/registry/src/index.crates.io-1949cf8c6b5b557f/zerofrom-0.1.8/src/lib.rs --error-format=json --json=diagnostic-rendered-ansi,artifacts,future-incompat --crate-type lib --emit=dep-info,metadata,link -C opt-level=2 -C embed-bitcode=no -C debuginfo=2 -C debug-assertions=on --cfg 'feature="derive"' --check-cfg 'cfg(docsrs,test)' --check-cfg 'cfg(feature, values("alloc", "default", "derive"))' -C metadata=4d0f83d3326c682d -C extra-filename=-040a581a2eaabb0b --out-dir /home/runner/work/streamify-apk/streamify-apk/rust/target/debug/deps -L dependency=/home/runner/work/streamify-apk/streamify-apk/rust/target/debug/deps --extern zerofrom_derive=/home/runner/work/streamify-apk/streamify-apk/rust/target/debug/deps/libzerofrom_derive-21796698a2252161.so --cap-lints allow`
[1m[92m   Compiling[0m socket2 v0.6.5
[1m[92m     Running[0m `/home/runner/.rustup/toolchains/stable-x86_64-unknown-linux-gnu/bin/rustc --crate-name socket2 --edition=2021 /home/runner/.cargo/registry/src/index.crates.io-1949cf8c6b5b557f/socket2-0.6.5/src/lib.rs --error-format=json --json=diagnostic-rendered-ansi,artifacts,future-incompat --crate-type lib --emit=dep-info,metadata,link -C opt-level=2 -C embed-bitcode=no -C debuginfo=2 -C debug-assertions=on --cfg 'feature="all"' --check-cfg 'cfg(docsrs,test)' --check-cfg 'cfg(feature, values("all"))' -C metadata=0c355f7dc6996a6e -C extra-filename=-7f9cb959c9d208f5 --out-dir /home/runner/work/streamify-apk/streamify-apk/rust/target/debug/deps -L dependency=/home/runner/work/streamify-apk/streamify-apk/rust/target/debug/deps --extern libc=/home/runner/work/streamify-apk/streamify-apk/rust/target/debug/deps/liblibc-9b8f2fd08e0acf77.rmeta --cap-lints allow`
[1m[92m   Compiling[0m yoke v0.8.3
[1m[92m     Running[0m `/home/runner/.rustup/toolchains/stable-x86_64-unknown-linux-gnu/bin/rustc --crate-name yoke --edition=2021 /home/runner/.cargo/registry/src/index.crates.io-1949cf8c6b5b557f/yoke-0.8.3/src/lib.rs --error-format=json --json=diagnostic-rendered-ansi,artifacts,future-incompat --crate-type lib --emit=dep-info,metadata,link -C opt-level=2 -C embed-bitcode=no -C debuginfo=2 -C debug-assertions=on --cfg 'feature="derive"' --cfg 'feature="zerofrom"' --check-cfg 'cfg(docsrs,test)' --check-cfg 'cfg(feature, values("alloc", "default", "derive", "serde", "zerofrom"))' -C metadata=91dde1e82450257c -C extra-filename=-3f04cdf804b253a8 --out-dir /home/runner/work/streamify-apk/streamify-apk/rust/target/debug/deps -L dependency=/home/runner/work/streamify-apk/streamify-apk/rust/target/debug/deps --extern stable_deref_trait=/home/runner/work/streamify-apk/streamify-apk/rust/target/debug/deps/libstable_deref_trait-b70ed8442670e5a5.rmeta --extern yoke_derive=/home/runner/work/streamify-apk/streamify-apk/rust/target/debug/deps/libyoke_derive-94e93108604084e2.so --extern zerofrom=/home/runner/work/streamify-apk/streamify-apk/rust/target/debug/deps/libzerofrom-040a581a2eaabb0b.rmeta --cap-lints allow`
[1m[92m   Compiling[0m zerovec v0.11.7
[1m[92m     Running[0m `/home/runner/.rustup/toolchains/stable-x86_64-unknown-linux-gnu/bin/rustc --crate-name zerovec --edition=2021 /home/runner/.cargo/registry/src/index.crates.io-1949cf8c6b5b557f/zerovec-0.11.7/src/lib.rs --error-format=json --json=diagnostic-rendered-ansi,artifacts,future-incompat --crate-type lib --emit=dep-info,metadata,link -C opt-level=2 -C embed-bitcode=no -C debuginfo=2 -C debug-assertions=on --cfg 'feature="derive"' --cfg 'feature="yoke"' --check-cfg 'cfg(docsrs,test)' --check-cfg 'cfg(feature, values("alloc", "databake", "derive", "hashmap", "schemars", "serde", "std", "yoke"))' -C metadata=c8c6340f5b6e161e -C extra-filename=-d85467b73e9238c3 --out-dir /home/runner/work/streamify-apk/streamify-apk/rust/target/debug/deps -L dependency=/home/runner/work/streamify-apk/streamify-apk/rust/target/debug/deps --extern yoke=/home/runner/work/streamify-apk/streamify-apk/rust/target/debug/deps/libyoke-3f04cdf804b253a8.rmeta --extern zerofrom=/home/runner/work/streamify-apk/streamify-apk/rust/target/debug/deps/libzerofrom-040a581a2eaabb0b.rmeta --extern zerovec_derive=/home/runner/work/streamify-apk/streamify-apk/rust/target/debug/deps/libzerovec_derive-47309636ad0ef236.so --cap-lints allow`
[1m[92m   Compiling[0m zerotrie v0.2.5
[1m[92m     Running[0m `/home/runner/.rustup/toolchains/stable-x86_64-unknown-linux-gnu/bin/rustc --crate-name zerotrie --edition=2021 /home/runner/.cargo/registry/src/index.crates.io-1949cf8c6b5b557f/zerotrie-0.2.5/src/lib.rs --error-format=json --json=diagnostic-rendered-ansi,artifacts,future-incompat --crate-type lib --emit=dep-info,metadata,link -C opt-level=2 -C embed-bitcode=no -C debuginfo=2 -C debug-assertions=on --cfg 'feature="yoke"' --cfg 'feature="zerofrom"' --check-cfg 'cfg(docsrs,test)' --check-cfg 'cfg(feature, values("alloc", "databake", "default", "dense", "litemap", "serde", "yoke", "zerofrom", "zerovec"))' -C metadata=034ab10a2fb68125 -C extra-filename=-c5bda74c8f3bae66 --out-dir /home/runner/work/streamify-apk/streamify-apk/rust/target/debug/deps -L dependency=/home/runner/work/streamify-apk/streamify-apk/rust/target/debug/deps --extern displaydoc=/home/runner/work/streamify-apk/streamify-apk/rust/target/debug/deps/libdisplaydoc-ac9bd7e176bd6f75.so --extern yoke=/home/runner/work/streamify-apk/streamify-apk/rust/target/debug/deps/libyoke-3f04cdf804b253a8.rmeta --extern zerofrom=/home/runner/work/streamify-apk/streamify-apk/rust/target/debug/deps/libzerofrom-040a581a2eaabb0b.rmeta --cap-lints allow`
[1m[92m   Compiling[0m percent-encoding v2.3.2
[1m[92m     Running[0m `/home/runner/.rustup/toolchains/stable-x86_64-unknown-linux-gnu/bin/rustc --crate-name percent_encoding --edition=2018 /home/runner/.cargo/registry/src/index.crates.io-1949cf8c6b5b557f/percent-encoding-2.3.2/src/lib.rs --error-format=json --json=diagnostic-rendered-ansi,artifacts,future-incompat --crate-type lib --emit=dep-info,metadata,link -C opt-level=2 -C embed-bitcode=no -C debuginfo=2 -C debug-assertions=on --cfg 'feature="alloc"' --cfg 'feature="default"' --cfg 'feature="std"' --check-cfg 'cfg(docsrs,test)' --check-cfg 'cfg(feature, values("alloc", "default", "std"))' -C metadata=e22e44631900b023 -C extra-filename=-d62fefbd5e2f3757 --out-dir /home/runner/work/streamify-apk/streamify-apk/rust/target/debug/deps -L dependency=/home/runner/work/streamify-apk/streamify-apk/rust/target/debug/deps --cap-lints allow`
[1m[92m   Compiling[0m tinystr v0.8.4
[1m[92m     Running[0m `/home/runner/.rustup/toolchains/stable-x86_64-unknown-linux-gnu/bin/rustc --crate-name tinystr --edition=2021 /home/runner/.cargo/registry/src/index.crates.io-1949cf8c6b5b557f/tinystr-0.8.4/src/lib.rs --error-format=json --json=diagnostic-rendered-ansi,artifacts,future-incompat --crate-type lib --emit=dep-info,metadata,link -C opt-level=2 -C embed-bitcode=no -C debuginfo=2 -C debug-assertions=on --cfg 'feature="zerovec"' --check-cfg 'cfg(docsrs,test)' --check-cfg 'cfg(feature, values("alloc", "databake", "default", "serde", "std", "zerovec"))' -C metadata=c9c290bfb7a4f46a -C extra-filename=-af0c732fbf08d30d --out-dir /home/runner/work/streamify-apk/streamify-apk/rust/target/debug/deps -L dependency=/home/runner/work/streamify-apk/streamify-apk/rust/target/debug/deps --extern displaydoc=/home/runner/work/streamify-apk/streamify-apk/rust/target/debug/deps/libdisplaydoc-ac9bd7e176bd6f75.so --extern zerovec=/home/runner/work/streamify-apk/streamify-apk/rust/target/debug/deps/libzerovec-d85467b73e9238c3.rmeta --cap-lints allow`
[1m[92m   Compiling[0m potential_utf v0.1.6
[1m[92m     Running[0m `/home/runner/.rustup/toolchains/stable-x86_64-unknown-linux-gnu/bin/rustc --crate-name potential_utf --edition=2021 /home/runner/.cargo/registry/src/index.crates.io-1949cf8c6b5b557f/potential_utf-0.1.6/src/lib.rs --error-format=json --json=diagnostic-rendered-ansi,artifacts,future-incompat --crate-type lib --emit=dep-info,metadata,link -C opt-level=2 -C embed-bitcode=no -C debuginfo=2 -C debug-assertions=on --cfg 'feature="zerovec"' --check-cfg 'cfg(docsrs,test)' --check-cfg 'cfg(feature, values("alloc", "databake", "default", "serde", "writeable", "zerovec"))' -C metadata=aeccd65b8c99f411 -C extra-filename=-e6b7e541f97308ec --out-dir /home/runner/work/streamify-apk/streamify-apk/rust/target/debug/deps -L dependency=/home/runner/work/streamify-apk/streamify-apk/rust/target/debug/deps --extern zerovec=/home/runner/work/streamify-apk/streamify-apk/rust/target/debug/deps/libzerovec-d85467b73e9238c3.rmeta --cap-lints allow`
[1m[92m   Compiling[0m icu_locale_core v2.3.0
[1m[92m     Running[0m `/home/runner/.rustup/toolchains/stable-x86_64-unknown-linux-gnu/bin/rustc --crate-name icu_locale_core --edition=2024 /home/runner/.cargo/registry/src/index.crates.io-1949cf8c6b5b557f/icu_locale_core-2.3.0/src/lib.rs --error-format=json --json=diagnostic-rendered-ansi,artifacts,future-incompat --crate-type lib --emit=dep-info,metadata,link -C opt-level=2 -C embed-bitcode=no -C debuginfo=2 -C debug-assertions=on --cfg 'feature="zerovec"' --check-cfg 'cfg(docsrs,test)' --check-cfg 'cfg(feature, values("alloc", "databake", "serde", "zerovec"))' -C metadata=f307cf76cefc611a -C extra-filename=-f27744e8a796244f --out-dir /home/runner/work/streamify-apk/streamify-apk/rust/target/debug/deps -L dependency=/home/runner/work/streamify-apk/streamify-apk/rust/target/debug/deps --extern displaydoc=/home/runner/work/streamify-apk/streamify-apk/rust/target/debug/deps/libdisplaydoc-ac9bd7e176bd6f75.so --extern litemap=/home/runner/work/streamify-apk/streamify-apk/rust/target/debug/deps/liblitemap-abd2df762d43de84.rmeta --extern tinystr=/home/runner/work/streamify-apk/streamify-apk/rust/target/debug/deps/libtinystr-af0c732fbf08d30d.rmeta --extern writeable=/home/runner/work/streamify-apk/streamify-apk/rust/target/debug/deps/libwriteable-73e5e1736051eeb1.rmeta --extern zerovec=/home/runner/work/streamify-apk/streamify-apk/rust/target/debug/deps/libzerovec-d85467b73e9238c3.rmeta --cap-lints allow`
[1m[92m   Compiling[0m icu_collections v2.3.0
[1m[92m     Running[0m `/home/runner/.rustup/toolchains/stable-x86_64-unknown-linux-gnu/bin/rustc --crate-name icu_collections --edition=2024 /home/runner/.cargo/registry/src/index.crates.io-1949cf8c6b5b557f/icu_collections-2.3.0/src/lib.rs --error-format=json --json=diagnostic-rendered-ansi,artifacts,future-incompat --crate-type lib --emit=dep-info,metadata,link -C opt-level=2 -C embed-bitcode=no -C debuginfo=2 -C debug-assertions=on --check-cfg 'cfg(docsrs,test)' --check-cfg 'cfg(feature, values("alloc", "databake", "serde"))' -C metadata=f33b906c1c86a503 -C extra-filename=-36a9ba100ebb0ff8 --out-dir /home/runner/work/streamify-apk/streamify-apk/rust/target/debug/deps -L dependency=/home/runner/work/streamify-apk/streamify-apk/rust/target/debug/deps --extern displaydoc=/home/runner/work/streamify-apk/streamify-apk/rust/target/debug/deps/libdisplaydoc-ac9bd7e176bd6f75.so --extern potential_utf=/home/runner/work/streamify-apk/streamify-apk/rust/target/debug/deps/libpotential_utf-e6b7e541f97308ec.rmeta --extern utf8_iter=/home/runner/work/streamify-apk/streamify-apk/rust/target/debug/deps/libutf8_iter-db351904647ae73d.rmeta --extern yoke=/home/runner/work/streamify-apk/streamify-apk/rust/target/debug/deps/libyoke-3f04cdf804b253a8.rmeta --extern zerofrom=/home/runner/work/streamify-apk/streamify-apk/rust/target/debug/deps/libzerofrom-040a581a2eaabb0b.rmeta --extern zerovec=/home/runner/work/streamify-apk/streamify-apk/rust/target/debug/deps/libzerovec-d85467b73e9238c3.rmeta --cap-lints allow`
[1m[92m   Compiling[0m memchr v2.8.3
[1m[92m     Running[0m `/home/runner/.rustup/toolchains/stable-x86_64-unknown-linux-gnu/bin/rustc --crate-name memchr --edition=2021 /home/runner/.cargo/registry/src/index.crates.io-1949cf8c6b5b557f/memchr-2.8.3/src/lib.rs --error-format=json --json=diagnostic-rendered-ansi,artifacts,future-incompat --crate-type lib --emit=dep-info,metadata,link -C opt-level=2 -C embed-bitcode=no -C debuginfo=2 -C debug-assertions=on --cfg 'feature="alloc"' --cfg 'feature="std"' --check-cfg 'cfg(docsrs,test)' --check-cfg 'cfg(feature, values("alloc", "core", "default", "libc", "logging", "rustc-dep-of-std", "std", "use_std"))' -C metadata=ef5ebce284fb7509 -C extra-filename=-234fa93bdde1b62e --out-dir /home/runner/work/streamify-apk/streamify-apk/rust/target/debug/deps -L dependency=/home/runner/work/streamify-apk/streamify-apk/rust/target/debug/deps --cap-lints allow`
[1m[92m   Compiling[0m tokio v1.53.1
[1m[92m     Running[0m `/home/runner/.rustup/toolchains/stable-x86_64-unknown-linux-gnu/bin/rustc --crate-name tokio --edition=2021 /home/runner/.cargo/registry/src/index.crates.io-1949cf8c6b5b557f/tokio-1.53.1/src/lib.rs --error-format=json --json=diagnostic-rendered-ansi,artifacts,future-incompat --crate-type lib --emit=dep-info,metadata,link -C opt-level=2 -C embed-bitcode=no -C debuginfo=2 -C debug-assertions=on --cfg 'feature="bytes"' --cfg 'feature="default"' --cfg 'feature="io-util"' --cfg 'feature="libc"' --cfg 'feature="macros"' --cfg 'feature="mio"' --cfg 'feature="net"' --cfg 'feature="rt"' --cfg 'feature="rt-multi-thread"' --cfg 'feature="socket2"' --cfg 'feature="sync"' --cfg 'feature="time"' --cfg 'feature="tokio-macros"' --check-cfg 'cfg(docsrs,test)' --check-cfg 'cfg(feature, values("bytes", "default", "fs", "full", "io-std", "io-uring", "io-util", "libc", "macros", "mio", "net", "parking_lot", "process", "rt", "rt-multi-thread", "schedule-latency", "signal", "signal-hook-registry", "socket2", "sync", "taskdump", "test-util", "time", "tokio-macros", "tracing", "windows-sys"))' -C metadata=ea99f9fa2350dd69 -C extra-filename=-f3f08a9dc134f869 --out-dir /home/runner/work/streamify-apk/streamify-apk/rust/target/debug/deps -L dependency=/home/runner/work/streamify-apk/streamify-apk/rust/target/debug/deps --extern bytes=/home/runner/work/streamify-apk/streamify-apk/rust/target/debug/deps/libbytes-8e4646a5eb2f57d0.rmeta --extern libc=/home/runner/work/streamify-apk/streamify-apk/rust/target/debug/deps/liblibc-9b8f2fd08e0acf77.rmeta --extern mio=/home/runner/work/streamify-apk/streamify-apk/rust/target/debug/deps/libmio-ef4b0e9f132ec045.rmeta --extern pin_project_lite=/home/runner/work/streamify-apk/streamify-apk/rust/target/debug/deps/libpin_project_lite-a3e77d6b6448f65e.rmeta --extern socket2=/home/runner/work/streamify-apk/streamify-apk/rust/target/debug/deps/libsocket2-7f9cb959c9d208f5.rmeta --extern tokio_macros=/home/runner/work/streamify-apk/streamify-apk/rust/target/debug/deps/libtokio_macros-ddb97c9448017e3b.so --cap-lints allow`
[1m[92m   Compiling[0m icu_provider v2.3.0
[1m[92m     Running[0m `/home/runner/.rustup/toolchains/stable-x86_64-unknown-linux-gnu/bin/rustc --crate-name icu_provider --edition=2024 /home/runner/.cargo/registry/src/index.crates.io-1949cf8c6b5b557f/icu_provider-2.3.0/src/lib.rs --error-format=json --json=diagnostic-rendered-ansi,artifacts,future-incompat --crate-type lib --emit=dep-info,metadata,link -C opt-level=2 -C embed-bitcode=no -C debuginfo=2 -C debug-assertions=on --cfg 'feature="baked"' --check-cfg 'cfg(docsrs,test)' --check-cfg 'cfg(feature, values("alloc", "baked", "deserialize_bincode_1", "deserialize_json", "deserialize_postcard_1", "export", "logging", "serde", "std", "sync", "zerotrie"))' -C metadata=86b1d6799c4ab36f -C extra-filename=-133f2a4c611c3050 --out-dir /home/runner/work/streamify-apk/streamify-apk/rust/target/debug/deps -L dependency=/home/runner/work/streamify-apk/streamify-apk/rust/target/debug/deps --extern displaydoc=/home/runner/work/streamify-apk/streamify-apk/rust/target/debug/deps/libdisplaydoc-ac9bd7e176bd6f75.so --extern icu_locale_core=/home/runner/work/streamify-apk/streamify-apk/rust/target/debug/deps/libicu_locale_core-f27744e8a796244f.rmeta --extern writeable=/home/runner/work/streamify-apk/streamify-apk/rust/target/debug/deps/libwriteable-73e5e1736051eeb1.rmeta --extern yoke=/home/runner/work/streamify-apk/streamify-apk/rust/target/debug/deps/libyoke-3f04cdf804b253a8.rmeta --extern zerofrom=/home/runner/work/streamify-apk/streamify-apk/rust/target/debug/deps/libzerofrom-040a581a2eaabb0b.rmeta --extern zerotrie=/home/runner/work/streamify-apk/streamify-apk/rust/target/debug/deps/libzerotrie-c5bda74c8f3bae66.rmeta --extern zerovec=/home/runner/work/streamify-apk/streamify-apk/rust/target/debug/deps/libzerovec-d85467b73e9238c3.rmeta --cap-lints allow`
[1m[92m     Running[0m `/home/runner/.rustup/toolchains/stable-x86_64-unknown-linux-gnu/bin/rustc --crate-name zerocopy --edition=2021 /home/runner/.cargo/registry/src/index.crates.io-1949cf8c6b5b557f/zerocopy-0.8.56/src/lib.rs --error-format=json --json=diagnostic-rendered-ansi,artifacts,future-incompat --crate-type lib --emit=dep-info,metadata,link -C opt-level=2 -C embed-bitcode=no -C debuginfo=2 -C debug-assertions=on --cfg 'feature="simd"' --check-cfg 'cfg(docsrs,test)' --check-cfg 'cfg(feature, values("__internal_use_only_features_that_work_on_stable", "alloc", "derive", "float-nightly", "simd", "simd-nightly", "std", "zerocopy-derive"))' -C metadata=5f5223ab8013d65b -C extra-filename=-99b9fbed14caaedb --out-dir /home/runner/work/streamify-apk/streamify-apk/rust/target/debug/deps -L dependency=/home/runner/work/streamify-apk/streamify-apk/rust/target/debug/deps --cap-lints allow --check-cfg 'cfg(no_zerocopy_simd_x86_avx12_1_89_0)' --check-cfg 'cfg(rust, values("1.89.0"))' --check-cfg 'cfg(no_zerocopy_core_error_1_81_0)' --check-cfg 'cfg(rust, values("1.81.0"))' --check-cfg 'cfg(no_zerocopy_diagnostic_on_unimplemented_1_78_0)' --check-cfg 'cfg(rust, values("1.78.0"))' --check-cfg 'cfg(no_zerocopy_generic_bounds_in_const_fn_1_61_0)' --check-cfg 'cfg(rust, values("1.61.0"))' --check-cfg 'cfg(no_zerocopy_target_has_atomics_1_60_0)' --check-cfg 'cfg(rust, values("1.60.0"))' --check-cfg 'cfg(no_zerocopy_aarch64_simd_1_59_0)' --check-cfg 'cfg(rust, values("1.59.0"))' --check-cfg 'cfg(no_zerocopy_aarch64_simd_be_1_87_0)' --check-cfg 'cfg(rust, values("1.87.0"))' --check-cfg 'cfg(no_zerocopy_panic_in_const_and_vec_try_reserve_1_57_0)' --check-cfg 'cfg(rust, values("1.57.0"))' --check-cfg 'cfg(doc_cfg)' --check-cfg 'cfg(kani)' --check-cfg 'cfg(__ZEROCOPY_INTERNAL_USE_ONLY_NIGHTLY_FEATURES_IN_TESTS)' --check-cfg 'cfg(__ZEROCOPY_INTERNAL_USE_ONLY_DEV_MODE)' --check-cfg 'cfg(coverage_nightly)' --check-cfg 'cfg(zerocopy_inline_always)' --check-cfg 'cfg(zerocopy_unstable_ptr)' --check-cfg 'cfg(zerocopy_unstable_linux)' --check-cfg 'cfg(no_fp_fmt_parse)'`
[1m[92m     Running[0m `/home/runner/.rustup/toolchains/stable-x86_64-unknown-linux-gnu/bin/rustc --crate-name icu_properties_data --edition=2024 /home/runner/.cargo/registry/src/index.crates.io-1949cf8c6b5b557f/icu_properties_data-2.3.0/src/lib.rs --error-format=json --json=diagnostic-rendered-ansi,artifacts,future-incompat --crate-type lib --emit=dep-info,metadata,link -C opt-level=2 -C embed-bitcode=no -C debuginfo=2 -C debug-assertions=on --check-cfg 'cfg(docsrs,test)' --check-cfg 'cfg(feature, values())' -C metadata=dccf86e221dc635e -C extra-filename=-0b715c162334271e --out-dir /home/runner/work/streamify-apk/streamify-apk/rust/target/debug/deps -L dependency=/home/runner/work/streamify-apk/streamify-apk/rust/target/debug/deps --cap-lints allow --check-cfg 'cfg(icu4c_enable_renaming)'`
[1m[92m     Running[0m `/home/runner/.rustup/toolchains/stable-x86_64-unknown-linux-gnu/bin/rustc --crate-name icu_normalizer_data --edition=2024 /home/runner/.cargo/registry/src/index.crates.io-1949cf8c6b5b557f/icu_normalizer_data-2.3.0/src/lib.rs --error-format=json --json=diagnostic-rendered-ansi,artifacts,future-incompat --crate-type lib --emit=dep-info,metadata,link -C opt-level=2 -C embed-bitcode=no -C debuginfo=2 -C debug-assertions=on --check-cfg 'cfg(docsrs,test)' --check-cfg 'cfg(feature, values())' -C metadata=49104cb6a5733d0a -C extra-filename=-007d0cabeb7d4f4d --out-dir /home/runner/work/streamify-apk/streamify-apk/rust/target/debug/deps -L dependency=/home/runner/work/streamify-apk/streamify-apk/rust/target/debug/deps --cap-lints allow --check-cfg 'cfg(icu4c_enable_renaming)'`
[1m[92m   Compiling[0m http v1.5.0
[1m[92m     Running[0m `/home/runner/.rustup/toolchains/stable-x86_64-unknown-linux-gnu/bin/rustc --crate-name http --edition=2021 /home/runner/.cargo/registry/src/index.crates.io-1949cf8c6b5b557f/http-1.5.0/src/lib.rs --error-format=json --json=diagnostic-rendered-ansi,artifacts,future-incompat --crate-type lib --emit=dep-info,metadata,link -C opt-level=2 -C embed-bitcode=no -C debuginfo=2 -C debug-assertions=on --cfg 'feature="default"' --cfg 'feature="std"' --check-cfg 'cfg(docsrs,test)' --check-cfg 'cfg(feature, values("default", "std"))' -C metadata=7a91dbde72505768 -C extra-filename=-5d29af6cf58ca999 --out-dir /home/runner/work/streamify-apk/streamify-apk/rust/target/debug/deps -L dependency=/home/runner/work/streamify-apk/streamify-apk/rust/target/debug/deps --extern bytes=/home/runner/work/streamify-apk/streamify-apk/rust/target/debug/deps/libbytes-8e4646a5eb2f57d0.rmeta --extern itoa=/home/runner/work/streamify-apk/streamify-apk/rust/target/debug/deps/libitoa-19d593059ff98fd4.rmeta --cap-lints allow`
[1m[92m   Compiling[0m log v0.4.33
[1m[92m     Running[0m `/home/runner/.rustup/toolchains/stable-x86_64-unknown-linux-gnu/bin/rustc --crate-name log --edition=2021 /home/runner/.cargo/registry/src/index.crates.io-1949cf8c6b5b557f/log-0.4.33/src/lib.rs --error-format=json --json=diagnostic-rendered-ansi,artifacts,future-incompat --crate-type lib --emit=dep-info,metadata,link -C opt-level=2 -C embed-bitcode=no -C debuginfo=2 -C debug-assertions=on --check-cfg 'cfg(docsrs,test)' --check-cfg 'cfg(feature, values("kv", "kv_serde", "kv_std", "kv_sval", "kv_unstable", "kv_unstable_serde", "kv_unstable_std", "kv_unstable_sval", "max_level_debug", "max_level_error", "max_level_info", "max_level_off", "max_level_trace", "max_level_warn", "release_max_level_debug", "release_max_level_error", "release_max_level_info", "release_max_level_off", "release_max_level_trace", "release_max_level_warn", "serde", "serde_core", "std", "sval", "sval_ref", "value-bag"))' -C metadata=d669236da663f3ad -C extra-filename=-65b7063f40a94a3f --out-dir /home/runner/work/streamify-apk/streamify-apk/rust/target/debug/deps -L dependency=/home/runner/work/streamify-apk/streamify-apk/rust/target/debug/deps --cap-lints allow`
[1m[92m   Compiling[0m untrusted v0.9.0
[1m[92m     Running[0m `/home/runner/.rustup/toolchains/stable-x86_64-unknown-linux-gnu/bin/rustc --crate-name untrusted --edition=2018 /home/runner/.cargo/registry/src/index.crates.io-1949cf8c6b5b557f/untrusted-0.9.0/src/lib.rs --error-format=json --json=diagnostic-rendered-ansi,artifacts,future-incompat --crate-type lib --emit=dep-info,metadata,link -C opt-level=2 -C embed-bitcode=no -C debuginfo=2 -C debug-assertions=on --check-cfg 'cfg(docsrs,test)' --check-cfg 'cfg(feature, values())' -C metadata=15ce4eb39187b1d1 -C extra-filename=-99e5408aa21c4b6f --out-dir /home/runner/work/streamify-apk/streamify-apk/rust/target/debug/deps -L dependency=/home/runner/work/streamify-apk/streamify-apk/rust/target/debug/deps --cap-lints allow`
[1m[92m   Compiling[0m cpufeatures v0.2.17
[1m[92m     Running[0m `/home/runner/.rustup/toolchains/stable-x86_64-unknown-linux-gnu/bin/rustc --crate-name cpufeatures --edition=2018 /home/runner/.cargo/registry/src/index.crates.io-1949cf8c6b5b557f/cpufeatures-0.2.17/src/lib.rs --error-format=json --json=diagnostic-rendered-ansi,artifacts,future-incompat --crate-type lib --emit=dep-info,metadata,link -C opt-level=2 -C embed-bitcode=no -C debuginfo=2 -C debug-assertions=on --check-cfg 'cfg(docsrs,test)' --check-cfg 'cfg(feature, values())' -C metadata=ff5ef60bb0f2c409 -C extra-filename=-bd45abd9c403b027 --out-dir /home/runner/work/streamify-apk/streamify-apk/rust/target/debug/deps -L dependency=/home/runner/work/streamify-apk/streamify-apk/rust/target/debug/deps --cap-lints allow`
[1m[92m   Compiling[0m serde_core v1.0.229
[1m[92m     Running[0m `/home/runner/.rustup/toolchains/stable-x86_64-unknown-linux-gnu/bin/rustc --crate-name build_script_build --edition=2021 /home/runner/.cargo/registry/src/index.crates.io-1949cf8c6b5b557f/serde_core-1.0.229/build.rs --error-format=json --json=diagnostic-rendered-ansi,artifacts,future-incompat --crate-type bin --emit=dep-info,link -C embed-bitcode=no --cfg 'feature="result"' --cfg 'feature="std"' --check-cfg 'cfg(docsrs,test)' --check-cfg 'cfg(feature, values("alloc", "default", "rc", "result", "std", "unstable"))' -C metadata=99d72e0749433f76 -C extra-filename=-e69dab21d2fc06b6 --out-dir /home/runner/work/streamify-apk/streamify-apk/rust/target/debug/build/serde_core-e69dab21d2fc06b6 -L dependency=/home/runner/work/streamify-apk/streamify-apk/rust/target/debug/deps --cap-lints allow`
[1m[92m     Running[0m `/home/runner/work/streamify-apk/streamify-apk/rust/target/debug/build/serde_core-e69dab21d2fc06b6/build-script-build`
[1m[92m     Running[0m `/home/runner/.rustup/toolchains/stable-x86_64-unknown-linux-gnu/bin/rustc --crate-name ring --edition=2021 /home/runner/.cargo/registry/src/index.crates.io-1949cf8c6b5b557f/ring-0.17.14/src/lib.rs --error-format=json --json=diagnostic-rendered-ansi,artifacts,future-incompat --crate-type lib --emit=dep-info,metadata,link -C opt-level=2 -C embed-bitcode=no -C debuginfo=2 -C debug-assertions=on --cfg 'feature="alloc"' --cfg 'feature="default"' --cfg 'feature="dev_urandom_fallback"' --check-cfg 'cfg(docsrs,test)' --check-cfg 'cfg(feature, values("alloc", "default", "dev_urandom_fallback", "less-safe-getrandom-custom-or-rdrand", "less-safe-getrandom-espidf", "slow_tests", "std", "test_logging", "unstable-testing-arm-no-hw", "unstable-testing-arm-no-neon", "wasm32_unknown_unknown_js"))' -C metadata=201e39d2f33e632f -C extra-filename=-7288bf6e72ab80b6 --out-dir /home/runner/work/streamify-apk/streamify-apk/rust/target/debug/deps -L dependency=/home/runner/work/streamify-apk/streamify-apk/rust/target/debug/deps --extern cfg_if=/home/runner/work/streamify-apk/streamify-apk/rust/target/debug/deps/libcfg_if-f10dd018f5572444.rmeta --extern getrandom=/home/runner/work/streamify-apk/streamify-apk/rust/target/debug/deps/libgetrandom-05e3346ade75beea.rmeta --extern untrusted=/home/runner/work/streamify-apk/streamify-apk/rust/target/debug/deps/libuntrusted-99e5408aa21c4b6f.rmeta --cap-lints allow -L native=/home/runner/work/streamify-apk/streamify-apk/rust/target/debug/build/ring-a78f537f7e173377/out -l static=ring_core_0_17_14_ -l static=ring_core_0_17_14__test`
[1m[92m   Compiling[0m http-body v1.1.0
[1m[92m     Running[0m `/home/runner/.rustup/toolchains/stable-x86_64-unknown-linux-gnu/bin/rustc --crate-name http_body --edition=2018 /home/runner/.cargo/registry/src/index.crates.io-1949cf8c6b5b557f/http-body-1.1.0/src/lib.rs --error-format=json --json=diagnostic-rendered-ansi,artifacts,future-incompat --crate-type lib --emit=dep-info,metadata,link -C opt-level=2 -C embed-bitcode=no -C debuginfo=2 -C debug-assertions=on --check-cfg 'cfg(docsrs,test)' --check-cfg 'cfg(feature, values())' -C metadata=720aa65d84f6bf37 -C extra-filename=-d4362751159a95a5 --out-dir /home/runner/work/streamify-apk/streamify-apk/rust/target/debug/deps -L dependency=/home/runner/work/streamify-apk/streamify-apk/rust/target/debug/deps --extern bytes=/home/runner/work/streamify-apk/streamify-apk/rust/target/debug/deps/libbytes-8e4646a5eb2f57d0.rmeta --extern http=/home/runner/work/streamify-apk/streamify-apk/rust/target/debug/deps/libhttp-5d29af6cf58ca999.rmeta --cap-lints allow`
[1m[92m   Compiling[0m icu_normalizer v2.3.0
[1m[92m     Running[0m `/home/runner/.rustup/toolchains/stable-x86_64-unknown-linux-gnu/bin/rustc --crate-name icu_normalizer --edition=2024 /home/runner/.cargo/registry/src/index.crates.io-1949cf8c6b5b557f/icu_normalizer-2.3.0/src/lib.rs --error-format=json --json=diagnostic-rendered-ansi,artifacts,future-incompat --crate-type lib --emit=dep-info,metadata,link -C opt-level=2 -C embed-bitcode=no -C debuginfo=2 -C debug-assertions=on --cfg 'feature="compiled_data"' --check-cfg 'cfg(docsrs,test)' --check-cfg 'cfg(feature, values("compiled_data", "datagen", "default", "harfbuzz_traits", "icu_properties", "serde", "utf16_iter", "utf8_iter", "write16"))' -C metadata=8629b28954d3f7ae -C extra-filename=-7770a7fecf75c8ff --out-dir /home/runner/work/streamify-apk/streamify-apk/rust/target/debug/deps -L dependency=/home/runner/work/streamify-apk/streamify-apk/rust/target/debug/deps --extern icu_collections=/home/runner/work/streamify-apk/streamify-apk/rust/target/debug/deps/libicu_collections-36a9ba100ebb0ff8.rmeta --extern icu_normalizer_data=/home/runner/work/streamify-apk/streamify-apk/rust/target/debug/deps/libicu_normalizer_data-007d0cabeb7d4f4d.rmeta --extern icu_provider=/home/runner/work/streamify-apk/streamify-apk/rust/target/debug/deps/libicu_provider-133f2a4c611c3050.rmeta --extern smallvec=/home/runner/work/streamify-apk/streamify-apk/rust/target/debug/deps/libsmallvec-b200e87e3d354ad6.rmeta --extern zerovec=/home/runner/work/streamify-apk/streamify-apk/rust/target/debug/deps/libzerovec-d85467b73e9238c3.rmeta --cap-lints allow`
[1m[92m   Compiling[0m icu_properties v2.3.0
[1m[92m     Running[0m `/home/runner/.rustup/toolchains/stable-x86_64-unknown-linux-gnu/bin/rustc --crate-name icu_properties --edition=2024 /home/runner/.cargo/registry/src/index.crates.io-1949cf8c6b5b557f/icu_properties-2.3.0/src/lib.rs --error-format=json --json=diagnostic-rendered-ansi,artifacts,future-incompat --crate-type lib --emit=dep-info,metadata,link -C opt-level=2 -C embed-bitcode=no -C debuginfo=2 -C debug-assertions=on --cfg 'feature="compiled_data"' --check-cfg 'cfg(docsrs,test)' --check-cfg 'cfg(feature, values("alloc", "compiled_data", "datagen", "default", "harfbuzz_traits", "log", "serde", "unicode_bidi", "unstable"))' -C metadata=577cc6fb1b5fc052 -C extra-filename=-d7abf3d30e27f0af --out-dir /home/runner/work/streamify-apk/streamify-apk/rust/target/debug/deps -L dependency=/home/runner/work/streamify-apk/streamify-apk/rust/target/debug/deps --extern displaydoc=/home/runner/work/streamify-apk/streamify-apk/rust/target/debug/deps/libdisplaydoc-ac9bd7e176bd6f75.so --extern icu_collections=/home/runner/work/streamify-apk/streamify-apk/rust/target/debug/deps/libicu_collections-36a9ba100ebb0ff8.rmeta --extern icu_locale_core=/home/runner/work/streamify-apk/streamify-apk/rust/target/debug/deps/libicu_locale_core-f27744e8a796244f.rmeta --extern icu_properties_data=/home/runner/work/streamify-apk/streamify-apk/rust/target/debug/deps/libicu_properties_data-0b715c162334271e.rmeta --extern icu_provider=/home/runner/work/streamify-apk/streamify-apk/rust/target/debug/deps/libicu_provider-133f2a4c611c3050.rmeta --extern zerotrie=/home/runner/work/streamify-apk/streamify-apk/rust/target/debug/deps/libzerotrie-c5bda74c8f3bae66.rmeta --extern zerovec=/home/runner/work/streamify-apk/streamify-apk/rust/target/debug/deps/libzerovec-d85467b73e9238c3.rmeta --cap-lints allow`
[1m[92m   Compiling[0m block-buffer v0.10.4
[1m[92m     Running[0m `/home/runner/.rustup/toolchains/stable-x86_64-unknown-linux-gnu/bin/rustc --crate-name block_buffer --edition=2018 /home/runner/.cargo/registry/src/index.crates.io-1949cf8c6b5b557f/block-buffer-0.10.4/src/lib.rs --error-format=json --json=diagnostic-rendered-ansi,artifacts,future-incompat --crate-type lib --emit=dep-info,metadata,link -C opt-level=2 -C embed-bitcode=no -C debuginfo=2 -C debug-assertions=on --check-cfg 'cfg(docsrs,test)' --check-cfg 'cfg(feature, values())' -C metadata=2c8c8410989adaec -C extra-filename=-d789b93405d16f80 --out-dir /home/runner/work/streamify-apk/streamify-apk/rust/target/debug/deps -L dependency=/home/runner/work/streamify-apk/streamify-apk/rust/target/debug/deps --extern generic_array=/home/runner/work/streamify-apk/streamify-apk/rust/target/debug/deps/libgeneric_array-e9151a0eb938d84a.rmeta --cap-lints allow`
[1m[92m   Compiling[0m slab v0.4.12
[1m[92m     Running[0m `/home/runner/.rustup/toolchains/stable-x86_64-unknown-linux-gnu/bin/rustc --crate-name slab --edition=2018 /home/runner/.cargo/registry/src/index.crates.io-1949cf8c6b5b557f/slab-0.4.12/src/lib.rs --error-format=json --json=diagnostic-rendered-ansi,artifacts,future-incompat --crate-type lib --emit=dep-info,metadata,link -C opt-level=2 -C embed-bitcode=no -C debuginfo=2 -C debug-assertions=on --check-cfg 'cfg(docsrs,test)' --check-cfg 'cfg(feature, values("default", "serde", "std"))' -C metadata=0761658c1a98e872 -C extra-filename=-2c85f3f00c3e6488 --out-dir /home/runner/work/streamify-apk/streamify-apk/rust/target/debug/deps -L dependency=/home/runner/work/streamify-apk/streamify-apk/rust/target/debug/deps --cap-lints allow`
[1m[92m   Compiling[0m rustls v0.23.43
[1m[92m     Running[0m `/home/runner/.rustup/toolchains/stable-x86_64-unknown-linux-gnu/bin/rustc --crate-name build_script_build --edition=2021 /home/runner/.cargo/registry/src/index.crates.io-1949cf8c6b5b557f/rustls-0.23.43/build.rs --error-format=json --json=diagnostic-rendered-ansi,artifacts,future-incompat --crate-type bin --emit=dep-info,link -C embed-bitcode=no --cfg 'feature="log"' --cfg 'feature="logging"' --cfg 'feature="ring"' --cfg 'feature="std"' --cfg 'feature="tls12"' --check-cfg 'cfg(docsrs,test)' --check-cfg 'cfg(feature, values("aws-lc-rs", "aws_lc_rs", "brotli", "custom-provider", "default", "fips", "hashbrown", "log", "logging", "prefer-post-quantum", "read_buf", "ring", "rustversion", "std", "tls12", "zlib"))' -C metadata=2b5c48f4705e5006 -C extra-filename=-b64cf07ea71840ca --out-dir /home/runner/work/streamify-apk/streamify-apk/rust/target/debug/build/rustls-b64cf07ea71840ca -L dependency=/home/runner/work/streamify-apk/streamify-apk/rust/target/debug/deps --cap-lints allow`
[1m[92m   Compiling[0m httparse v1.10.1
[1m[92m     Running[0m `/home/runner/.rustup/toolchains/stable-x86_64-unknown-linux-gnu/bin/rustc --crate-name build_script_build --edition=2018 /home/runner/.cargo/registry/src/index.crates.io-1949cf8c6b5b557f/httparse-1.10.1/build.rs --error-format=json --json=diagnostic-rendered-ansi,artifacts,future-incompat --crate-type bin --emit=dep-info,link -C embed-bitcode=no --cfg 'feature="default"' --cfg 'feature="std"' --check-cfg 'cfg(docsrs,test)' --check-cfg 'cfg(feature, values("default", "std"))' -C metadata=dd5c6a5a855d2151 -C extra-filename=-b533b8e4902539f0 --out-dir /home/runner/work/streamify-apk/streamify-apk/rust/target/debug/build/httparse-b533b8e4902539f0 -L dependency=/home/runner/work/streamify-apk/streamify-apk/rust/target/debug/deps --cap-lints allow`
[1m[92m   Compiling[0m futures-task v0.3.34
[1m[92m     Running[0m `/home/runner/.rustup/toolchains/stable-x86_64-unknown-linux-gnu/bin/rustc --crate-name futures_task --edition=2018 /home/runner/.cargo/registry/src/index.crates.io-1949cf8c6b5b557f/futures-task-0.3.34/src/lib.rs --error-format=json --json=diagnostic-rendered-ansi,artifacts,future-incompat --crate-type lib --emit=dep-info,metadata,link -C opt-level=2 -C embed-bitcode=no -C debuginfo=2 -C debug-assertions=on --cfg 'feature="alloc"' --check-cfg 'cfg(docsrs,test)' --check-cfg 'cfg(feature, values("alloc", "cfg-target-has-atomic", "default", "std", "unstable"))' -C metadata=1b8d0c4dd1294364 -C extra-filename=-4ac8d63bd24a0944 --out-dir /home/runner/work/streamify-apk/streamify-apk/rust/target/debug/deps -L dependency=/home/runner/work/streamify-apk/streamify-apk/rust/target/debug/deps --cap-lints allow`
[1m[92m   Compiling[0m futures-util v0.3.34
[1m[92m     Running[0m `/home/runner/.rustup/toolchains/stable-x86_64-unknown-linux-gnu/bin/rustc --crate-name futures_util --edition=2018 /home/runner/.cargo/registry/src/index.crates.io-1949cf8c6b5b557f/futures-util-0.3.34/src/lib.rs --error-format=json --json=diagnostic-rendered-ansi,artifacts,future-incompat --crate-type lib --emit=dep-info,metadata,link -C opt-level=2 -C embed-bitcode=no -C debuginfo=2 -C debug-assertions=on --cfg 'feature="alloc"' --cfg 'feature="slab"' --check-cfg 'cfg(docsrs,test)' --check-cfg 'cfg(feature, values("alloc", "async-await", "async-await-macro", "bilock", "cfg-target-has-atomic", "channel", "compat", "default", "futures-channel", "futures-io", "futures-macro", "futures-sink", "futures_01", "io", "io-compat", "libc", "memchr", "portable-atomic", "portable-atomic-alloc", "portable-atomic-util", "portable_atomic_crate", "sink", "slab", "spin", "std", "tokio-io", "unstable", "write-all-vectored"))' -C metadata=78a1da3a79997c5b -C extra-filename=-13f54dbc49b797ce --out-dir /home/runner/work/streamify-apk/streamify-apk/rust/target/debug/deps -L dependency=/home/runner/work/streamify-apk/streamify-apk/rust/target/debug/deps --extern futures_core=/home/runner/work/streamify-apk/streamify-apk/rust/target/debug/deps/libfutures_core-aa367d602b978037.rmeta --extern futures_task=/home/runner/work/streamify-apk/streamify-apk/rust/target/debug/deps/libfutures_task-4ac8d63bd24a0944.rmeta --extern pin_project_lite=/home/runner/work/streamify-apk/streamify-apk/rust/target/debug/deps/libpin_project_lite-a3e77d6b6448f65e.rmeta --extern slab=/home/runner/work/streamify-apk/streamify-apk/rust/target/debug/deps/libslab-2c85f3f00c3e6488.rmeta --cap-lints allow`
[1m[92m     Running[0m `/home/runner/work/streamify-apk/streamify-apk/rust/target/debug/build/httparse-b533b8e4902539f0/build-script-build`
[1m[92m     Running[0m `/home/runner/work/streamify-apk/streamify-apk/rust/target/debug/build/rustls-b64cf07ea71840ca/build-script-build`
[1m[92m   Compiling[0m digest v0.10.7
[1m[92m     Running[0m `/home/runner/.rustup/toolchains/stable-x86_64-unknown-linux-gnu/bin/rustc --crate-name digest --edition=2018 /home/runner/.cargo/registry/src/index.crates.io-1949cf8c6b5b557f/digest-0.10.7/src/lib.rs --error-format=json --json=diagnostic-rendered-ansi,artifacts,future-incompat --crate-type lib --emit=dep-info,metadata,link -C opt-level=2 -C embed-bitcode=no -C debuginfo=2 -C debug-assertions=on --cfg 'feature="alloc"' --cfg 'feature="block-buffer"' --cfg 'feature="core-api"' --cfg 'feature="default"' --cfg 'feature="mac"' --cfg 'feature="std"' --cfg 'feature="subtle"' --check-cfg 'cfg(docsrs,test)' --check-cfg 'cfg(feature, values("alloc", "blobby", "block-buffer", "const-oid", "core-api", "default", "dev", "mac", "oid", "rand_core", "std", "subtle"))' -C metadata=936a4fe9d7709fc0 -C extra-filename=-d75a8021182e0a09 --out-dir /home/runner/work/streamify-apk/streamify-apk/rust/target/debug/deps -L dependency=/home/runner/work/streamify-apk/streamify-apk/rust/target/debug/deps --extern block_buffer=/home/runner/work/streamify-apk/streamify-apk/rust/target/debug/deps/libblock_buffer-d789b93405d16f80.rmeta --extern crypto_common=/home/runner/work/streamify-apk/streamify-apk/rust/target/debug/deps/libcrypto_common-4db9101f341c889d.rmeta --extern subtle=/home/runner/work/streamify-apk/streamify-apk/rust/target/debug/deps/libsubtle-2f87dd0d373f35ff.rmeta --cap-lints allow`
[1m[92m   Compiling[0m idna_adapter v1.2.2
[1m[92m     Running[0m `/home/runner/.rustup/toolchains/stable-x86_64-unknown-linux-gnu/bin/rustc --crate-name idna_adapter --edition=2024 /home/runner/.cargo/registry/src/index.crates.io-1949cf8c6b5b557f/idna_adapter-1.2.2/src/lib.rs --error-format=json --json=diagnostic-rendered-ansi,artifacts,future-incompat --crate-type lib --emit=dep-info,metadata,link -C opt-level=2 -C embed-bitcode=no -C debuginfo=2 -C debug-assertions=on --cfg 'feature="compiled_data"' --check-cfg 'cfg(docsrs,test)' --check-cfg 'cfg(feature, values("compiled_data"))' -C metadata=c43b15d3bb9c631a -C extra-filename=-9c886174d18397c8 --out-dir /home/runner/work/streamify-apk/streamify-apk/rust/target/debug/deps -L dependency=/home/runner/work/streamify-apk/streamify-apk/rust/target/debug/deps --extern icu_normalizer=/home/runner/work/streamify-apk/streamify-apk/rust/target/debug/deps/libicu_normalizer-7770a7fecf75c8ff.rmeta --extern icu_properties=/home/runner/work/streamify-apk/streamify-apk/rust/target/debug/deps/libicu_properties-d7abf3d30e27f0af.rmeta --cap-lints allow`
[1m[92m   Compiling[0m rustls-webpki v0.103.14
[1m[92m     Running[0m `/home/runner/.rustup/toolchains/stable-x86_64-unknown-linux-gnu/bin/rustc --crate-name webpki --edition=2021 /home/runner/.cargo/registry/src/index.crates.io-1949cf8c6b5b557f/rustls-webpki-0.103.14/src/lib.rs --error-format=json --json=diagnostic-rendered-ansi,artifacts,future-incompat --crate-type lib --emit=dep-info,metadata,link -C opt-level=2 -C embed-bitcode=no -C debuginfo=2 -C debug-assertions=on --cfg 'feature="alloc"' --cfg 'feature="ring"' --cfg 'feature="std"' --check-cfg 'cfg(docsrs,test)' --check-cfg 'cfg(feature, values("alloc", "aws-lc-rs", "aws-lc-rs-fips", "aws-lc-rs-unstable", "default", "ring", "std"))' -C metadata=412b741855bb8f63 -C extra-filename=-520223602d43bdd8 --out-dir /home/runner/work/streamify-apk/streamify-apk/rust/target/debug/deps -L dependency=/home/runner/work/streamify-apk/streamify-apk/rust/target/debug/deps --extern ring=/home/runner/work/streamify-apk/streamify-apk/rust/target/debug/deps/libring-7288bf6e72ab80b6.rmeta --extern pki_types=/home/runner/work/streamify-apk/streamify-apk/rust/target/debug/deps/librustls_pki_types-66e762446cb9ac8c.rmeta --extern untrusted=/home/runner/work/streamify-apk/streamify-apk/rust/target/debug/deps/libuntrusted-99e5408aa21c4b6f.rmeta --cap-lints allow -L native=/home/runner/work/streamify-apk/streamify-apk/rust/target/debug/build/ring-a78f537f7e173377/out`
[1m[92m     Running[0m `/home/runner/.rustup/toolchains/stable-x86_64-unknown-linux-gnu/bin/rustc --crate-name serde_core --edition=2021 /home/runner/.cargo/registry/src/index.crates.io-1949cf8c6b5b557f/serde_core-1.0.229/src/lib.rs --error-format=json --json=diagnostic-rendered-ansi,artifacts,future-incompat --crate-type lib --emit=dep-info,metadata,link -C opt-level=2 -C embed-bitcode=no -C debuginfo=2 -C debug-assertions=on --cfg 'feature="result"' --cfg 'feature="std"' --check-cfg 'cfg(docsrs,test)' --check-cfg 'cfg(feature, values("alloc", "default", "rc", "result", "std", "unstable"))' -C metadata=d800c6c27f6001a1 -C extra-filename=-112996c6bc2906ff --out-dir /home/runner/work/streamify-apk/streamify-apk/rust/target/debug/deps -L dependency=/home/runner/work/streamify-apk/streamify-apk/rust/target/debug/deps --cap-lints allow --check-cfg 'cfg(if_docsrs_then_no_serde_core)' --check-cfg 'cfg(no_core_cstr)' --check-cfg 'cfg(no_core_error)' --check-cfg 'cfg(no_core_net)' --check-cfg 'cfg(no_core_num_saturating)' --check-cfg 'cfg(no_diagnostic_namespace)' --check-cfg 'cfg(no_serde_derive)' --check-cfg 'cfg(no_std_atomic)' --check-cfg 'cfg(no_std_atomic64)' --check-cfg 'cfg(no_target_has_atomic)'`
[1m[92m   Compiling[0m form_urlencoded v1.2.2
[1m[92m     Running[0m `/home/runner/.rustup/toolchains/stable-x86_64-unknown-linux-gnu/bin/rustc --crate-name form_urlencoded --edition=2018 /home/runner/.cargo/registry/src/index.crates.io-1949cf8c6b5b557f/form_urlencoded-1.2.2/src/lib.rs --error-format=json --json=diagnostic-rendered-ansi,artifacts,future-incompat --crate-type lib --emit=dep-info,metadata,link -C opt-level=2 -C embed-bitcode=no -C debuginfo=2 -C debug-assertions=on --cfg 'feature="alloc"' --cfg 'feature="default"' --cfg 'feature="std"' --check-cfg 'cfg(docsrs,test)' --check-cfg 'cfg(feature, values("alloc", "default", "std"))' -C metadata=89b53589ce3b8ee6 -C extra-filename=-64b3f789f725e25a --out-dir /home/runner/work/streamify-apk/streamify-apk/rust/target/debug/deps -L dependency=/home/runner/work/streamify-apk/streamify-apk/rust/target/debug/deps --extern percent_encoding=/home/runner/work/streamify-apk/streamify-apk/rust/target/debug/deps/libpercent_encoding-d62fefbd5e2f3757.rmeta --cap-lints allow`
[1m[92m   Compiling[0m ahash v0.8.12
[1m[92m     Running[0m `/home/runner/.rustup/toolchains/stable-x86_64-unknown-linux-gnu/bin/rustc --crate-name build_script_build --edition=2018 /home/runner/.cargo/registry/src/index.crates.io-1949cf8c6b5b557f/ahash-0.8.12/build.rs --error-format=json --json=diagnostic-rendered-ansi,artifacts,future-incompat --crate-type bin --emit=dep-info,link -C embed-bitcode=no --check-cfg 'cfg(docsrs,test)' --check-cfg 'cfg(feature, values("atomic-polyfill", "compile-time-rng", "const-random", "default", "getrandom", "nightly-arm-aes", "no-rng", "runtime-rng", "serde", "std"))' -C metadata=62259fbccd35de10 -C extra-filename=-2766accb1530b025 --out-dir /home/runner/work/streamify-apk/streamify-apk/rust/target/debug/build/ahash-2766accb1530b025 -L dependency=/home/runner/work/streamify-apk/streamify-apk/rust/target/debug/deps --extern version_check=/home/runner/work/streamify-apk/streamify-apk/rust/target/debug/deps/libversion_check-371b5f2dedfc9d12.rlib --cap-lints allow`
[1m[92m   Compiling[0m zmij v1.0.23
[1m[92m     Running[0m `/home/runner/.rustup/toolchains/stable-x86_64-unknown-linux-gnu/bin/rustc --crate-name build_script_build --edition=2021 /home/runner/.cargo/registry/src/index.crates.io-1949cf8c6b5b557f/zmij-1.0.23/build.rs --error-format=json --json=diagnostic-rendered-ansi,artifacts,future-incompat --crate-type bin --emit=dep-info,link -C embed-bitcode=no --check-cfg 'cfg(docsrs,test)' --check-cfg 'cfg(feature, values("no-panic"))' -C metadata=60c8d21c8361c4c5 -C extra-filename=-d4660f97c989b8f4 --out-dir /home/runner/work/streamify-apk/streamify-apk/rust/target/debug/build/zmij-d4660f97c989b8f4 -L dependency=/home/runner/work/streamify-apk/streamify-apk/rust/target/debug/deps --cap-lints allow`
[1m[92m   Compiling[0m serde v1.0.229
[1m[92m     Running[0m `/home/runner/.rustup/toolchains/stable-x86_64-unknown-linux-gnu/bin/rustc --crate-name build_script_build --edition=2021 /home/runner/.cargo/registry/src/index.crates.io-1949cf8c6b5b557f/serde-1.0.229/build.rs --error-format=json --json=diagnostic-rendered-ansi,artifacts,future-incompat --crate-type bin --emit=dep-info,link -C embed-bitcode=no --cfg 'feature="default"' --cfg 'feature="derive"' --cfg 'feature="serde_derive"' --cfg 'feature="std"' --check-cfg 'cfg(docsrs,test)' --check-cfg 'cfg(feature, values("alloc", "default", "derive", "rc", "serde_derive", "std", "unstable"))' -C metadata=ea537259ffeeaba6 -C extra-filename=-07f1456055ac8152 --out-dir /home/runner/work/streamify-apk/streamify-apk/rust/target/debug/build/serde-07f1456055ac8152 -L dependency=/home/runner/work/streamify-apk/streamify-apk/rust/target/debug/deps --cap-lints allow`
[1m[92m   Compiling[0m semver v1.0.28
[1m[92m     Running[0m `/home/runner/.rustup/toolchains/stable-x86_64-unknown-linux-gnu/bin/rustc --crate-name semver --edition=2021 /home/runner/.cargo/registry/src/index.crates.io-1949cf8c6b5b557f/semver-1.0.28/src/lib.rs --error-format=json --json=diagnostic-rendered-ansi,artifacts,future-incompat --crate-type lib --emit=dep-info,metadata,link -C embed-bitcode=no --cfg 'feature="default"' --cfg 'feature="std"' --check-cfg 'cfg(docsrs,test)' --check-cfg 'cfg(feature, values("default", "serde", "std"))' -C metadata=1a7cc67fa74cb30a -C extra-filename=-a0bfbc604dd7adb3 --out-dir /home/runner/work/streamify-apk/streamify-apk/rust/target/debug/deps -L dependency=/home/runner/work/streamify-apk/streamify-apk/rust/target/debug/deps --cap-lints allow`
[1m[92m   Compiling[0m crc32fast v1.5.0
[1m[92m     Running[0m `/home/runner/.rustup/toolchains/stable-x86_64-unknown-linux-gnu/bin/rustc --crate-name build_script_build --edition=2021 /home/runner/.cargo/registry/src/index.crates.io-1949cf8c6b5b557f/crc32fast-1.5.0/build.rs --error-format=json --json=diagnostic-rendered-ansi,artifacts,future-incompat --crate-type bin --emit=dep-info,link -C embed-bitcode=no --cfg 'feature="default"' --cfg 'feature="std"' --check-cfg 'cfg(docsrs,test)' --check-cfg 'cfg(feature, values("default", "nightly", "std"))' -C metadata=cd20ebac757f95f0 -C extra-filename=-04555b6421271fa2 --out-dir /home/runner/work/streamify-apk/streamify-apk/rust/target/debug/build/crc32fast-04555b6421271fa2 -L dependency=/home/runner/work/streamify-apk/streamify-apk/rust/target/debug/deps --cap-lints allow`
[1m[92m   Compiling[0m try-lock v0.2.5
[1m[92m     Running[0m `/home/runner/.rustup/toolchains/stable-x86_64-unknown-linux-gnu/bin/rustc --crate-name try_lock --edition=2015 /home/runner/.cargo/registry/src/index.crates.io-1949cf8c6b5b557f/try-lock-0.2.5/src/lib.rs --error-format=json --json=diagnostic-rendered-ansi,artifacts,future-incompat --crate-type lib --emit=dep-info,metadata,link -C opt-level=2 -C embed-bitcode=no -C debuginfo=2 -C debug-assertions=on --check-cfg 'cfg(docsrs,test)' --check-cfg 'cfg(feature, values())' -C metadata=25aa9fcac94a9d8d -C extra-filename=-3ce5dec53eb6d072 --out-dir /home/runner/work/streamify-apk/streamify-apk/rust/target/debug/deps -L dependency=/home/runner/work/streamify-apk/streamify-apk/rust/target/debug/deps --cap-lints allow`
[1m[92m   Compiling[0m bitflags v2.13.1
[1m[92m     Running[0m `/home/runner/.rustup/toolchains/stable-x86_64-unknown-linux-gnu/bin/rustc --crate-name bitflags --edition=2021 /home/runner/.cargo/registry/src/index.crates.io-1949cf8c6b5b557f/bitflags-2.13.1/src/lib.rs --error-format=json --json=diagnostic-rendered-ansi,artifacts,future-incompat --crate-type lib --emit=dep-info,metadata,link -C opt-level=2 -C embed-bitcode=no -C debuginfo=2 -C debug-assertions=on --cfg 'feature="std"' --check-cfg 'cfg(docsrs,test)' --check-cfg 'cfg(feature, values("arbitrary", "bytemuck", "example_generated", "serde", "serde_core", "std"))' -C metadata=069c449a25bc8a6f -C extra-filename=-de6695fd861a4697 --out-dir /home/runner/work/streamify-apk/streamify-apk/rust/target/debug/deps -L dependency=/home/runner/work/streamify-apk/streamify-apk/rust/target/debug/deps --cap-lints allow`
[1m[92m   Compiling[0m tower-service v0.3.3
[1m[92m     Running[0m `/home/runner/.rustup/toolchains/stable-x86_64-unknown-linux-gnu/bin/rustc --crate-name tower_service --edition=2018 /home/runner/.cargo/registry/src/index.crates.io-1949cf8c6b5b557f/tower-service-0.3.3/src/lib.rs --error-format=json --json=diagnostic-rendered-ansi,artifacts,future-incompat --crate-type lib --emit=dep-info,metadata,link -C opt-level=2 -C embed-bitcode=no -C debuginfo=2 -C debug-assertions=on --check-cfg 'cfg(docsrs,test)' --check-cfg 'cfg(feature, values())' -C metadata=3437758504b678da -C extra-filename=-1472cf9652d79ef3 --out-dir /home/runner/work/streamify-apk/streamify-apk/rust/target/debug/deps -L dependency=/home/runner/work/streamify-apk/streamify-apk/rust/target/debug/deps --cap-lints allow`
[1m[92m   Compiling[0m want v0.3.1
[1m[92m     Running[0m `/home/runner/.rustup/toolchains/stable-x86_64-unknown-linux-gnu/bin/rustc --crate-name want --edition=2018 /home/runner/.cargo/registry/src/index.crates.io-1949cf8c6b5b557f/want-0.3.1/src/lib.rs --error-format=json --json=diagnostic-rendered-ansi,artifacts,future-incompat --crate-type lib --emit=dep-info,metadata,link -C opt-level=2 -C embed-bitcode=no -C debuginfo=2 -C debug-assertions=on --check-cfg 'cfg(docsrs,test)' --check-cfg 'cfg(feature, values())' -C metadata=44045b20d0abfcf1 -C extra-filename=-2d23ff933b2793f1 --out-dir /home/runner/work/streamify-apk/streamify-apk/rust/target/debug/deps -L dependency=/home/runner/work/streamify-apk/streamify-apk/rust/target/debug/deps --extern try_lock=/home/runner/work/streamify-apk/streamify-apk/rust/target/debug/deps/libtry_lock-3ce5dec53eb6d072.rmeta --cap-lints allow`
[1m[92m     Running[0m `/home/runner/work/streamify-apk/streamify-apk/rust/target/debug/build/crc32fast-04555b6421271fa2/build-script-build`
[1m[92m   Compiling[0m rustc_version v0.4.1
[1m[92m     Running[0m `/home/runner/.rustup/toolchains/stable-x86_64-unknown-linux-gnu/bin/rustc --crate-name rustc_version --edition=2018 /home/runner/.cargo/registry/src/index.crates.io-1949cf8c6b5b557f/rustc_version-0.4.1/src/lib.rs --error-format=json --json=diagnostic-rendered-ansi,artifacts,future-incompat --crate-type lib --emit=dep-info,metadata,link -C embed-bitcode=no --check-cfg 'cfg(docsrs,test)' --check-cfg 'cfg(feature, values())' -C metadata=da0ae49b83d333ff -C extra-filename=-e1e2c931ef714523 --out-dir /home/runner/work/streamify-apk/streamify-apk/rust/target/debug/deps -L dependency=/home/runner/work/streamify-apk/streamify-apk/rust/target/debug/deps --extern semver=/home/runner/work/streamify-apk/streamify-apk/rust/target/debug/deps/libsemver-a0bfbc604dd7adb3.rmeta --cap-lints allow`
[1m[92m     Running[0m `/home/runner/work/streamify-apk/streamify-apk/rust/target/debug/build/serde-07f1456055ac8152/build-script-build`
[1m[92m     Running[0m `/home/runner/work/streamify-apk/streamify-apk/rust/target/debug/build/zmij-d4660f97c989b8f4/build-script-build`
[1m[92m     Running[0m `/home/runner/work/streamify-apk/streamify-apk/rust/target/debug/build/ahash-2766accb1530b025/build-script-build`
[1m[92m     Running[0m `/home/runner/.rustup/toolchains/stable-x86_64-unknown-linux-gnu/bin/rustc --crate-name rustls --edition=2021 /home/runner/.cargo/registry/src/index.crates.io-1949cf8c6b5b557f/rustls-0.23.43/src/lib.rs --error-format=json --json=diagnostic-rendered-ansi,artifacts,future-incompat --crate-type lib --emit=dep-info,metadata,link -C opt-level=2 -C embed-bitcode=no -C debuginfo=2 -C debug-assertions=on --cfg 'feature="log"' --cfg 'feature="logging"' --cfg 'feature="ring"' --cfg 'feature="std"' --cfg 'feature="tls12"' --check-cfg 'cfg(docsrs,test)' --check-cfg 'cfg(feature, values("aws-lc-rs", "aws_lc_rs", "brotli", "custom-provider", "default", "fips", "hashbrown", "log", "logging", "prefer-post-quantum", "read_buf", "ring", "rustversion", "std", "tls12", "zlib"))' -C metadata=46ab3b7182384a5a -C extra-filename=-53d2dd400e3ad163 --out-dir /home/runner/work/streamify-apk/streamify-apk/rust/target/debug/deps -L dependency=/home/runner/work/streamify-apk/streamify-apk/rust/target/debug/deps --extern log=/home/runner/work/streamify-apk/streamify-apk/rust/target/debug/deps/liblog-65b7063f40a94a3f.rmeta --extern once_cell=/home/runner/work/streamify-apk/streamify-apk/rust/target/debug/deps/libonce_cell-23ed231fed418336.rmeta --extern ring=/home/runner/work/streamify-apk/streamify-apk/rust/target/debug/deps/libring-7288bf6e72ab80b6.rmeta --extern pki_types=/home/runner/work/streamify-apk/streamify-apk/rust/target/debug/deps/librustls_pki_types-66e762446cb9ac8c.rmeta --extern webpki=/home/runner/work/streamify-apk/streamify-apk/rust/target/debug/deps/libwebpki-520223602d43bdd8.rmeta --extern subtle=/home/runner/work/streamify-apk/streamify-apk/rust/target/debug/deps/libsubtle-2f87dd0d373f35ff.rmeta --extern zeroize=/home/runner/work/streamify-apk/streamify-apk/rust/target/debug/deps/libzeroize-a52dc9e59edbbd8a.rmeta --cap-lints allow -L native=/home/runner/work/streamify-apk/streamify-apk/rust/target/debug/build/ring-a78f537f7e173377/out`
[1m[92m   Compiling[0m idna v1.1.0
[1m[92m     Running[0m `/home/runner/.rustup/toolchains/stable-x86_64-unknown-linux-gnu/bin/rustc --crate-name idna --edition=2018 /home/runner/.cargo/registry/src/index.crates.io-1949cf8c6b5b557f/idna-1.1.0/src/lib.rs --error-format=json --json=diagnostic-rendered-ansi,artifacts,future-incompat --crate-type lib --emit=dep-info,metadata,link -C opt-level=2 -C embed-bitcode=no -C debuginfo=2 -C debug-assertions=on --cfg 'feature="alloc"' --cfg 'feature="compiled_data"' --cfg 'feature="std"' --check-cfg 'cfg(docsrs,test)' --check-cfg 'cfg(feature, values("alloc", "compiled_data", "default", "std"))' -C metadata=0adbfade81c5e5e0 -C extra-filename=-2d366081b20bc71d --out-dir /home/runner/work/streamify-apk/streamify-apk/rust/target/debug/deps -L dependency=/home/runner/work/streamify-apk/streamify-apk/rust/target/debug/deps --extern idna_adapter=/home/runner/work/streamify-apk/streamify-apk/rust/target/debug/deps/libidna_adapter-9c886174d18397c8.rmeta --extern smallvec=/home/runner/work/streamify-apk/streamify-apk/rust/target/debug/deps/libsmallvec-b200e87e3d354ad6.rmeta --extern utf8_iter=/home/runner/work/streamify-apk/streamify-apk/rust/target/debug/deps/libutf8_iter-db351904647ae73d.rmeta --cap-lints allow`
[1m[92m     Running[0m `/home/runner/.rustup/toolchains/stable-x86_64-unknown-linux-gnu/bin/rustc --crate-name httparse --edition=2018 /home/runner/.cargo/registry/src/index.crates.io-1949cf8c6b5b557f/httparse-1.10.1/src/lib.rs --error-format=json --json=diagnostic-rendered-ansi,artifacts,future-incompat --crate-type lib --emit=dep-info,metadata,link -C opt-level=2 -C embed-bitcode=no -C debuginfo=2 -C debug-assertions=on --cfg 'feature="default"' --cfg 'feature="std"' --check-cfg 'cfg(docsrs,test)' --check-cfg 'cfg(feature, values("default", "std"))' -C metadata=573b39fe86dfd327 -C extra-filename=-f88d9c956800449f --out-dir /home/runner/work/streamify-apk/streamify-apk/rust/target/debug/deps -L dependency=/home/runner/work/streamify-apk/streamify-apk/rust/target/debug/deps --cap-lints allow --cfg httparse_simd_neon_intrinsics --cfg httparse_simd`
[1m[92m   Compiling[0m serde_derive v1.0.229
[1m[92m     Running[0m `/home/runner/.rustup/toolchains/stable-x86_64-unknown-linux-gnu/bin/rustc --crate-name serde_derive --edition=2021 /home/runner/.cargo/registry/src/index.crates.io-1949cf8c6b5b557f/serde_derive-1.0.229/src/lib.rs --error-format=json --json=diagnostic-rendered-ansi,artifacts,future-incompat --crate-type proc-macro --emit=dep-info,link -C prefer-dynamic -C embed-bitcode=no --cfg 'feature="default"' --check-cfg 'cfg(docsrs,test)' --check-cfg 'cfg(feature, values("default", "deserialize_in_place"))' -C metadata=bd5c8cd431926202 -C extra-filename=-cc456e8648030637 --out-dir /home/runner/work/streamify-apk/streamify-apk/rust/target/debug/deps -L dependency=/home/runner/work/streamify-apk/streamify-apk/rust/target/debug/deps --extern proc_macro2=/home/runner/work/streamify-apk/streamify-apk/rust/target/debug/deps/libproc_macro2-e8299e9da2515a61.rlib --extern quote=/home/runner/work/streamify-apk/streamify-apk/rust/target/debug/deps/libquote-a91d24f1712c74bd.rlib --extern syn=/home/runner/work/streamify-apk/streamify-apk/rust/target/debug/deps/libsyn-521253e1b78cc371.rlib --extern proc_macro --cap-lints allow`
[1m[92m   Compiling[0m webpki-roots v1.0.9
[1m[92m     Running[0m `/home/runner/.rustup/toolchains/stable-x86_64-unknown-linux-gnu/bin/rustc --crate-name webpki_roots --edition=2021 /home/runner/.cargo/registry/src/index.crates.io-1949cf8c6b5b557f/webpki-roots-1.0.9/src/lib.rs --error-format=json --json=diagnostic-rendered-ansi,artifacts,future-incompat --crate-type lib --emit=dep-info,metadata,link -C opt-level=2 -C embed-bitcode=no -C debuginfo=2 -C debug-assertions=on --check-cfg 'cfg(docsrs,test)' --check-cfg 'cfg(feature, values())' -C metadata=6b6d5f7757e089ec -C extra-filename=-0296f08e170f3e84 --out-dir /home/runner/work/streamify-apk/streamify-apk/rust/target/debug/deps -L dependency=/home/runner/work/streamify-apk/streamify-apk/rust/target/debug/deps --extern pki_types=/home/runner/work/streamify-apk/streamify-apk/rust/target/debug/deps/librustls_pki_types-66e762446cb9ac8c.rmeta --cap-lints allow`
[1m[92m   Compiling[0m futures-channel v0.3.34
[1m[92m     Running[0m `/home/runner/.rustup/toolchains/stable-x86_64-unknown-linux-gnu/bin/rustc --crate-name futures_channel --edition=2018 /home/runner/.cargo/registry/src/index.crates.io-1949cf8c6b5b557f/futures-channel-0.3.34/src/lib.rs --error-format=json --json=diagnostic-rendered-ansi,artifacts,future-incompat --crate-type lib --emit=dep-info,metadata,link -C opt-level=2 -C embed-bitcode=no -C debuginfo=2 -C debug-assertions=on --cfg 'feature="alloc"' --cfg 'feature="default"' --cfg 'feature="std"' --check-cfg 'cfg(docsrs,test)' --check-cfg 'cfg(feature, values("alloc", "cfg-target-has-atomic", "default", "futures-sink", "sink", "std", "unstable"))' -C metadata=689550bba229f858 -C extra-filename=-5905f9eb5c1f736c --out-dir /home/runner/work/streamify-apk/streamify-apk/rust/target/debug/deps -L dependency=/home/runner/work/streamify-apk/streamify-apk/rust/target/debug/deps --extern futures_core=/home/runner/work/streamify-apk/streamify-apk/rust/target/debug/deps/libfutures_core-aa367d602b978037.rmeta --cap-lints allow`
[1m[92m   Compiling[0m tracing-core v0.1.36
[1m[92m     Running[0m `/home/runner/.rustup/toolchains/stable-x86_64-unknown-linux-gnu/bin/rustc --crate-name tracing_core --edition=2018 /home/runner/.cargo/registry/src/index.crates.io-1949cf8c6b5b557f/tracing-core-0.1.36/src/lib.rs --error-format=json --json=diagnostic-rendered-ansi,artifacts,future-incompat --crate-type lib --emit=dep-info,metadata,link -C opt-level=2 -C embed-bitcode=no -C debuginfo=2 -C debug-assertions=on --cfg 'feature="once_cell"' --cfg 'feature="std"' --check-cfg 'cfg(docsrs,test)' --check-cfg 'cfg(feature, values("default", "once_cell", "std", "valuable"))' -C metadata=996c37d63508a00a -C extra-filename=-9054ff9f14c131c8 --out-dir /home/runner/work/streamify-apk/streamify-apk/rust/target/debug/deps -L dependency=/home/runner/work/streamify-apk/streamify-apk/rust/target/debug/deps --extern once_cell=/home/runner/work/streamify-apk/streamify-apk/rust/target/debug/deps/libonce_cell-23ed231fed418336.rmeta --cap-lints allow`
[1m[92m   Compiling[0m base64 v0.22.1
[1m[92m     Running[0m `/home/runner/.rustup/toolchains/stable-x86_64-unknown-linux-gnu/bin/rustc --crate-name base64 --edition=2018 /home/runner/.cargo/registry/src/index.crates.io-1949cf8c6b5b557f/base64-0.22.1/src/lib.rs --error-format=json --json=diagnostic-rendered-ansi,artifacts,future-incompat --crate-type lib --emit=dep-info,metadata,link -C opt-level=2 -C embed-bitcode=no -C debuginfo=2 -C debug-assertions=on --cfg 'feature="alloc"' --cfg 'feature="default"' --cfg 'feature="std"' --check-cfg 'cfg(docsrs,test)' --check-cfg 'cfg(feature, values("alloc", "default", "std"))' -C metadata=f04babdb623d0201 -C extra-filename=-0b630a6773013ed6 --out-dir /home/runner/work/streamify-apk/streamify-apk/rust/target/debug/deps -L dependency=/home/runner/work/streamify-apk/streamify-apk/rust/target/debug/deps --cap-lints allow`
[1m[92m   Compiling[0m pkg-config v0.3.34
[1m[92m     Running[0m `/home/runner/.rustup/toolchains/stable-x86_64-unknown-linux-gnu/bin/rustc --crate-name pkg_config --edition=2021 /home/runner/.cargo/registry/src/index.crates.io-1949cf8c6b5b557f/pkg-config-0.3.34/src/lib.rs --error-format=json --json=diagnostic-rendered-ansi,artifacts,future-incompat --crate-type lib --emit=dep-info,metadata,link -C embed-bitcode=no --check-cfg 'cfg(docsrs,test)' --check-cfg 'cfg(feature, values())' -C metadata=629f9dc28b32371d -C extra-filename=-6cbff30a20862507 --out-dir /home/runner/work/streamify-apk/streamify-apk/rust/target/debug/deps -L dependency=/home/runner/work/streamify-apk/streamify-apk/rust/target/debug/deps --cap-lints allow`
[1m[92m   Compiling[0m adler2 v2.0.1
[1m[92m     Running[0m `/home/runner/.rustup/toolchains/stable-x86_64-unknown-linux-gnu/bin/rustc --crate-name adler2 --edition=2021 /home/runner/.cargo/registry/src/index.crates.io-1949cf8c6b5b557f/adler2-2.0.1/src/lib.rs --error-format=json --json=diagnostic-rendered-ansi,artifacts,future-incompat --crate-type lib --emit=dep-info,metadata,link -C opt-level=2 -C embed-bitcode=no -C debuginfo=2 -C debug-assertions=on --check-cfg 'cfg(docsrs,test)' --check-cfg 'cfg(feature, values("core", "default", "rustc-dep-of-std", "std"))' -C metadata=0812e36b7a9a567c -C extra-filename=-6807b19607363c05 --out-dir /home/runner/work/streamify-apk/streamify-apk/rust/target/debug/deps -L dependency=/home/runner/work/streamify-apk/streamify-apk/rust/target/debug/deps --cap-lints allow`
[1m[92m   Compiling[0m atomic-waker v1.1.2
[1m[92m     Running[0m `/home/runner/.rustup/toolchains/stable-x86_64-unknown-linux-gnu/bin/rustc --crate-name atomic_waker --edition=2018 /home/runner/.cargo/registry/src/index.crates.io-1949cf8c6b5b557f/atomic-waker-1.1.2/src/lib.rs --error-format=json --json=diagnostic-rendered-ansi,artifacts,future-incompat --crate-type lib --emit=dep-info,metadata,link -C opt-level=2 -C embed-bitcode=no -C debuginfo=2 -C debug-assertions=on --check-cfg 'cfg(docsrs,test)' --check-cfg 'cfg(feature, values("portable-atomic"))' -C metadata=2996dd0c8e146d10 -C extra-filename=-3f10bdf38f5d9d1d --out-dir /home/runner/work/streamify-apk/streamify-apk/rust/target/debug/deps -L dependency=/home/runner/work/streamify-apk/streamify-apk/rust/target/debug/deps --cap-lints allow`
[1m[92m   Compiling[0m vcpkg v0.2.15
[1m[92m     Running[0m `/home/runner/.rustup/toolchains/stable-x86_64-unknown-linux-gnu/bin/rustc --crate-name vcpkg --edition=2015 /home/runner/.cargo/registry/src/index.crates.io-1949cf8c6b5b557f/vcpkg-0.2.15/src/lib.rs --error-format=json --json=diagnostic-rendered-ansi,artifacts,future-incompat --crate-type lib --emit=dep-info,metadata,link -C embed-bitcode=no --check-cfg 'cfg(docsrs,test)' --check-cfg 'cfg(feature, values())' -C metadata=95ad8a86bd948936 -C extra-filename=-40ec522809738c21 --out-dir /home/runner/work/streamify-apk/streamify-apk/rust/target/debug/deps -L dependency=/home/runner/work/streamify-apk/streamify-apk/rust/target/debug/deps --cap-lints allow`
[1m[92m   Compiling[0m serde_json v1.0.151
[1m[92m     Running[0m `/home/runner/.rustup/toolchains/stable-x86_64-unknown-linux-gnu/bin/rustc --crate-name build_script_build --edition=2021 /home/runner/.cargo/registry/src/index.crates.io-1949cf8c6b5b557f/serde_json-1.0.151/build.rs --error-format=json --json=diagnostic-rendered-ansi,artifacts,future-incompat --crate-type bin --emit=dep-info,link -C embed-bitcode=no --cfg 'feature="default"' --cfg 'feature="std"' --check-cfg 'cfg(docsrs,test)' --check-cfg 'cfg(feature, values("alloc", "arbitrary_precision", "default", "float_roundtrip", "indexmap", "preserve_order", "raw_value", "std", "unbounded_depth"))' -C metadata=ac4ea813491e87ef -C extra-filename=-b4d1b8e2b93b1ef9 --out-dir /home/runner/work/streamify-apk/streamify-apk/rust/target/debug/build/serde_json-b4d1b8e2b93b1ef9 -L dependency=/home/runner/work/streamify-apk/streamify-apk/rust/target/debug/deps --cap-lints allow`
[1m[92m   Compiling[0m simd-adler32 v0.3.10
[1m[92m     Running[0m `/home/runner/.rustup/toolchains/stable-x86_64-unknown-linux-gnu/bin/rustc --crate-name simd_adler32 --edition=2018 /home/runner/.cargo/registry/src/index.crates.io-1949cf8c6b5b557f/simd-adler32-0.3.10/src/lib.rs --error-format=json --json=diagnostic-rendered-ansi,artifacts,future-incompat --crate-type lib --emit=dep-info,metadata,link -C opt-level=2 -C embed-bitcode=no -C debuginfo=2 -C debug-assertions=on --check-cfg 'cfg(docsrs,test)' --check-cfg 'cfg(feature, values("const-generics", "default", "nightly", "std"))' -C metadata=99da1c3b4064c00d -C extra-filename=-5e62cb66e8fb496b --out-dir /home/runner/work/streamify-apk/streamify-apk/rust/target/debug/deps -L dependency=/home/runner/work/streamify-apk/streamify-apk/rust/target/debug/deps --cap-lints allow`
[1m[92m   Compiling[0m miniz_oxide v0.8.9
[1m[92m     Running[0m `/home/runner/.rustup/toolchains/stable-x86_64-unknown-linux-gnu/bin/rustc --crate-name miniz_oxide --edition=2021 /home/runner/.cargo/registry/src/index.crates.io-1949cf8c6b5b557f/miniz_oxide-0.8.9/src/lib.rs --error-format=json --json=diagnostic-rendered-ansi,artifacts,future-incompat --crate-type lib --emit=dep-info,metadata,link -C opt-level=2 -C embed-bitcode=no -C debuginfo=2 -C debug-assertions=on --cfg 'feature="default"' --cfg 'feature="simd"' --cfg 'feature="simd-adler32"' --cfg 'feature="with-alloc"' --check-cfg 'cfg(docsrs,test)' --check-cfg 'cfg(feature, values("alloc", "block-boundary", "core", "default", "rustc-dep-of-std", "serde", "simd", "simd-adler32", "std", "with-alloc"))' -C metadata=b673b3e67e169de0 -C extra-filename=-0241c0916651c81d --out-dir /home/runner/work/streamify-apk/streamify-apk/rust/target/debug/deps -L dependency=/home/runner/work/streamify-apk/streamify-apk/rust/target/debug/deps --extern adler2=/home/runner/work/streamify-apk/streamify-apk/rust/target/debug/deps/libadler2-6807b19607363c05.rmeta --extern simd_adler32=/home/runner/work/streamify-apk/streamify-apk/rust/target/debug/deps/libsimd_adler32-5e62cb66e8fb496b.rmeta --cap-lints allow`
[1m[92m   Compiling[0m libsqlite3-sys v0.28.0
[1m[92m     Running[0m `/home/runner/.rustup/toolchains/stable-x86_64-unknown-linux-gnu/bin/rustc --crate-name build_script_build --edition=2021 /home/runner/.cargo/registry/src/index.crates.io-1949cf8c6b5b557f/libsqlite3-sys-0.28.0/build.rs --error-format=json --json=diagnostic-rendered-ansi,artifacts,future-incompat --crate-type bin --emit=dep-info,link -C embed-bitcode=no --cfg 'feature="bundled"' --cfg 'feature="bundled_bindings"' --cfg 'feature="cc"' --cfg 'feature="default"' --cfg 'feature="min_sqlite_version_3_14_0"' --cfg 'feature="pkg-config"' --cfg 'feature="vcpkg"' --check-cfg 'cfg(docsrs,test)' --check-cfg 'cfg(feature, values("bindgen", "buildtime_bindgen", "bundled", "bundled-sqlcipher", "bundled-sqlcipher-vendored-openssl", "bundled-windows", "bundled_bindings", "cc", "default", "in_gecko", "loadable_extension", "min_sqlite_version_3_14_0", "openssl-sys", "pkg-config", "prettyplease", "preupdate_hook", "quote", "session", "sqlcipher", "syn", "unlock_notify", "vcpkg", "wasm32-wasi-vfs", "with-asan"))' -C metadata=f1dd8dbbea2b62a2 -C extra-filename=-bf5c4b6e50ec3569 --out-dir /home/runner/work/streamify-apk/streamify-apk/rust/target/debug/build/libsqlite3-sys-bf5c4b6e50ec3569 -L dependency=/home/runner/work/streamify-apk/streamify-apk/rust/target/debug/deps --extern cc=/home/runner/work/streamify-apk/streamify-apk/rust/target/debug/deps/libcc-5bcc5bd787eac41c.rlib --extern pkg_config=/home/runner/work/streamify-apk/streamify-apk/rust/target/debug/deps/libpkg_config-6cbff30a20862507.rlib --extern vcpkg=/home/runner/work/streamify-apk/streamify-apk/rust/target/debug/deps/libvcpkg-40ec522809738c21.rlib --cap-lints allow`
[1m[92m     Running[0m `/home/runner/work/streamify-apk/streamify-apk/rust/target/debug/build/serde_json-b4d1b8e2b93b1ef9/build-script-build`
[1m[92m   Compiling[0m hyper v1.11.0
[1m[92m     Running[0m `/home/runner/.rustup/toolchains/stable-x86_64-unknown-linux-gnu/bin/rustc --crate-name hyper --edition=2021 /home/runner/.cargo/registry/src/index.crates.io-1949cf8c6b5b557f/hyper-1.11.0/src/lib.rs --error-format=json --json=diagnostic-rendered-ansi,artifacts,future-incompat --crate-type lib --emit=dep-info,metadata,link -C opt-level=2 -C embed-bitcode=no -C debuginfo=2 -C debug-assertions=on --cfg 'feature="client"' --cfg 'feature="default"' --cfg 'feature="http1"' --check-cfg 'cfg(docsrs,test)' --check-cfg 'cfg(feature, values("capi", "client", "default", "ffi", "full", "http1", "http2", "nightly", "server", "tracing"))' -C metadata=07a7c15535554310 -C extra-filename=-ea9fdeff49a5d3ef --out-dir /home/runner/work/streamify-apk/streamify-apk/rust/target/debug/deps -L dependency=/home/runner/work/streamify-apk/streamify-apk/rust/target/debug/deps --extern atomic_waker=/home/runner/work/streamify-apk/streamify-apk/rust/target/debug/deps/libatomic_waker-3f10bdf38f5d9d1d.rmeta --extern bytes=/home/runner/work/streamify-apk/streamify-apk/rust/target/debug/deps/libbytes-8e4646a5eb2f57d0.rmeta --extern futures_channel=/home/runner/work/streamify-apk/streamify-apk/rust/target/debug/deps/libfutures_channel-5905f9eb5c1f736c.rmeta --extern futures_core=/home/runner/work/streamify-apk/streamify-apk/rust/target/debug/deps/libfutures_core-aa367d602b978037.rmeta --extern http=/home/runner/work/streamify-apk/streamify-apk/rust/target/debug/deps/libhttp-5d29af6cf58ca999.rmeta --extern http_body=/home/runner/work/streamify-apk/streamify-apk/rust/target/debug/deps/libhttp_body-d4362751159a95a5.rmeta --extern httparse=/home/runner/work/streamify-apk/streamify-apk/rust/target/debug/deps/libhttparse-f88d9c956800449f.rmeta --extern itoa=/home/runner/work/streamify-apk/streamify-apk/rust/target/debug/deps/libitoa-19d593059ff98fd4.rmeta --extern pin_project_lite=/home/runner/work/streamify-apk/streamify-apk/rust/target/debug/deps/libpin_project_lite-a3e77d6b6448f65e.rmeta --extern smallvec=/home/runner/work/streamify-apk/streamify-apk/rust/target/debug/deps/libsmallvec-b200e87e3d354ad6.rmeta --extern tokio=/home/runner/work/streamify-apk/streamify-apk/rust/target/debug/deps/libtokio-f3f08a9dc134f869.rmeta --extern want=/home/runner/work/streamify-apk/streamify-apk/rust/target/debug/deps/libwant-2d23ff933b2793f1.rmeta --cap-lints allow`
[1m[92m     Running[0m `/home/runner/.rustup/toolchains/stable-x86_64-unknown-linux-gnu/bin/rustc --crate-name serde --edition=2021 /home/runner/.cargo/registry/src/index.crates.io-1949cf8c6b5b557f/serde-1.0.229/src/lib.rs --error-format=json --json=diagnostic-rendered-ansi,artifacts,future-incompat --crate-type lib --emit=dep-info,metadata,link -C opt-level=2 -C embed-bitcode=no -C debuginfo=2 -C debug-assertions=on --cfg 'feature="default"' --cfg 'feature="derive"' --cfg 'feature="serde_derive"' --cfg 'feature="std"' --check-cfg 'cfg(docsrs,test)' --check-cfg 'cfg(feature, values("alloc", "default", "derive", "rc", "serde_derive", "std", "unstable"))' -C metadata=030cf391bd793616 -C extra-filename=-060eb889817c8306 --out-dir /home/runner/work/streamify-apk/streamify-apk/rust/target/debug/deps -L dependency=/home/runner/work/streamify-apk/streamify-apk/rust/target/debug/deps --extern serde_core=/home/runner/work/streamify-apk/streamify-apk/rust/target/debug/deps/libserde_core-112996c6bc2906ff.rmeta --extern serde_derive=/home/runner/work/streamify-apk/streamify-apk/rust/target/debug/deps/libserde_derive-cc456e8648030637.so --cap-lints allow --cfg if_docsrs_then_no_serde_core --check-cfg 'cfg(feature, values("result"))' --check-cfg 'cfg(if_docsrs_then_no_serde_core)' --check-cfg 'cfg(no_core_cstr)' --check-cfg 'cfg(no_core_error)' --check-cfg 'cfg(no_core_net)' --check-cfg 'cfg(no_core_num_saturating)' --check-cfg 'cfg(no_diagnostic_namespace)' --check-cfg 'cfg(no_serde_derive)' --check-cfg 'cfg(no_std_atomic)' --check-cfg 'cfg(no_std_atomic64)' --check-cfg 'cfg(no_target_has_atomic)'`
[1m[92m   Compiling[0m tracing v0.1.44
[1m[92m     Running[0m `/home/runner/.rustup/toolchains/stable-x86_64-unknown-linux-gnu/bin/rustc --crate-name tracing --edition=2018 /home/runner/.cargo/registry/src/index.crates.io-1949cf8c6b5b557f/tracing-0.1.44/src/lib.rs --error-format=json --json=diagnostic-rendered-ansi,artifacts,future-incompat --crate-type lib --emit=dep-info,metadata,link -C opt-level=2 -C embed-bitcode=no -C debuginfo=2 -C debug-assertions=on --cfg 'feature="std"' --check-cfg 'cfg(docsrs,test)' --check-cfg 'cfg(feature, values("async-await", "attributes", "default", "log", "log-always", "max_level_debug", "max_level_error", "max_level_info", "max_level_off", "max_level_trace", "max_level_warn", "release_max_level_debug", "release_max_level_error", "release_max_level_info", "release_max_level_off", "release_max_level_trace", "release_max_level_warn", "std", "tracing-attributes", "valuable"))' -C metadata=9e1d2c1322693c21 -C extra-filename=-b34110de7dbac066 --out-dir /home/runner/work/streamify-apk/streamify-apk/rust/target/debug/deps -L dependency=/home/runner/work/streamify-apk/streamify-apk/rust/target/debug/deps --extern pin_project_lite=/home/runner/work/streamify-apk/streamify-apk/rust/target/debug/deps/libpin_project_lite-a3e77d6b6448f65e.rmeta --extern tracing_core=/home/runner/work/streamify-apk/streamify-apk/rust/target/debug/deps/libtracing_core-9054ff9f14c131c8.rmeta --cap-lints allow`
[1m[92m   Compiling[0m url v2.5.8
[1m[92m     Running[0m `/home/runner/.rustup/toolchains/stable-x86_64-unknown-linux-gnu/bin/rustc --crate-name url --edition=2018 /home/runner/.cargo/registry/src/index.crates.io-1949cf8c6b5b557f/url-2.5.8/src/lib.rs --error-format=json --json=diagnostic-rendered-ansi,artifacts,future-incompat --crate-type lib --emit=dep-info,metadata,link -C opt-level=2 -C embed-bitcode=no -C debuginfo=2 -C debug-assertions=on --cfg 'feature="default"' --cfg 'feature="std"' --check-cfg 'cfg(docsrs,test)' --check-cfg 'cfg(feature, values("debugger_visualizer", "default", "expose_internals", "serde", "std"))' -C metadata=1ba9d1e4300beb62 -C extra-filename=-5cdb56d7848aa508 --out-dir /home/runner/work/streamify-apk/streamify-apk/rust/target/debug/deps -L dependency=/home/runner/work/streamify-apk/streamify-apk/rust/target/debug/deps --extern form_urlencoded=/home/runner/work/streamify-apk/streamify-apk/rust/target/debug/deps/libform_urlencoded-64b3f789f725e25a.rmeta --extern idna=/home/runner/work/streamify-apk/streamify-apk/rust/target/debug/deps/libidna-2d366081b20bc71d.rmeta --extern percent_encoding=/home/runner/work/streamify-apk/streamify-apk/rust/target/debug/deps/libpercent_encoding-d62fefbd5e2f3757.rmeta --cap-lints allow`
[1m[92m     Running[0m `/home/runner/.rustup/toolchains/stable-x86_64-unknown-linux-gnu/bin/rustc --crate-name ahash --edition=2018 /home/runner/.cargo/registry/src/index.crates.io-1949cf8c6b5b557f/ahash-0.8.12/src/lib.rs --error-format=json --json=diagnostic-rendered-ansi,artifacts,future-incompat --crate-type lib --emit=dep-info,metadata,link -C opt-level=2 -C embed-bitcode=no -C debuginfo=2 -C debug-assertions=on --check-cfg 'cfg(docsrs,test)' --check-cfg 'cfg(feature, values("atomic-polyfill", "compile-time-rng", "const-random", "default", "getrandom", "nightly-arm-aes", "no-rng", "runtime-rng", "serde", "std"))' -C metadata=0a340abcf41b5448 -C extra-filename=-21a1eaae76571794 --out-dir /home/runner/work/streamify-apk/streamify-apk/rust/target/debug/deps -L dependency=/home/runner/work/streamify-apk/streamify-apk/rust/target/debug/deps --extern cfg_if=/home/runner/work/streamify-apk/streamify-apk/rust/target/debug/deps/libcfg_if-f10dd018f5572444.rmeta --extern once_cell=/home/runner/work/streamify-apk/streamify-apk/rust/target/debug/deps/libonce_cell-23ed231fed418336.rmeta --extern zerocopy=/home/runner/work/streamify-apk/streamify-apk/rust/target/debug/deps/libzerocopy-99b9fbed14caaedb.rmeta --cap-lints allow --cfg folded_multiply --check-cfg 'cfg(specialize)' --check-cfg 'cfg(folded_multiply)'`
[1m[92m     Running[0m `/home/runner/.rustup/toolchains/stable-x86_64-unknown-linux-gnu/bin/rustc --crate-name zmij --edition=2021 /home/runner/.cargo/registry/src/index.crates.io-1949cf8c6b5b557f/zmij-1.0.23/src/lib.rs --error-format=json --json=diagnostic-rendered-ansi,artifacts,future-incompat --crate-type lib --emit=dep-info,metadata,link -C opt-level=2 -C embed-bitcode=no -C debuginfo=2 -C debug-assertions=on --check-cfg 'cfg(docsrs,test)' --check-cfg 'cfg(feature, values("no-panic"))' -C metadata=d3cd0399039c67ee -C extra-filename=-baf2dea67f325c5f --out-dir /home/runner/work/streamify-apk/streamify-apk/rust/target/debug/deps -L dependency=/home/runner/work/streamify-apk/streamify-apk/rust/target/debug/deps --cap-lints allow --check-cfg 'cfg(exhaustive)' --check-cfg 'cfg(opt_level, values("s"))' --check-cfg 'cfg(zmij_no_select_unpredictable)'`
[1m[92m   Compiling[0m curve25519-dalek v4.1.3
[1m[92m     Running[0m `/home/runner/.rustup/toolchains/stable-x86_64-unknown-linux-gnu/bin/rustc --crate-name build_script_build --edition=2021 /home/runner/.cargo/registry/src/index.crates.io-1949cf8c6b5b557f/curve25519-dalek-4.1.3/build.rs --error-format=json --json=diagnostic-rendered-ansi,artifacts,future-incompat --crate-type bin --emit=dep-info,link -C embed-bitcode=no --cfg 'feature="alloc"' --cfg 'feature="digest"' --cfg 'feature="precomputed-tables"' --cfg 'feature="zeroize"' --check-cfg 'cfg(docsrs,test)' --check-cfg 'cfg(feature, values("alloc", "default", "digest", "ff", "group", "group-bits", "legacy_compatibility", "precomputed-tables", "rand_core", "serde", "zeroize"))' -C metadata=3a97d42f391d4e25 -C extra-filename=-97d246befb53894e --out-dir /home/runner/work/streamify-apk/streamify-apk/rust/target/debug/build/curve25519-dalek-97d246befb53894e -L dependency=/home/runner/work/streamify-apk/streamify-apk/rust/target/debug/deps --extern rustc_version=/home/runner/work/streamify-apk/streamify-apk/rust/target/debug/deps/librustc_version-e1e2c931ef714523.rlib --cap-lints allow`
[1m[92m     Running[0m `/home/runner/.rustup/toolchains/stable-x86_64-unknown-linux-gnu/bin/rustc --crate-name crc32fast --edition=2021 /home/runner/.cargo/registry/src/index.crates.io-1949cf8c6b5b557f/crc32fast-1.5.0/src/lib.rs --error-format=json --json=diagnostic-rendered-ansi,artifacts,future-incompat --crate-type lib --emit=dep-info,metadata,link -C opt-level=2 -C embed-bitcode=no -C debuginfo=2 -C debug-assertions=on --cfg 'feature="default"' --cfg 'feature="std"' --check-cfg 'cfg(docsrs,test)' --check-cfg 'cfg(feature, values("default", "nightly", "std"))' -C metadata=23adfe44436803f1 -C extra-filename=-1d401917af0dbb47 --out-dir /home/runner/work/streamify-apk/streamify-apk/rust/target/debug/deps -L dependency=/home/runner/work/streamify-apk/streamify-apk/rust/target/debug/deps --extern cfg_if=/home/runner/work/streamify-apk/streamify-apk/rust/target/debug/deps/libcfg_if-f10dd018f5572444.rmeta --cap-lints allow --cfg stable_arm_crc32_intrinsics --check-cfg 'cfg(stable_arm_crc32_intrinsics)'`
[1m[92m   Compiling[0m jni-sys-macros v0.4.1
[1m[92m     Running[0m `/home/runner/.rustup/toolchains/stable-x86_64-unknown-linux-gnu/bin/rustc --crate-name jni_sys_macros --edition=2021 /home/runner/.cargo/registry/src/index.crates.io-1949cf8c6b5b557f/jni-sys-macros-0.4.1/src/lib.rs --error-format=json --json=diagnostic-rendered-ansi,artifacts,future-incompat --crate-type proc-macro --emit=dep-info,link -C prefer-dynamic -C embed-bitcode=no --check-cfg 'cfg(docsrs,test)' --check-cfg 'cfg(feature, values())' -C metadata=4421f82d0fe13468 -C extra-filename=-c7e9cd4c69b1b2c8 --out-dir /home/runner/work/streamify-apk/streamify-apk/rust/target/debug/deps -L dependency=/home/runner/work/streamify-apk/streamify-apk/rust/target/debug/deps --extern quote=/home/runner/work/streamify-apk/streamify-apk/rust/target/debug/deps/libquote-a91d24f1712c74bd.rlib --extern syn=/home/runner/work/streamify-apk/streamify-apk/rust/target/debug/deps/libsyn-dd97d8155b655bc9.rlib --extern proc_macro --cap-lints allow`
[1m[92m   Compiling[0m sync_wrapper v1.0.2
[1m[92m     Running[0m `/home/runner/.rustup/toolchains/stable-x86_64-unknown-linux-gnu/bin/rustc --crate-name sync_wrapper --edition=2021 /home/runner/.cargo/registry/src/index.crates.io-1949cf8c6b5b557f/sync_wrapper-1.0.2/src/lib.rs --error-format=json --json=diagnostic-rendered-ansi,artifacts,future-incompat --crate-type lib --emit=dep-info,metadata,link -C opt-level=2 -C embed-bitcode=no -C debuginfo=2 -C debug-assertions=on --cfg 'feature="futures"' --cfg 'feature="futures-core"' --check-cfg 'cfg(docsrs,test)' --check-cfg 'cfg(feature, values("futures", "futures-core"))' -C metadata=8fe2408ecf828d2b -C extra-filename=-58c9deade2aae647 --out-dir /home/runner/work/streamify-apk/streamify-apk/rust/target/debug/deps -L dependency=/home/runner/work/streamify-apk/streamify-apk/rust/target/debug/deps --extern futures_core=/home/runner/work/streamify-apk/streamify-apk/rust/target/debug/deps/libfutures_core-aa367d602b978037.rmeta --cap-lints allow`
[1m[92m   Compiling[0m inout v0.1.4
[1m[92m     Running[0m `/home/runner/.rustup/toolchains/stable-x86_64-unknown-linux-gnu/bin/rustc --crate-name inout --edition=2021 /home/runner/.cargo/registry/src/index.crates.io-1949cf8c6b5b557f/inout-0.1.4/src/lib.rs --error-format=json --json=diagnostic-rendered-ansi,artifacts,future-incompat --crate-type lib --emit=dep-info,metadata,link -C opt-level=2 -C embed-bitcode=no -C debuginfo=2 -C debug-assertions=on --check-cfg 'cfg(docsrs,test)' --check-cfg 'cfg(feature, values("block-padding", "std"))' -C metadata=e636ba03c90628b0 -C extra-filename=-e27913394af23499 --out-dir /home/runner/work/streamify-apk/streamify-apk/rust/target/debug/deps -L dependency=/home/runner/work/streamify-apk/streamify-apk/rust/target/debug/deps --extern generic_array=/home/runner/work/streamify-apk/streamify-apk/rust/target/debug/deps/libgeneric_array-e9151a0eb938d84a.rmeta --cap-lints allow`
[1m[92m   Compiling[0m thiserror v1.0.69
[1m[92m     Running[0m `/home/runner/.rustup/toolchains/stable-x86_64-unknown-linux-gnu/bin/rustc --crate-name build_script_build --edition=2021 /home/runner/.cargo/registry/src/index.crates.io-1949cf8c6b5b557f/thiserror-1.0.69/build.rs --error-format=json --json=diagnostic-rendered-ansi,artifacts,future-incompat --crate-type bin --emit=dep-info,link -C embed-bitcode=no --check-cfg 'cfg(docsrs,test)' --check-cfg 'cfg(feature, values())' -C metadata=9f841cae0a60f49e -C extra-filename=-47110b0e7ddf2570 --out-dir /home/runner/work/streamify-apk/streamify-apk/rust/target/debug/build/thiserror-47110b0e7ddf2570 -L dependency=/home/runner/work/streamify-apk/streamify-apk/rust/target/debug/deps --cap-lints allow`
[1m[92m   Compiling[0m paste v1.0.15
[1m[92m     Running[0m `/home/runner/.rustup/toolchains/stable-x86_64-unknown-linux-gnu/bin/rustc --crate-name build_script_build --edition=2018 /home/runner/.cargo/registry/src/index.crates.io-1949cf8c6b5b557f/paste-1.0.15/build.rs --error-format=json --json=diagnostic-rendered-ansi,artifacts,future-incompat --crate-type bin --emit=dep-info,link -C embed-bitcode=no --check-cfg 'cfg(docsrs,test)' --check-cfg 'cfg(feature, values())' -C metadata=c6d9d67e84b68aae -C extra-filename=-bfc2d36512acdb90 --out-dir /home/runner/work/streamify-apk/streamify-apk/rust/target/debug/build/paste-bfc2d36512acdb90 -L dependency=/home/runner/work/streamify-apk/streamify-apk/rust/target/debug/deps --cap-lints allow`
[1m[92m   Compiling[0m ipnet v2.12.1
[1m[92m     Running[0m `/home/runner/.rustup/toolchains/stable-x86_64-unknown-linux-gnu/bin/rustc --crate-name ipnet --edition=2018 /home/runner/.cargo/registry/src/index.crates.io-1949cf8c6b5b557f/ipnet-2.12.1/src/lib.rs --error-format=json --json=diagnostic-rendered-ansi,artifacts,future-incompat --crate-type lib --emit=dep-info,metadata,link -C opt-level=2 -C embed-bitcode=no -C debuginfo=2 -C debug-assertions=on --cfg 'feature="default"' --cfg 'feature="std"' --check-cfg 'cfg(docsrs,test)' --check-cfg 'cfg(feature, values("default", "heapless", "json", "schemars", "schemars08", "schemars1", "ser_as_str", "serde", "std"))' -C metadata=78d492026b89a712 -C extra-filename=-a19975b55876adaa --out-dir /home/runner/work/streamify-apk/streamify-apk/rust/target/debug/deps -L dependency=/home/runner/work/streamify-apk/streamify-apk/rust/target/debug/deps --cap-lints allow`
[1m[92m   Compiling[0m jni-sys v0.3.1
[1m[92m     Running[0m `/home/runner/.rustup/toolchains/stable-x86_64-unknown-linux-gnu/bin/rustc --crate-name build_script_build --edition=2021 /home/runner/.cargo/registry/src/index.crates.io-1949cf8c6b5b557f/jni-sys-0.3.1/build.rs --error-format=json --json=diagnostic-rendered-ansi,artifacts,future-incompat --crate-type bin --emit=dep-info,link -C embed-bitcode=no --cfg 'feature="default"' --check-cfg 'cfg(docsrs,test)' --check-cfg 'cfg(feature, values("default"))' -C metadata=3b814bd6d304d5a5 -C extra-filename=-35770c5f32cf3fdb --out-dir /home/runner/work/streamify-apk/streamify-apk/rust/target/debug/build/jni-sys-35770c5f32cf3fdb -L dependency=/home/runner/work/streamify-apk/streamify-apk/rust/target/debug/deps --cap-lints allow`
[1m[92m   Compiling[0m tower-layer v0.3.3
[1m[92m     Running[0m `/home/runner/.rustup/toolchains/stable-x86_64-unknown-linux-gnu/bin/rustc --crate-name tower_layer --edition=2018 /home/runner/.cargo/registry/src/index.crates.io-1949cf8c6b5b557f/tower-layer-0.3.3/src/lib.rs --error-format=json --json=diagnostic-rendered-ansi,artifacts,future-incompat --crate-type lib --emit=dep-info,metadata,link -C opt-level=2 -C embed-bitcode=no -C debuginfo=2 -C debug-assertions=on --check-cfg 'cfg(docsrs,test)' --check-cfg 'cfg(feature, values())' -C metadata=30c0adb8880b6158 -C extra-filename=-903196eb9d991b52 --out-dir /home/runner/work/streamify-apk/streamify-apk/rust/target/debug/deps -L dependency=/home/runner/work/streamify-apk/streamify-apk/rust/target/debug/deps --cap-lints allow`
[1m[92m     Running[0m `/home/runner/work/streamify-apk/streamify-apk/rust/target/debug/build/jni-sys-35770c5f32cf3fdb/build-script-build`
[1m[92m   Compiling[0m hyper-util v0.1.20
[1m[92m     Running[0m `/home/runner/.rustup/toolchains/stable-x86_64-unknown-linux-gnu/bin/rustc --crate-name hyper_util --edition=2021 /home/runner/.cargo/registry/src/index.crates.io-1949cf8c6b5b557f/hyper-util-0.1.20/src/lib.rs --error-format=json --json=diagnostic-rendered-ansi,artifacts,future-incompat --crate-type lib --emit=dep-info,metadata,link -C opt-level=2 -C embed-bitcode=no -C debuginfo=2 -C debug-assertions=on --cfg 'feature="client"' --cfg 'feature="client-legacy"' --cfg 'feature="client-proxy"' --cfg 'feature="default"' --cfg 'feature="http1"' --cfg 'feature="tokio"' --check-cfg 'cfg(docsrs,test)' --check-cfg 'cfg(feature, values("__internal_happy_eyeballs_tests", "client", "client-legacy", "client-pool", "client-proxy", "client-proxy-system", "default", "full", "http1", "http2", "server", "server-auto", "server-graceful", "service", "tokio", "tracing"))' -C metadata=9bbd86f148f0e776 -C extra-filename=-1189ef46a80e1c0d --out-dir /home/runner/work/streamify-apk/streamify-apk/rust/target/debug/deps -L dependency=/home/runner/work/streamify-apk/streamify-apk/rust/target/debug/deps --extern base64=/home/runner/work/streamify-apk/streamify-apk/rust/target/debug/deps/libbase64-0b630a6773013ed6.rmeta --extern bytes=/home/runner/work/streamify-apk/streamify-apk/rust/target/debug/deps/libbytes-8e4646a5eb2f57d0.rmeta --extern futures_channel=/home/runner/work/streamify-apk/streamify-apk/rust/target/debug/deps/libfutures_channel-5905f9eb5c1f736c.rmeta --extern futures_util=/home/runner/work/streamify-apk/streamify-apk/rust/target/debug/deps/libfutures_util-13f54dbc49b797ce.rmeta --extern http=/home/runner/work/streamify-apk/streamify-apk/rust/target/debug/deps/libhttp-5d29af6cf58ca999.rmeta --extern http_body=/home/runner/work/streamify-apk/streamify-apk/rust/target/debug/deps/libhttp_body-d4362751159a95a5.rmeta --extern hyper=/home/runner/work/streamify-apk/streamify-apk/rust/target/debug/deps/libhyper-ea9fdeff49a5d3ef.rmeta --extern ipnet=/home/runner/work/streamify-apk/streamify-apk/rust/target/debug/deps/libipnet-a19975b55876adaa.rmeta --extern libc=/home/runner/work/streamify-apk/streamify-apk/rust/target/debug/deps/liblibc-9b8f2fd08e0acf77.rmeta --extern percent_encoding=/home/runner/work/streamify-apk/streamify-apk/rust/target/debug/deps/libpercent_encoding-d62fefbd5e2f3757.rmeta --extern pin_project_lite=/home/runner/work/streamify-apk/streamify-apk/rust/target/debug/deps/libpin_project_lite-a3e77d6b6448f65e.rmeta --extern socket2=/home/runner/work/streamify-apk/streamify-apk/rust/target/debug/deps/libsocket2-7f9cb959c9d208f5.rmeta --extern tokio=/home/runner/work/streamify-apk/streamify-apk/rust/target/debug/deps/libtokio-f3f08a9dc134f869.rmeta --extern tower_service=/home/runner/work/streamify-apk/streamify-apk/rust/target/debug/deps/libtower_service-1472cf9652d79ef3.rmeta --extern tracing=/home/runner/work/streamify-apk/streamify-apk/rust/target/debug/deps/libtracing-b34110de7dbac066.rmeta --cap-lints allow`
[1m[92m   Compiling[0m tower v0.5.3
[1m[92m     Running[0m `/home/runner/.rustup/toolchains/stable-x86_64-unknown-linux-gnu/bin/rustc --crate-name tower --edition=2018 /home/runner/.cargo/registry/src/index.crates.io-1949cf8c6b5b557f/tower-0.5.3/src/lib.rs --error-format=json --json=diagnostic-rendered-ansi,artifacts,future-incompat --crate-type lib --emit=dep-info,metadata,link -C opt-level=2 -C embed-bitcode=no -C debuginfo=2 -C debug-assertions=on --cfg 'feature="futures-core"' --cfg 'feature="futures-util"' --cfg 'feature="pin-project-lite"' --cfg 'feature="retry"' --cfg 'feature="sync_wrapper"' --cfg 'feature="timeout"' --cfg 'feature="tokio"' --cfg 'feature="util"' --check-cfg 'cfg(docsrs,test)' --check-cfg 'cfg(feature, values("balance", "buffer", "discover", "filter", "full", "futures-core", "futures-util", "hdrhistogram", "hedge", "indexmap", "limit", "load", "load-shed", "log", "make", "pin-project-lite", "ready-cache", "reconnect", "retry", "slab", "spawn-ready", "steer", "sync_wrapper", "timeout", "tokio", "tokio-stream", "tokio-util", "tracing", "util"))' -C metadata=597022ca0ac16dd5 -C extra-filename=-80e28a779ee95fc3 --out-dir /home/runner/work/streamify-apk/streamify-apk/rust/target/debug/deps -L dependency=/home/runner/work/streamify-apk/streamify-apk/rust/target/debug/deps --extern futures_core=/home/runner/work/streamify-apk/streamify-apk/rust/target/debug/deps/libfutures_core-aa367d602b978037.rmeta --extern futures_util=/home/runner/work/streamify-apk/streamify-apk/rust/target/debug/deps/libfutures_util-13f54dbc49b797ce.rmeta --extern pin_project_lite=/home/runner/work/streamify-apk/streamify-apk/rust/target/debug/deps/libpin_project_lite-a3e77d6b6448f65e.rmeta --extern sync_wrapper=/home/runner/work/streamify-apk/streamify-apk/rust/target/debug/deps/libsync_wrapper-58c9deade2aae647.rmeta --extern tokio=/home/runner/work/streamify-apk/streamify-apk/rust/target/debug/deps/libtokio-f3f08a9dc134f869.rmeta --extern tower_layer=/home/runner/work/streamify-apk/streamify-apk/rust/target/debug/deps/libtower_layer-903196eb9d991b52.rmeta --extern tower_service=/home/runner/work/streamify-apk/streamify-apk/rust/target/debug/deps/libtower_service-1472cf9652d79ef3.rmeta --cap-lints allow`
[1m[92m     Running[0m `/home/runner/work/streamify-apk/streamify-apk/rust/target/debug/build/paste-bfc2d36512acdb90/build-script-build`
[1m[92m     Running[0m `/home/runner/work/streamify-apk/streamify-apk/rust/target/debug/build/thiserror-47110b0e7ddf2570/build-script-build`
[1m[92m   Compiling[0m cipher v0.4.4
[1m[92m     Running[0m `/home/runner/.rustup/toolchains/stable-x86_64-unknown-linux-gnu/bin/rustc --crate-name cipher --edition=2021 /home/runner/.cargo/registry/src/index.crates.io-1949cf8c6b5b557f/cipher-0.4.4/src/lib.rs --error-format=json --json=diagnostic-rendered-ansi,artifacts,future-incompat --crate-type lib --emit=dep-info,metadata,link -C opt-level=2 -C embed-bitcode=no -C debuginfo=2 -C debug-assertions=on --cfg 'feature="zeroize"' --check-cfg 'cfg(docsrs,test)' --check-cfg 'cfg(feature, values("alloc", "blobby", "block-padding", "dev", "rand_core", "std", "zeroize"))' -C metadata=feee29e3f1622768 -C extra-filename=-a8f2a79396c491d0 --out-dir /home/runner/work/streamify-apk/streamify-apk/rust/target/debug/deps -L dependency=/home/runner/work/streamify-apk/streamify-apk/rust/target/debug/deps --extern crypto_common=/home/runner/work/streamify-apk/streamify-apk/rust/target/debug/deps/libcrypto_common-4db9101f341c889d.rmeta --extern inout=/home/runner/work/streamify-apk/streamify-apk/rust/target/debug/deps/libinout-e27913394af23499.rmeta --extern zeroize=/home/runner/work/streamify-apk/streamify-apk/rust/target/debug/deps/libzeroize-a52dc9e59edbbd8a.rmeta --cap-lints allow`
[1m[92m   Compiling[0m jni-sys v0.4.1
[1m[92m     Running[0m `/home/runner/.rustup/toolchains/stable-x86_64-unknown-linux-gnu/bin/rustc --crate-name jni_sys --edition=2021 /home/runner/.cargo/registry/src/index.crates.io-1949cf8c6b5b557f/jni-sys-0.4.1/src/lib.rs --error-format=json --json=diagnostic-rendered-ansi,artifacts,future-incompat --crate-type lib --emit=dep-info,metadata,link -C opt-level=2 -C embed-bitcode=no -C debuginfo=2 -C debug-assertions=on --check-cfg 'cfg(docsrs,test)' --check-cfg 'cfg(feature, values())' -C metadata=cc541a5102f1063e -C extra-filename=-86a9ff5e74e70ec0 --out-dir /home/runner/work/streamify-apk/streamify-apk/rust/target/debug/deps -L dependency=/home/runner/work/streamify-apk/streamify-apk/rust/target/debug/deps --extern jni_sys_macros=/home/runner/work/streamify-apk/streamify-apk/rust/target/debug/deps/libjni_sys_macros-c7e9cd4c69b1b2c8.so --cap-lints allow`
[1m[92m   Compiling[0m flate2 v1.1.9
[1m[92m     Running[0m `/home/runner/.rustup/toolchains/stable-x86_64-unknown-linux-gnu/bin/rustc --crate-name flate2 --edition=2018 /home/runner/.cargo/registry/src/index.crates.io-1949cf8c6b5b557f/flate2-1.1.9/src/lib.rs --error-format=json --json=diagnostic-rendered-ansi,artifacts,future-incompat --crate-type lib --emit=dep-info,metadata,link -C opt-level=2 -C embed-bitcode=no -C debuginfo=2 -C debug-assertions=on --cfg 'feature="any_impl"' --cfg 'feature="default"' --cfg 'feature="miniz_oxide"' --cfg 'feature="rust_backend"' --check-cfg 'cfg(docsrs,test)' --check-cfg 'cfg(feature, values("any_c_zlib", "any_impl", "any_zlib", "cloudflare-zlib-sys", "cloudflare_zlib", "default", "document-features", "libz-ng-sys", "libz-sys", "miniz-sys", "miniz_oxide", "rust_backend", "zlib", "zlib-default", "zlib-ng", "zlib-ng-compat", "zlib-rs"))' -C metadata=ce041097492b1907 -C extra-filename=-b508257c35b916cf --out-dir /home/runner/work/streamify-apk/streamify-apk/rust/target/debug/deps -L dependency=/home/runner/work/streamify-apk/streamify-apk/rust/target/debug/deps --extern crc32fast=/home/runner/work/streamify-apk/streamify-apk/rust/target/debug/deps/libcrc32fast-1d401917af0dbb47.rmeta --extern miniz_oxide=/home/runner/work/streamify-apk/streamify-apk/rust/target/debug/deps/libminiz_oxide-0241c0916651c81d.rmeta --cap-lints allow`
[1m[92m     Running[0m `/home/runner/work/streamify-apk/streamify-apk/rust/target/debug/build/curve25519-dalek-97d246befb53894e/build-script-build`
[1m[92m     Running[0m `/home/runner/.rustup/toolchains/stable-x86_64-unknown-linux-gnu/bin/rustc --crate-name serde_json --edition=2021 /home/runner/.cargo/registry/src/index.crates.io-1949cf8c6b5b557f/serde_json-1.0.151/src/lib.rs --error-format=json --json=diagnostic-rendered-ansi,artifacts,future-incompat --crate-type lib --emit=dep-info,metadata,link -C opt-level=2 -C embed-bitcode=no -C debuginfo=2 -C debug-assertions=on --cfg 'feature="default"' --cfg 'feature="std"' --check-cfg 'cfg(docsrs,test)' --check-cfg 'cfg(feature, values("alloc", "arbitrary_precision", "default", "float_roundtrip", "indexmap", "preserve_order", "raw_value", "std", "unbounded_depth"))' -C metadata=514e2fcda88513c9 -C extra-filename=-b4b88ded9137a386 --out-dir /home/runner/work/streamify-apk/streamify-apk/rust/target/debug/deps -L dependency=/home/runner/work/streamify-apk/streamify-apk/rust/target/debug/deps --extern itoa=/home/runner/work/streamify-apk/streamify-apk/rust/target/debug/deps/libitoa-19d593059ff98fd4.rmeta --extern memchr=/home/runner/work/streamify-apk/streamify-apk/rust/target/debug/deps/libmemchr-234fa93bdde1b62e.rmeta --extern serde_core=/home/runner/work/streamify-apk/streamify-apk/rust/target/debug/deps/libserde_core-112996c6bc2906ff.rmeta --extern zmij=/home/runner/work/streamify-apk/streamify-apk/rust/target/debug/deps/libzmij-baf2dea67f325c5f.rmeta --cap-lints allow --cfg 'fast_arithmetic="64"' --check-cfg 'cfg(fast_arithmetic, values("32", "64"))'`
[1m[92m   Compiling[0m hashbrown v0.14.5
[1m[92m     Running[0m `/home/runner/.rustup/toolchains/stable-x86_64-unknown-linux-gnu/bin/rustc --crate-name hashbrown --edition=2021 /home/runner/.cargo/registry/src/index.crates.io-1949cf8c6b5b557f/hashbrown-0.14.5/src/lib.rs --error-format=json --json=diagnostic-rendered-ansi,artifacts,future-incompat --crate-type lib --emit=dep-info,metadata,link -C opt-level=2 -C embed-bitcode=no -C debuginfo=2 -C debug-assertions=on --cfg 'feature="ahash"' --cfg 'feature="inline-more"' --check-cfg 'cfg(docsrs,test)' --check-cfg 'cfg(feature, values("ahash", "alloc", "allocator-api2", "compiler_builtins", "core", "default", "equivalent", "inline-more", "nightly", "raw", "rayon", "rkyv", "rustc-dep-of-std", "rustc-internal-api", "serde"))' -C metadata=fd891f35f7665651 -C extra-filename=-96c462f0c13eec68 --out-dir /home/runner/work/streamify-apk/streamify-apk/rust/target/debug/deps -L dependency=/home/runner/work/streamify-apk/streamify-apk/rust/target/debug/deps --extern ahash=/home/runner/work/streamify-apk/streamify-apk/rust/target/debug/deps/libahash-21a1eaae76571794.rmeta --cap-lints allow`
[1m[92m     Running[0m `/home/runner/work/streamify-apk/streamify-apk/rust/target/debug/build/libsqlite3-sys-bf5c4b6e50ec3569/build-script-build`
[1m[92m   Compiling[0m tokio-rustls v0.26.4
[1m[92m     Running[0m `/home/runner/.rustup/toolchains/stable-x86_64-unknown-linux-gnu/bin/rustc --crate-name tokio_rustls --edition=2021 /home/runner/.cargo/registry/src/index.crates.io-1949cf8c6b5b557f/tokio-rustls-0.26.4/src/lib.rs --error-format=json --json=diagnostic-rendered-ansi,artifacts,future-incompat --crate-type lib --emit=dep-info,metadata,link -C opt-level=2 -C embed-bitcode=no -C debuginfo=2 -C debug-assertions=on --cfg 'feature="ring"' --cfg 'feature="tls12"' --check-cfg 'cfg(docsrs,test)' --check-cfg 'cfg(feature, values("aws-lc-rs", "aws_lc_rs", "brotli", "default", "early-data", "fips", "logging", "ring", "tls12", "zlib"))' -C metadata=5bc41520cc3f8d02 -C extra-filename=-c619a2a6a998711a --out-dir /home/runner/work/streamify-apk/streamify-apk/rust/target/debug/deps -L dependency=/home/runner/work/streamify-apk/streamify-apk/rust/target/debug/deps --extern rustls=/home/runner/work/streamify-apk/streamify-apk/rust/target/debug/deps/librustls-53d2dd400e3ad163.rmeta --extern tokio=/home/runner/work/streamify-apk/streamify-apk/rust/target/debug/deps/libtokio-f3f08a9dc134f869.rmeta --cap-lints allow -L native=/home/runner/work/streamify-apk/streamify-apk/rust/target/debug/build/ring-a78f537f7e173377/out`
[1m[92m   Compiling[0m ppv-lite86 v0.2.21
[1m[92m     Running[0m `/home/runner/.rustup/toolchains/stable-x86_64-unknown-linux-gnu/bin/rustc --crate-name ppv_lite86 --edition=2021 /home/runner/.cargo/registry/src/index.crates.io-1949cf8c6b5b557f/ppv-lite86-0.2.21/src/lib.rs --error-format=json --json=diagnostic-rendered-ansi,artifacts,future-incompat --crate-type lib --emit=dep-info,metadata,link -C opt-level=2 -C embed-bitcode=no -C debuginfo=2 -C debug-assertions=on --cfg 'feature="simd"' --cfg 'feature="std"' --check-cfg 'cfg(docsrs,test)' --check-cfg 'cfg(feature, values("default", "no_simd", "simd", "std"))' -C metadata=fad1311c77032045 -C extra-filename=-92392892c18e509a --out-dir /home/runner/work/streamify-apk/streamify-apk/rust/target/debug/deps -L dependency=/home/runner/work/streamify-apk/streamify-apk/rust/target/debug/deps --extern zerocopy=/home/runner/work/streamify-apk/streamify-apk/rust/target/debug/deps/libzerocopy-99b9fbed14caaedb.rmeta --cap-lints allow`
[1m[92m   Compiling[0m aho-corasick v1.1.5
[1m[92m     Running[0m `/home/runner/.rustup/toolchains/stable-x86_64-unknown-linux-gnu/bin/rustc --crate-name aho_corasick --edition=2021 /home/runner/.cargo/registry/src/index.crates.io-1949cf8c6b5b557f/aho-corasick-1.1.5/src/lib.rs --error-format=json --json=diagnostic-rendered-ansi,artifacts,future-incompat --crate-type lib --emit=dep-info,metadata,link -C opt-level=2 -C embed-bitcode=no -C debuginfo=2 -C debug-assertions=on --cfg 'feature="perf-literal"' --cfg 'feature="std"' --check-cfg 'cfg(docsrs,test)' --check-cfg 'cfg(feature, values("default", "logging", "perf-literal", "std"))' -C metadata=e5bd9827bf5989c3 -C extra-filename=-538db78b0731f5f0 --out-dir /home/runner/work/streamify-apk/streamify-apk/rust/target/debug/deps -L dependency=/home/runner/work/streamify-apk/streamify-apk/rust/target/debug/deps --extern memchr=/home/runner/work/streamify-apk/streamify-apk/rust/target/debug/deps/libmemchr-234fa93bdde1b62e.rmeta --cap-lints allow`
[1m[92m   Compiling[0m curve25519-dalek-derive v0.1.1
[1m[92m     Running[0m `/home/runner/.rustup/toolchains/stable-x86_64-unknown-linux-gnu/bin/rustc --crate-name curve25519_dalek_derive --edition=2021 /home/runner/.cargo/registry/src/index.crates.io-1949cf8c6b5b557f/curve25519-dalek-derive-0.1.1/src/lib.rs --error-format=json --json=diagnostic-rendered-ansi,artifacts,future-incompat --crate-type proc-macro --emit=dep-info,link -C prefer-dynamic -C embed-bitcode=no --check-cfg 'cfg(docsrs,test)' --check-cfg 'cfg(feature, values())' -C metadata=0804f00833822bbc -C extra-filename=-acc7aade4b0c66a7 --out-dir /home/runner/work/streamify-apk/streamify-apk/rust/target/debug/deps -L dependency=/home/runner/work/streamify-apk/streamify-apk/rust/target/debug/deps --extern proc_macro2=/home/runner/work/streamify-apk/streamify-apk/rust/target/debug/deps/libproc_macro2-e8299e9da2515a61.rlib --extern quote=/home/runner/work/streamify-apk/streamify-apk/rust/target/debug/deps/libquote-a91d24f1712c74bd.rlib --extern syn=/home/runner/work/streamify-apk/streamify-apk/rust/target/debug/deps/libsyn-dd97d8155b655bc9.rlib --extern proc_macro --cap-lints allow`
[1m[92m   Compiling[0m thiserror-impl v1.0.69
[1m[92m     Running[0m `/home/runner/.rustup/toolchains/stable-x86_64-unknown-linux-gnu/bin/rustc --crate-name thiserror_impl --edition=2021 /home/runner/.cargo/registry/src/index.crates.io-1949cf8c6b5b557f/thiserror-impl-1.0.69/src/lib.rs --error-format=json --json=diagnostic-rendered-ansi,artifacts,future-incompat --crate-type proc-macro --emit=dep-info,link -C prefer-dynamic -C embed-bitcode=no --check-cfg 'cfg(docsrs,test)' --check-cfg 'cfg(feature, values())' -C metadata=b3c3b9479d20202b -C extra-filename=-18b97dfbd59193a1 --out-dir /home/runner/work/streamify-apk/streamify-apk/rust/target/debug/deps -L dependency=/home/runner/work/streamify-apk/streamify-apk/rust/target/debug/deps --extern proc_macro2=/home/runner/work/streamify-apk/streamify-apk/rust/target/debug/deps/libproc_macro2-e8299e9da2515a61.rlib --extern quote=/home/runner/work/streamify-apk/streamify-apk/rust/target/debug/deps/libquote-a91d24f1712c74bd.rlib --extern syn=/home/runner/work/streamify-apk/streamify-apk/rust/target/debug/deps/libsyn-dd97d8155b655bc9.rlib --extern proc_macro --cap-lints allow`
[1m[92m   Compiling[0m universal-hash v0.5.1
[1m[92m     Running[0m `/home/runner/.rustup/toolchains/stable-x86_64-unknown-linux-gnu/bin/rustc --crate-name universal_hash --edition=2021 /home/runner/.cargo/registry/src/index.crates.io-1949cf8c6b5b557f/universal-hash-0.5.1/src/lib.rs --error-format=json --json=diagnostic-rendered-ansi,artifacts,future-incompat --crate-type lib --emit=dep-info,metadata,link -C opt-level=2 -C embed-bitcode=no -C debuginfo=2 -C debug-assertions=on --check-cfg 'cfg(docsrs,test)' --check-cfg 'cfg(feature, values("std"))' -C metadata=e0d327dee0b7c2fa -C extra-filename=-d5cda8b89863f83a --out-dir /home/runner/work/streamify-apk/streamify-apk/rust/target/debug/deps -L dependency=/home/runner/work/streamify-apk/streamify-apk/rust/target/debug/deps --extern crypto_common=/home/runner/work/streamify-apk/streamify-apk/rust/target/debug/deps/libcrypto_common-4db9101f341c889d.rmeta --extern subtle=/home/runner/work/streamify-apk/streamify-apk/rust/target/debug/deps/libsubtle-2f87dd0d373f35ff.rmeta --cap-lints allow`
[1m[92m   Compiling[0m blake3 v1.8.7
[1m[92m     Running[0m `/home/runner/.rustup/toolchains/stable-x86_64-unknown-linux-gnu/bin/rustc --crate-name build_script_build --edition=2024 /home/runner/.cargo/registry/src/index.crates.io-1949cf8c6b5b557f/blake3-1.8.7/build.rs --error-format=json --json=diagnostic-rendered-ansi,artifacts,future-incompat --crate-type bin --emit=dep-info,link -C embed-bitcode=no --cfg 'feature="default"' --cfg 'feature="std"' --check-cfg 'cfg(docsrs,test)' --check-cfg 'cfg(feature, values("default", "digest", "mmap", "neon", "no_avx2", "no_avx512", "no_neon", "no_sse2", "no_sse41", "prefer_intrinsics", "pure", "rayon", "serde", "std", "traits-preview", "wasm32_simd", "zeroize"))' -C metadata=08584ba4d84d3023 -C extra-filename=-5e2c475e0feb27ad --out-dir /home/runner/work/streamify-apk/streamify-apk/rust/target/debug/build/blake3-5e2c475e0feb27ad -L dependency=/home/runner/work/streamify-apk/streamify-apk/rust/target/debug/deps --extern cc=/home/runner/work/streamify-apk/streamify-apk/rust/target/debug/deps/libcc-5bcc5bd787eac41c.rlib --cap-lints allow`
[1m[92m   Compiling[0m ryu v1.0.23
[1m[92m     Running[0m `/home/runner/.rustup/toolchains/stable-x86_64-unknown-linux-gnu/bin/rustc --crate-name ryu --edition=2021 /home/runner/.cargo/registry/src/index.crates.io-1949cf8c6b5b557f/ryu-1.0.23/src/lib.rs --error-format=json --json=diagnostic-rendered-ansi,artifacts,future-incompat --crate-type lib --emit=dep-info,metadata,link -C opt-level=2 -C embed-bitcode=no -C debuginfo=2 -C debug-assertions=on --check-cfg 'cfg(docsrs,test)' --check-cfg 'cfg(feature, values("no-panic", "small"))' -C metadata=c7a4f5a77d40f128 -C extra-filename=-4a5c917d2b0e15a5 --out-dir /home/runner/work/streamify-apk/streamify-apk/rust/target/debug/deps -L dependency=/home/runner/work/streamify-apk/streamify-apk/rust/target/debug/deps --cap-lints allow`
[1m[92m   Compiling[0m getrandom v0.4.3
[1m[92m     Running[0m `/home/runner/.rustup/toolchains/stable-x86_64-unknown-linux-gnu/bin/rustc --crate-name build_script_build --edition=2024 /home/runner/.cargo/registry/src/index.crates.io-1949cf8c6b5b557f/getrandom-0.4.3/build.rs --error-format=json --json=diagnostic-rendered-ansi,artifacts,future-incompat --crate-type bin --emit=dep-info,link -C embed-bitcode=no --check-cfg 'cfg(docsrs,test)' --check-cfg 'cfg(feature, values("std", "sys_rng", "wasm_js"))' -C metadata=93a56c88ac6cb875 -C extra-filename=-55483aa63909d659 --out-dir /home/runner/work/streamify-apk/streamify-apk/rust/target/debug/build/getrandom-55483aa63909d659 -L dependency=/home/runner/work/streamify-apk/streamify-apk/rust/target/debug/deps --cap-lints allow`
[1m[92m   Compiling[0m rustix v1.1.4
[1m[92m     Running[0m `/home/runner/.rustup/toolchains/stable-x86_64-unknown-linux-gnu/bin/rustc --crate-name build_script_build --edition=2021 /home/runner/.cargo/registry/src/index.crates.io-1949cf8c6b5b557f/rustix-1.1.4/build.rs --error-format=json --json=diagnostic-rendered-ansi,artifacts,future-incompat --crate-type bin --emit=dep-info,link -C embed-bitcode=no --cfg 'feature="alloc"' --cfg 'feature="default"' --cfg 'feature="fs"' --cfg 'feature="std"' --check-cfg 'cfg(docsrs,test)' --check-cfg 'cfg(feature, values("all-apis", "alloc", "core", "default", "event", "fs", "io_uring", "libc", "libc_errno", "linux_4_11", "linux_5_1", "linux_5_11", "linux_latest", "mm", "mount", "net", "param", "pipe", "process", "pty", "rand", "runtime", "rustc-dep-of-std", "rustc-std-workspace-alloc", "shm", "std", "stdio", "system", "termios", "thread", "time", "try_close", "use-explicitly-provided-auxv", "use-libc", "use-libc-auxv"))' -C metadata=c5619a80c1258938 -C extra-filename=-948216360ded8bf1 --out-dir /home/runner/work/streamify-apk/streamify-apk/rust/target/debug/build/rustix-948216360ded8bf1 -L dependency=/home/runner/work/streamify-apk/streamify-apk/rust/target/debug/deps --cap-lints allow`
[1m[92m   Compiling[0m byteorder v1.5.0
[1m[92m     Running[0m `/home/runner/.rustup/toolchains/stable-x86_64-unknown-linux-gnu/bin/rustc --crate-name byteorder --edition=2021 /home/runner/.cargo/registry/src/index.crates.io-1949cf8c6b5b557f/byteorder-1.5.0/src/lib.rs --error-format=json --json=diagnostic-rendered-ansi,artifacts,future-incompat --crate-type lib --emit=dep-info,metadata,link -C opt-level=2 -C embed-bitcode=no -C debuginfo=2 -C debug-assertions=on --cfg 'feature="default"' --cfg 'feature="std"' --check-cfg 'cfg(docsrs,test)' --check-cfg 'cfg(feature, values("default", "i128", "std"))' -C metadata=68287ac83fa91f80 -C extra-filename=-5ba677910d337069 --out-dir /home/runner/work/streamify-apk/streamify-apk/rust/target/debug/deps -L dependency=/home/runner/work/streamify-apk/streamify-apk/rust/target/debug/deps --cap-lints allow`
[1m[92m   Compiling[0m signature v2.2.0
[1m[92m     Running[0m `/home/runner/.rustup/toolchains/stable-x86_64-unknown-linux-gnu/bin/rustc --crate-name signature --edition=2021 /home/runner/.cargo/registry/src/index.crates.io-1949cf8c6b5b557f/signature-2.2.0/src/lib.rs --error-format=json --json=diagnostic-rendered-ansi,artifacts,future-incompat --crate-type lib --emit=dep-info,metadata,link -C opt-level=2 -C embed-bitcode=no -C debuginfo=2 -C debug-assertions=on --cfg 'feature="alloc"' --cfg 'feature="std"' --check-cfg 'cfg(docsrs,test)' --check-cfg 'cfg(feature, values("alloc", "derive", "digest", "rand_core", "std"))' -C metadata=8ff24f2777d51a21 -C extra-filename=-b4939f148b2c386d --out-dir /home/runner/work/streamify-apk/streamify-apk/rust/target/debug/deps -L dependency=/home/runner/work/streamify-apk/streamify-apk/rust/target/debug/deps --cap-lints allow`
[1m[92m   Compiling[0m opaque-debug v0.3.1
[1m[92m     Running[0m `/home/runner/.rustup/toolchains/stable-x86_64-unknown-linux-gnu/bin/rustc --crate-name opaque_debug --edition=2018 /home/runner/.cargo/registry/src/index.crates.io-1949cf8c6b5b557f/opaque-debug-0.3.1/src/lib.rs --error-format=json --json=diagnostic-rendered-ansi,artifacts,future-incompat --crate-type lib --emit=dep-info,metadata,link -C opt-level=2 -C embed-bitcode=no -C debuginfo=2 -C debug-assertions=on --check-cfg 'cfg(docsrs,test)' --check-cfg 'cfg(feature, values())' -C metadata=d73279a064438e80 -C extra-filename=-6c7364a228affa96 --out-dir /home/runner/work/streamify-apk/streamify-apk/rust/target/debug/deps -L dependency=/home/runner/work/streamify-apk/streamify-apk/rust/target/debug/deps --cap-lints allow`
[1m[92m   Compiling[0m regex-syntax v0.8.11
[1m[92m     Running[0m `/home/runner/.rustup/toolchains/stable-x86_64-unknown-linux-gnu/bin/rustc --crate-name regex_syntax --edition=2021 /home/runner/.cargo/registry/src/index.crates.io-1949cf8c6b5b557f/regex-syntax-0.8.11/src/lib.rs --error-format=json --json=diagnostic-rendered-ansi,artifacts,future-incompat --crate-type lib --emit=dep-info,metadata,link -C opt-level=2 -C embed-bitcode=no -C debuginfo=2 -C debug-assertions=on --cfg 'feature="default"' --cfg 'feature="std"' --cfg 'feature="unicode"' --cfg 'feature="unicode-age"' --cfg 'feature="unicode-bool"' --cfg 'feature="unicode-case"' --cfg 'feature="unicode-gencat"' --cfg 'feature="unicode-perl"' --cfg 'feature="unicode-script"' --cfg 'feature="unicode-segment"' --check-cfg 'cfg(docsrs,test)' --check-cfg 'cfg(feature, values("arbitrary", "default", "std", "unicode", "unicode-age", "unicode-bool", "unicode-case", "unicode-gencat", "unicode-perl", "unicode-script", "unicode-segment"))' -C metadata=81e35bb4d00cba2e -C extra-filename=-3bb7e78dfa83aec6 --out-dir /home/runner/work/streamify-apk/streamify-apk/rust/target/debug/deps -L dependency=/home/runner/work/streamify-apk/streamify-apk/rust/target/debug/deps --cap-lints allow`
[1m[92m   Compiling[0m regex-automata v0.4.18
[1m[92m     Running[0m `/home/runner/.rustup/toolchains/stable-x86_64-unknown-linux-gnu/bin/rustc --crate-name regex_automata --edition=2021 /home/runner/.cargo/registry/src/index.crates.io-1949cf8c6b5b557f/regex-automata-0.4.18/src/lib.rs --error-format=json --json=diagnostic-rendered-ansi,artifacts,future-incompat --crate-type lib --emit=dep-info,metadata,link -C opt-level=2 -C embed-bitcode=no -C debuginfo=2 -C debug-assertions=on --cfg 'feature="alloc"' --cfg 'feature="dfa-onepass"' --cfg 'feature="hybrid"' --cfg 'feature="meta"' --cfg 'feature="nfa-backtrack"' --cfg 'feature="nfa-pikevm"' --cfg 'feature="nfa-thompson"' --cfg 'feature="perf-inline"' --cfg 'feature="perf-literal"' --cfg 'feature="perf-literal-multisubstring"' --cfg 'feature="perf-literal-substring"' --cfg 'feature="std"' --cfg 'feature="syntax"' --cfg 'feature="unicode"' --cfg 'feature="unicode-age"' --cfg 'feature="unicode-bool"' --cfg 'feature="unicode-case"' --cfg 'feature="unicode-gencat"' --cfg 'feature="unicode-perl"' --cfg 'feature="unicode-script"' --cfg 'feature="unicode-segment"' --cfg 'feature="unicode-word-boundary"' --check-cfg 'cfg(docsrs,test)' --check-cfg 'cfg(feature, values("alloc", "default", "dfa", "dfa-build", "dfa-onepass", "dfa-search", "hybrid", "internal-instrument", "internal-instrument-pikevm", "logging", "meta", "nfa", "nfa-backtrack", "nfa-pikevm", "nfa-thompson", "perf", "perf-inline", "perf-literal", "perf-literal-multisubstring", "perf-literal-substring", "std", "syntax", "unicode", "unicode-age", "unicode-bool", "unicode-case", "unicode-gencat", "unicode-perl", "unicode-script", "unicode-segment", "unicode-word-boundary"))' -C metadata=05c153b7c372a51e -C extra-filename=-34ff8c43c01476f4 --out-dir /home/runner/work/streamify-apk/streamify-apk/rust/target/debug/deps -L dependency=/home/runner/work/streamify-apk/streamify-apk/rust/target/debug/deps --extern aho_corasick=/home/runner/work/streamify-apk/streamify-apk/rust/target/debug/deps/libaho_corasick-538db78b0731f5f0.rmeta --extern memchr=/home/runner/work/streamify-apk/streamify-apk/rust/target/debug/deps/libmemchr-234fa93bdde1b62e.rmeta --extern regex_syntax=/home/runner/work/streamify-apk/streamify-apk/rust/target/debug/deps/libregex_syntax-3bb7e78dfa83aec6.rmeta --cap-lints allow`
[1m[92m   Compiling[0m poly1305 v0.8.0
[1m[92m     Running[0m `/home/runner/.rustup/toolchains/stable-x86_64-unknown-linux-gnu/bin/rustc --crate-name poly1305 --edition=2021 /home/runner/.cargo/registry/src/index.crates.io-1949cf8c6b5b557f/poly1305-0.8.0/src/lib.rs --error-format=json --json=diagnostic-rendered-ansi,artifacts,future-incompat --crate-type lib --emit=dep-info,metadata,link -C opt-level=2 -C embed-bitcode=no -C debuginfo=2 -C debug-assertions=on --check-cfg 'cfg(docsrs,test)' --check-cfg 'cfg(feature, values("std", "zeroize"))' -C metadata=20ede2626b47394b -C extra-filename=-a06c5250fb70dd65 --out-dir /home/runner/work/streamify-apk/streamify-apk/rust/target/debug/deps -L dependency=/home/runner/work/streamify-apk/streamify-apk/rust/target/debug/deps --extern cpufeatures=/home/runner/work/streamify-apk/streamify-apk/rust/target/debug/deps/libcpufeatures-bd45abd9c403b027.rmeta --extern opaque_debug=/home/runner/work/streamify-apk/streamify-apk/rust/target/debug/deps/libopaque_debug-6c7364a228affa96.rmeta --extern universal_hash=/home/runner/work/streamify-apk/streamify-apk/rust/target/debug/deps/libuniversal_hash-d5cda8b89863f83a.rmeta --cap-lints allow`
[1m[92m   Compiling[0m ed25519 v2.2.3
[1m[92m     Running[0m `/home/runner/.rustup/toolchains/stable-x86_64-unknown-linux-gnu/bin/rustc --crate-name ed25519 --edition=2021 /home/runner/.cargo/registry/src/index.crates.io-1949cf8c6b5b557f/ed25519-2.2.3/src/lib.rs --error-format=json --json=diagnostic-rendered-ansi,artifacts,future-incompat --crate-type lib --emit=dep-info,metadata,link -C opt-level=2 -C embed-bitcode=no -C debuginfo=2 -C debug-assertions=on --cfg 'feature="alloc"' --cfg 'feature="std"' --check-cfg 'cfg(docsrs,test)' --check-cfg 'cfg(feature, values("alloc", "default", "pem", "pkcs8", "serde", "serde_bytes", "std", "zeroize"))' -C metadata=a2d74a8939f36d71 -C extra-filename=-a2f7ebd23f13c3b5 --out-dir /home/runner/work/streamify-apk/streamify-apk/rust/target/debug/deps -L dependency=/home/runner/work/streamify-apk/streamify-apk/rust/target/debug/deps --extern signature=/home/runner/work/streamify-apk/streamify-apk/rust/target/debug/deps/libsignature-b4939f148b2c386d.rmeta --cap-lints allow`
[1m[92m   Compiling[0m ogg_pager v0.6.1
[1m[92m     Running[0m `/home/runner/.rustup/toolchains/stable-x86_64-unknown-linux-gnu/bin/rustc --crate-name ogg_pager --edition=2021 /home/runner/.cargo/registry/src/index.crates.io-1949cf8c6b5b557f/ogg_pager-0.6.1/src/lib.rs --error-format=json --json=diagnostic-rendered-ansi,artifacts,future-incompat --crate-type lib --emit=dep-info,metadata,link -C opt-level=2 -C embed-bitcode=no -C debuginfo=2 -C debug-assertions=on --check-cfg 'cfg(docsrs,test)' --check-cfg 'cfg(feature, values())' -C metadata=dd38ad8e6da88050 -C extra-filename=-7422f36e22b6cdd2 --out-dir /home/runner/work/streamify-apk/streamify-apk/rust/target/debug/deps -L dependency=/home/runner/work/streamify-apk/streamify-apk/rust/target/debug/deps --extern byteorder=/home/runner/work/streamify-apk/streamify-apk/rust/target/debug/deps/libbyteorder-5ba677910d337069.rmeta --cap-lints allow`
[1m[92m     Running[0m `/home/runner/work/streamify-apk/streamify-apk/rust/target/debug/build/rustix-948216360ded8bf1/build-script-build`
[1m[92m     Running[0m `/home/runner/work/streamify-apk/streamify-apk/rust/target/debug/build/getrandom-55483aa63909d659/build-script-build`
[1m[92m   Compiling[0m serde_urlencoded v0.7.1
[1m[92m     Running[0m `/home/runner/.rustup/toolchains/stable-x86_64-unknown-linux-gnu/bin/rustc --crate-name serde_urlencoded --edition=2018 /home/runner/.cargo/registry/src/index.crates.io-1949cf8c6b5b557f/serde_urlencoded-0.7.1/src/lib.rs --error-format=json --json=diagnostic-rendered-ansi,artifacts,future-incompat --crate-type lib --emit=dep-info,metadata,link -C opt-level=2 -C embed-bitcode=no -C debuginfo=2 -C debug-assertions=on --check-cfg 'cfg(docsrs,test)' --check-cfg 'cfg(feature, values())' -C metadata=6e57850c62a4f325 -C extra-filename=-0003d65a1024d3f0 --out-dir /home/runner/work/streamify-apk/streamify-apk/rust/target/debug/deps -L dependency=/home/runner/work/streamify-apk/streamify-apk/rust/target/debug/deps --extern form_urlencoded=/home/runner/work/streamify-apk/streamify-apk/rust/target/debug/deps/libform_urlencoded-64b3f789f725e25a.rmeta --extern itoa=/home/runner/work/streamify-apk/streamify-apk/rust/target/debug/deps/libitoa-19d593059ff98fd4.rmeta --extern ryu=/home/runner/work/streamify-apk/streamify-apk/rust/target/debug/deps/libryu-4a5c917d2b0e15a5.rmeta --extern serde=/home/runner/work/streamify-apk/streamify-apk/rust/target/debug/deps/libserde-060eb889817c8306.rmeta --cap-lints allow`
[1m[92m     Running[0m `/home/runner/work/streamify-apk/streamify-apk/rust/target/debug/build/blake3-5e2c475e0feb27ad/build-script-build`
[1m[92m     Running[0m `/home/runner/.rustup/toolchains/stable-x86_64-unknown-linux-gnu/bin/rustc --crate-name thiserror --edition=2021 /home/runner/.cargo/registry/src/index.crates.io-1949cf8c6b5b557f/thiserror-1.0.69/src/lib.rs --error-format=json --json=diagnostic-rendered-ansi,artifacts,future-incompat --crate-type lib --emit=dep-info,metadata,link -C opt-level=2 -C embed-bitcode=no -C debuginfo=2 -C debug-assertions=on --check-cfg 'cfg(docsrs,test)' --check-cfg 'cfg(feature, values())' -C metadata=ebe7e1d1df63645e -C extra-filename=-cd1318035f87f953 --out-dir /home/runner/work/streamify-apk/streamify-apk/rust/target/debug/deps -L dependency=/home/runner/work/streamify-apk/streamify-apk/rust/target/debug/deps --extern thiserror_impl=/home/runner/work/streamify-apk/streamify-apk/rust/target/debug/deps/libthiserror_impl-18b97dfbd59193a1.so --cap-lints allow --check-cfg 'cfg(error_generic_member_access)' --check-cfg 'cfg(thiserror_nightly_testing)'`
[1m[92m     Running[0m `/home/runner/.rustup/toolchains/stable-x86_64-unknown-linux-gnu/bin/rustc --crate-name curve25519_dalek --edition=2021 /home/runner/.cargo/registry/src/index.crates.io-1949cf8c6b5b557f/curve25519-dalek-4.1.3/src/lib.rs --error-format=json --json=diagnostic-rendered-ansi,artifacts,future-incompat --crate-type lib --emit=dep-info,metadata,link -C opt-level=2 -C embed-bitcode=no -C debuginfo=2 -C debug-assertions=on --cfg 'feature="alloc"' --cfg 'feature="digest"' --cfg 'feature="precomputed-tables"' --cfg 'feature="zeroize"' --check-cfg 'cfg(docsrs,test)' --check-cfg 'cfg(feature, values("alloc", "default", "digest", "ff", "group", "group-bits", "legacy_compatibility", "precomputed-tables", "rand_core", "serde", "zeroize"))' -C metadata=45db8b2dd2dde4c8 -C extra-filename=-16f7215536ea41bc --out-dir /home/runner/work/streamify-apk/streamify-apk/rust/target/debug/deps -L dependency=/home/runner/work/streamify-apk/streamify-apk/rust/target/debug/deps --extern cfg_if=/home/runner/work/streamify-apk/streamify-apk/rust/target/debug/deps/libcfg_if-f10dd018f5572444.rmeta --extern cpufeatures=/home/runner/work/streamify-apk/streamify-apk/rust/target/debug/deps/libcpufeatures-bd45abd9c403b027.rmeta --extern curve25519_dalek_derive=/home/runner/work/streamify-apk/streamify-apk/rust/target/debug/deps/libcurve25519_dalek_derive-acc7aade4b0c66a7.so --extern digest=/home/runner/work/streamify-apk/streamify-apk/rust/target/debug/deps/libdigest-d75a8021182e0a09.rmeta --extern subtle=/home/runner/work/streamify-apk/streamify-apk/rust/target/debug/deps/libsubtle-2f87dd0d373f35ff.rmeta --extern zeroize=/home/runner/work/streamify-apk/streamify-apk/rust/target/debug/deps/libzeroize-a52dc9e59edbbd8a.rmeta --cap-lints allow --cfg 'curve25519_dalek_bits="64"' --cfg 'curve25519_dalek_backend="simd"'`
[1m[92m   Compiling[0m rand_chacha v0.3.1
[1m[92m     Running[0m `/home/runner/.rustup/toolchains/stable-x86_64-unknown-linux-gnu/bin/rustc --crate-name rand_chacha --edition=2018 /home/runner/.cargo/registry/src/index.crates.io-1949cf8c6b5b557f/rand_chacha-0.3.1/src/lib.rs --error-format=json --json=diagnostic-rendered-ansi,artifacts,future-incompat --crate-type lib --emit=dep-info,metadata,link -C opt-level=2 -C embed-bitcode=no -C debuginfo=2 -C debug-assertions=on --cfg 'feature="std"' --check-cfg 'cfg(docsrs,test)' --check-cfg 'cfg(feature, values("default", "serde", "serde1", "simd", "std"))' -C metadata=8e35c4b2c21358f0 -C extra-filename=-ddd42324bfe24e43 --out-dir /home/runner/work/streamify-apk/streamify-apk/rust/target/debug/deps -L dependency=/home/runner/work/streamify-apk/streamify-apk/rust/target/debug/deps --extern ppv_lite86=/home/runner/work/streamify-apk/streamify-apk/rust/target/debug/deps/libppv_lite86-92392892c18e509a.rmeta --extern rand_core=/home/runner/work/streamify-apk/streamify-apk/rust/target/debug/deps/librand_core-c0972f3630649741.rmeta --cap-lints allow`
[1m[92m   Compiling[0m hyper-rustls v0.27.9
[1m[92m     Running[0m `/home/runner/.rustup/toolchains/stable-x86_64-unknown-linux-gnu/bin/rustc --crate-name hyper_rustls --edition=2021 /home/runner/.cargo/registry/src/index.crates.io-1949cf8c6b5b557f/hyper-rustls-0.27.9/src/lib.rs --error-format=json --json=diagnostic-rendered-ansi,artifacts,future-incompat --crate-type lib --emit=dep-info,metadata,link -C opt-level=2 -C embed-bitcode=no -C debuginfo=2 -C debug-assertions=on --cfg 'feature="http1"' --cfg 'feature="ring"' --cfg 'feature="tls12"' --cfg 'feature="webpki-roots"' --cfg 'feature="webpki-tokio"' --check-cfg 'cfg(docsrs,test)' --check-cfg 'cfg(feature, values("aws-lc-rs", "default", "fips", "http1", "http2", "log", "logging", "native-tokio", "ring", "rustls-native-certs", "rustls-platform-verifier", "tls12", "webpki-roots", "webpki-tokio"))' -C metadata=9446b7cae3677420 -C extra-filename=-f154800d459714a4 --out-dir /home/runner/work/streamify-apk/streamify-apk/rust/target/debug/deps -L dependency=/home/runner/work/streamify-apk/streamify-apk/rust/target/debug/deps --extern http=/home/runner/work/streamify-apk/streamify-apk/rust/target/debug/deps/libhttp-5d29af6cf58ca999.rmeta --extern hyper=/home/runner/work/streamify-apk/streamify-apk/rust/target/debug/deps/libhyper-ea9fdeff49a5d3ef.rmeta --extern hyper_util=/home/runner/work/streamify-apk/streamify-apk/rust/target/debug/deps/libhyper_util-1189ef46a80e1c0d.rmeta --extern rustls=/home/runner/work/streamify-apk/streamify-apk/rust/target/debug/deps/librustls-53d2dd400e3ad163.rmeta --extern tokio=/home/runner/work/streamify-apk/streamify-apk/rust/target/debug/deps/libtokio-f3f08a9dc134f869.rmeta --extern tokio_rustls=/home/runner/work/streamify-apk/streamify-apk/rust/target/debug/deps/libtokio_rustls-c619a2a6a998711a.rmeta --extern tower_service=/home/runner/work/streamify-apk/streamify-apk/rust/target/debug/deps/libtower_service-1472cf9652d79ef3.rmeta --extern webpki_roots=/home/runner/work/streamify-apk/streamify-apk/rust/target/debug/deps/libwebpki_roots-0296f08e170f3e84.rmeta --cap-lints allow -L native=/home/runner/work/streamify-apk/streamify-apk/rust/target/debug/build/ring-a78f537f7e173377/out`
[1m[92m   Compiling[0m hashlink v0.9.1
[1m[92m     Running[0m `/home/runner/.rustup/toolchains/stable-x86_64-unknown-linux-gnu/bin/rustc --crate-name hashlink --edition=2018 /home/runner/.cargo/registry/src/index.crates.io-1949cf8c6b5b557f/hashlink-0.9.1/src/lib.rs --error-format=json --json=diagnostic-rendered-ansi,artifacts,future-incompat --crate-type lib --emit=dep-info,metadata,link -C opt-level=2 -C embed-bitcode=no -C debuginfo=2 -C debug-assertions=on --check-cfg 'cfg(docsrs,test)' --check-cfg 'cfg(feature, values("serde", "serde_impl"))' -C metadata=a2e358046fa8c4f0 -C extra-filename=-9552461c3f501f3d --out-dir /home/runner/work/streamify-apk/streamify-apk/rust/target/debug/deps -L dependency=/home/runner/work/streamify-apk/streamify-apk/rust/target/debug/deps --extern hashbrown=/home/runner/work/streamify-apk/streamify-apk/rust/target/debug/deps/libhashbrown-96c462f0c13eec68.rmeta --cap-lints allow`
[1m[92m     Running[0m `/home/runner/.rustup/toolchains/stable-x86_64-unknown-linux-gnu/bin/rustc --crate-name jni_sys --edition=2021 /home/runner/.cargo/registry/src/index.crates.io-1949cf8c6b5b557f/jni-sys-0.3.1/src/lib.rs --error-format=json --json=diagnostic-rendered-ansi,artifacts,future-incompat --crate-type lib --emit=dep-info,metadata,link -C opt-level=2 -C embed-bitcode=no -C debuginfo=2 -C debug-assertions=on --cfg 'feature="default"' --check-cfg 'cfg(docsrs,test)' --check-cfg 'cfg(feature, values("default"))' -C metadata=8c4d15dcb6b0883d -C extra-filename=-1158ce4b58717600 --out-dir /home/runner/work/streamify-apk/streamify-apk/rust/target/debug/deps -L dependency=/home/runner/work/streamify-apk/streamify-apk/rust/target/debug/deps --extern jni_sys_04=/home/runner/work/streamify-apk/streamify-apk/rust/target/debug/deps/libjni_sys-86a9ff5e74e70ec0.rmeta --cap-lints allow --check-cfg 'cfg(jvm_linked)'`
[1m[92m   Compiling[0m chacha20 v0.9.1
[1m[92m     Running[0m `/home/runner/.rustup/toolchains/stable-x86_64-unknown-linux-gnu/bin/rustc --crate-name chacha20 --edition=2021 /home/runner/.cargo/registry/src/index.crates.io-1949cf8c6b5b557f/chacha20-0.9.1/src/lib.rs --error-format=json --json=diagnostic-rendered-ansi,artifacts,future-incompat --crate-type lib --emit=dep-info,metadata,link -C opt-level=2 -C embed-bitcode=no -C debuginfo=2 -C debug-assertions=on --cfg 'feature="zeroize"' --check-cfg 'cfg(docsrs,test)' --check-cfg 'cfg(feature, values("std", "zeroize"))' -C metadata=bb94c95e48340d76 -C extra-filename=-721849d58266c95b --out-dir /home/runner/work/streamify-apk/streamify-apk/rust/target/debug/deps -L dependency=/home/runner/work/streamify-apk/streamify-apk/rust/target/debug/deps --extern cfg_if=/home/runner/work/streamify-apk/streamify-apk/rust/target/debug/deps/libcfg_if-f10dd018f5572444.rmeta --extern cipher=/home/runner/work/streamify-apk/streamify-apk/rust/target/debug/deps/libcipher-a8f2a79396c491d0.rmeta --extern cpufeatures=/home/runner/work/streamify-apk/streamify-apk/rust/target/debug/deps/libcpufeatures-bd45abd9c403b027.rmeta --cap-lints allow`
[1m[92m   Compiling[0m tower-http v0.6.11
[1m[92m     Running[0m `/home/runner/.rustup/toolchains/stable-x86_64-unknown-linux-gnu/bin/rustc --crate-name tower_http --edition=2018 /home/runner/.cargo/registry/src/index.crates.io-1949cf8c6b5b557f/tower-http-0.6.11/src/lib.rs --error-format=json --json=diagnostic-rendered-ansi,artifacts,future-incompat --crate-type lib --emit=dep-info,metadata,link -C opt-level=2 -C embed-bitcode=no -C debuginfo=2 -C debug-assertions=on --cfg 'feature="follow-redirect"' --cfg 'feature="futures-util"' --cfg 'feature="tower"' --check-cfg 'cfg(docsrs,test)' --check-cfg 'cfg(feature, values("add-extension", "async-compression", "auth", "base64", "catch-panic", "compression-br", "compression-deflate", "compression-full", "compression-gzip", "compression-zstd", "cors", "decompression-br", "decompression-deflate", "decompression-full", "decompression-gzip", "decompression-zstd", "default", "follow-redirect", "fs", "full", "futures-core", "futures-util", "httpdate", "limit", "map-request-body", "map-response-body", "metrics", "mime", "mime_guess", "normalize-path", "on-early-drop", "percent-encoding", "propagate-header", "redirect", "request-id", "sensitive-headers", "set-header", "set-status", "timeout", "tokio", "tokio-util", "tower", "trace", "tracing", "util", "uuid", "validate-request"))' -C metadata=468a1db8cfdafb01 -C extra-filename=-8058dfd8fc22b477 --out-dir /home/runner/work/streamify-apk/streamify-apk/rust/target/debug/deps -L dependency=/home/runner/work/streamify-apk/streamify-apk/rust/target/debug/deps --extern bitflags=/home/runner/work/streamify-apk/streamify-apk/rust/target/debug/deps/libbitflags-de6695fd861a4697.rmeta --extern bytes=/home/runner/work/streamify-apk/streamify-apk/rust/target/debug/deps/libbytes-8e4646a5eb2f57d0.rmeta --extern futures_util=/home/runner/work/streamify-apk/streamify-apk/rust/target/debug/deps/libfutures_util-13f54dbc49b797ce.rmeta --extern http=/home/runner/work/streamify-apk/streamify-apk/rust/target/debug/deps/libhttp-5d29af6cf58ca999.rmeta --extern http_body=/home/runner/work/streamify-apk/streamify-apk/rust/target/debug/deps/libhttp_body-d4362751159a95a5.rmeta --extern pin_project_lite=/home/runner/work/streamify-apk/streamify-apk/rust/target/debug/deps/libpin_project_lite-a3e77d6b6448f65e.rmeta --extern tower=/home/runner/work/streamify-apk/streamify-apk/rust/target/debug/deps/libtower-80e28a779ee95fc3.rmeta --extern tower_layer=/home/runner/work/streamify-apk/streamify-apk/rust/target/debug/deps/libtower_layer-903196eb9d991b52.rmeta --extern tower_service=/home/runner/work/streamify-apk/streamify-apk/rust/target/debug/deps/libtower_service-1472cf9652d79ef3.rmeta --extern url=/home/runner/work/streamify-apk/streamify-apk/rust/target/debug/deps/liburl-5cdb56d7848aa508.rmeta --cap-lints allow`
[1m[92m     Running[0m `/home/runner/.rustup/toolchains/stable-x86_64-unknown-linux-gnu/bin/rustc --crate-name paste --edition=2018 /home/runner/.cargo/registry/src/index.crates.io-1949cf8c6b5b557f/paste-1.0.15/src/lib.rs --error-format=json --json=diagnostic-rendered-ansi,artifacts,future-incompat --crate-type proc-macro --emit=dep-info,link -C prefer-dynamic -C embed-bitcode=no --check-cfg 'cfg(docsrs,test)' --check-cfg 'cfg(feature, values())' -C metadata=8beeaf099c956ad8 -C extra-filename=-7bdc1f22b8e9fd67 --out-dir /home/runner/work/streamify-apk/streamify-apk/rust/target/debug/deps -L dependency=/home/runner/work/streamify-apk/streamify-apk/rust/target/debug/deps --extern proc_macro --cap-lints allow --check-cfg 'cfg(no_literal_fromstr)' --check-cfg 'cfg(feature, values("protocol_feature_paste"))'`
[1m[92m   Compiling[0m webpki-roots v0.26.11
[1m[92m     Running[0m `/home/runner/.rustup/toolchains/stable-x86_64-unknown-linux-gnu/bin/rustc --crate-name webpki_roots --edition=2021 /home/runner/.cargo/registry/src/index.crates.io-1949cf8c6b5b557f/webpki-roots-0.26.11/src/lib.rs --error-format=json --json=diagnostic-rendered-ansi,artifacts,future-incompat --crate-type lib --emit=dep-info,metadata,link -C opt-level=2 -C embed-bitcode=no -C debuginfo=2 -C debug-assertions=on --check-cfg 'cfg(docsrs,test)' --check-cfg 'cfg(feature, values())' -C metadata=510a278681c2c80d -C extra-filename=-3c3575d1cec872fe --out-dir /home/runner/work/streamify-apk/streamify-apk/rust/target/debug/deps -L dependency=/home/runner/work/streamify-apk/streamify-apk/rust/target/debug/deps --extern parent=/home/runner/work/streamify-apk/streamify-apk/rust/target/debug/deps/libwebpki_roots-0296f08e170f3e84.rmeta --cap-lints allow`
[1m[92m   Compiling[0m sha2 v0.10.9
[1m[92m     Running[0m `/home/runner/.rustup/toolchains/stable-x86_64-unknown-linux-gnu/bin/rustc --crate-name sha2 --edition=2018 /home/runner/.cargo/registry/src/index.crates.io-1949cf8c6b5b557f/sha2-0.10.9/src/lib.rs --error-format=json --json=diagnostic-rendered-ansi,artifacts,future-incompat --crate-type lib --emit=dep-info,metadata,link -C opt-level=2 -C embed-bitcode=no -C debuginfo=2 -C debug-assertions=on --cfg 'feature="default"' --cfg 'feature="std"' --check-cfg 'cfg(docsrs,test)' --check-cfg 'cfg(feature, values("asm", "asm-aarch64", "compress", "default", "force-soft", "force-soft-compact", "loongarch64_asm", "oid", "sha2-asm", "std"))' -C metadata=44fbe855a862676c -C extra-filename=-def3c28c9291db7a --out-dir /home/runner/work/streamify-apk/streamify-apk/rust/target/debug/deps -L dependency=/home/runner/work/streamify-apk/streamify-apk/rust/target/debug/deps --extern cfg_if=/home/runner/work/streamify-apk/streamify-apk/rust/target/debug/deps/libcfg_if-f10dd018f5572444.rmeta --extern cpufeatures=/home/runner/work/streamify-apk/streamify-apk/rust/target/debug/deps/libcpufeatures-bd45abd9c403b027.rmeta --extern digest=/home/runner/work/streamify-apk/streamify-apk/rust/target/debug/deps/libdigest-d75a8021182e0a09.rmeta --cap-lints allow`
[1m[92m   Compiling[0m http-body-util v0.1.5
[1m[92m     Running[0m `/home/runner/.rustup/toolchains/stable-x86_64-unknown-linux-gnu/bin/rustc --crate-name http_body_util --edition=2018 /home/runner/.cargo/registry/src/index.crates.io-1949cf8c6b5b557f/http-body-util-0.1.5/src/lib.rs --error-format=json --json=diagnostic-rendered-ansi,artifacts,future-incompat --crate-type lib --emit=dep-info,metadata,link -C opt-level=2 -C embed-bitcode=no -C debuginfo=2 -C debug-assertions=on --cfg 'feature="default"' --check-cfg 'cfg(docsrs,test)' --check-cfg 'cfg(feature, values("channel", "default", "full"))' -C metadata=b04d403ecb4ae0e7 -C extra-filename=-5fd5fab201997de7 --out-dir /home/runner/work/streamify-apk/streamify-apk/rust/target/debug/deps -L dependency=/home/runner/work/streamify-apk/streamify-apk/rust/target/debug/deps --extern bytes=/home/runner/work/streamify-apk/streamify-apk/rust/target/debug/deps/libbytes-8e4646a5eb2f57d0.rmeta --extern futures_core=/home/runner/work/streamify-apk/streamify-apk/rust/target/debug/deps/libfutures_core-aa367d602b978037.rmeta --extern http=/home/runner/work/streamify-apk/streamify-apk/rust/target/debug/deps/libhttp-5d29af6cf58ca999.rmeta --extern http_body=/home/runner/work/streamify-apk/streamify-apk/rust/target/debug/deps/libhttp_body-d4362751159a95a5.rmeta --extern pin_project_lite=/home/runner/work/streamify-apk/streamify-apk/rust/target/debug/deps/libpin_project_lite-a3e77d6b6448f65e.rmeta --cap-lints allow`
[1m[92m   Compiling[0m combine v4.6.7
[1m[92m     Running[0m `/home/runner/.rustup/toolchains/stable-x86_64-unknown-linux-gnu/bin/rustc --crate-name combine --edition=2018 /home/runner/.cargo/registry/src/index.crates.io-1949cf8c6b5b557f/combine-4.6.7/src/lib.rs --error-format=json --json=diagnostic-rendered-ansi,artifacts,future-incompat --crate-type lib --emit=dep-info,metadata,link -C opt-level=2 -C embed-bitcode=no -C debuginfo=2 -C debug-assertions=on --cfg 'feature="alloc"' --cfg 'feature="bytes"' --cfg 'feature="default"' --cfg 'feature="std"' --check-cfg 'cfg(docsrs,test)' --check-cfg 'cfg(feature, values("alloc", "bytes", "bytes_05", "default", "futures-03", "futures-core-03", "futures-io-03", "mp4", "pin-project", "pin-project-lite", "regex", "std", "tokio", "tokio-02", "tokio-02-dep", "tokio-03", "tokio-03-dep", "tokio-dep", "tokio-util"))' -C metadata=19573a88fced70a0 -C extra-filename=-0ba547e886a4f8df --out-dir /home/runner/work/streamify-apk/streamify-apk/rust/target/debug/deps -L dependency=/home/runner/work/streamify-apk/streamify-apk/rust/target/debug/deps --extern bytes=/home/runner/work/streamify-apk/streamify-apk/rust/target/debug/deps/libbytes-8e4646a5eb2f57d0.rmeta --extern memchr=/home/runner/work/streamify-apk/streamify-apk/rust/target/debug/deps/libmemchr-234fa93bdde1b62e.rmeta --cap-lints allow`
[1m[92m   Compiling[0m lofty_attr v0.11.1
[1m[92m     Running[0m `/home/runner/.rustup/toolchains/stable-x86_64-unknown-linux-gnu/bin/rustc --crate-name lofty_attr --edition=2021 /home/runner/.cargo/registry/src/index.crates.io-1949cf8c6b5b557f/lofty_attr-0.11.1/src/lib.rs --error-format=json --json=diagnostic-rendered-ansi,artifacts,future-incompat --crate-type proc-macro --emit=dep-info,link -C prefer-dynamic -C embed-bitcode=no --check-cfg 'cfg(docsrs,test)' --check-cfg 'cfg(feature, values())' -C metadata=920ac72380b4ca25 -C extra-filename=-e8c7147a7adb49f3 --out-dir /home/runner/work/streamify-apk/streamify-apk/rust/target/debug/deps -L dependency=/home/runner/work/streamify-apk/streamify-apk/rust/target/debug/deps --extern proc_macro2=/home/runner/work/streamify-apk/streamify-apk/rust/target/debug/deps/libproc_macro2-e8299e9da2515a61.rlib --extern quote=/home/runner/work/streamify-apk/streamify-apk/rust/target/debug/deps/libquote-a91d24f1712c74bd.rlib --extern syn=/home/runner/work/streamify-apk/streamify-apk/rust/target/debug/deps/libsyn-dd97d8155b655bc9.rlib --extern proc_macro --cap-lints allow`
[1m[92m   Compiling[0m aead v0.5.2
[1m[92m     Running[0m `/home/runner/.rustup/toolchains/stable-x86_64-unknown-linux-gnu/bin/rustc --crate-name aead --edition=2021 /home/runner/.cargo/registry/src/index.crates.io-1949cf8c6b5b557f/aead-0.5.2/src/lib.rs --error-format=json --json=diagnostic-rendered-ansi,artifacts,future-incompat --crate-type lib --emit=dep-info,metadata,link -C opt-level=2 -C embed-bitcode=no -C debuginfo=2 -C debug-assertions=on --cfg 'feature="alloc"' --cfg 'feature="getrandom"' --cfg 'feature="rand_core"' --check-cfg 'cfg(docsrs,test)' --check-cfg 'cfg(feature, values("alloc", "arrayvec", "blobby", "bytes", "default", "dev", "getrandom", "heapless", "rand_core", "std", "stream"))' -C metadata=966a6189207830d3 -C extra-filename=-bb622fddabbd4f64 --out-dir /home/runner/work/streamify-apk/streamify-apk/rust/target/debug/deps -L dependency=/home/runner/work/streamify-apk/streamify-apk/rust/target/debug/deps --extern crypto_common=/home/runner/work/streamify-apk/streamify-apk/rust/target/debug/deps/libcrypto_common-4db9101f341c889d.rmeta --extern generic_array=/home/runner/work/streamify-apk/streamify-apk/rust/target/debug/deps/libgeneric_array-e9151a0eb938d84a.rmeta --cap-lints allow`
[1m[92m   Compiling[0m cpufeatures v0.3.0
[1m[92m     Running[0m `/home/runner/.rustup/toolchains/stable-x86_64-unknown-linux-gnu/bin/rustc --crate-name cpufeatures --edition=2024 /home/runner/.cargo/registry/src/index.crates.io-1949cf8c6b5b557f/cpufeatures-0.3.0/src/lib.rs --error-format=json --json=diagnostic-rendered-ansi,artifacts,future-incompat --crate-type lib --emit=dep-info,metadata,link -C opt-level=2 -C embed-bitcode=no -C debuginfo=2 -C debug-assertions=on --check-cfg 'cfg(docsrs,test)' --check-cfg 'cfg(feature, values())' -C metadata=c77b48856d140264 -C extra-filename=-a8eb74047dc18a4b --out-dir /home/runner/work/streamify-apk/streamify-apk/rust/target/debug/deps -L dependency=/home/runner/work/streamify-apk/streamify-apk/rust/target/debug/deps --cap-lints allow`
[1m[92m   Compiling[0m fallible-iterator v0.3.0
[1m[92m     Running[0m `/home/runner/.rustup/toolchains/stable-x86_64-unknown-linux-gnu/bin/rustc --crate-name fallible_iterator --edition=2018 /home/runner/.cargo/registry/src/index.crates.io-1949cf8c6b5b557f/fallible-iterator-0.3.0/src/lib.rs --error-format=json --json=diagnostic-rendered-ansi,artifacts,future-incompat --crate-type lib --emit=dep-info,metadata,link -C opt-level=2 -C embed-bitcode=no -C debuginfo=2 -C debug-assertions=on --cfg 'feature="alloc"' --cfg 'feature="default"' --check-cfg 'cfg(docsrs,test)' --check-cfg 'cfg(feature, values("alloc", "default", "std"))' -C metadata=4974ccab0bb88b1c -C extra-filename=-ac131f902546be5a --out-dir /home/runner/work/streamify-apk/streamify-apk/rust/target/debug/deps -L dependency=/home/runner/work/streamify-apk/streamify-apk/rust/target/debug/deps --cap-lints allow`
[1m[92m   Compiling[0m data-encoding v2.11.1
[1m[92m     Running[0m `/home/runner/.rustup/toolchains/stable-x86_64-unknown-linux-gnu/bin/rustc --crate-name data_encoding --edition=2018 /home/runner/.cargo/registry/src/index.crates.io-1949cf8c6b5b557f/data-encoding-2.11.1/src/lib.rs --error-format=json --json=diagnostic-rendered-ansi,artifacts,future-incompat --crate-type lib --emit=dep-info,metadata,link -C opt-level=2 -C embed-bitcode=no -C debuginfo=2 -C debug-assertions=on --cfg 'feature="alloc"' --cfg 'feature="default"' --cfg 'feature="std"' --check-cfg 'cfg(docsrs,test)' --check-cfg 'cfg(feature, values("alloc", "default", "std"))' -C metadata=d34bcf0b9137c06d -C extra-filename=-dc468a5a3fa31034 --out-dir /home/runner/work/streamify-apk/streamify-apk/rust/target/debug/deps -L dependency=/home/runner/work/streamify-apk/streamify-apk/rust/target/debug/deps --cap-lints allow`
[1m[92m   Compiling[0m constant_time_eq v0.4.2
[1m[92m     Running[0m `/home/runner/.rustup/toolchains/stable-x86_64-unknown-linux-gnu/bin/rustc --crate-name constant_time_eq --edition=2024 /home/runner/.cargo/registry/src/index.crates.io-1949cf8c6b5b557f/constant_time_eq-0.4.2/src/lib.rs --error-format=json --json=diagnostic-rendered-ansi,artifacts,future-incompat --crate-type lib --emit=dep-info,metadata,link -C opt-level=2 -C embed-bitcode=no -C debuginfo=2 -C debug-assertions=on --cfg 'feature="std"' --check-cfg 'cfg(docsrs,test)' --check-cfg 'cfg(feature, values("count_instructions_test", "default", "std"))' -C metadata=ea5edc49a07bed21 -C extra-filename=-28e2b781901b0cd9 --out-dir /home/runner/work/streamify-apk/streamify-apk/rust/target/debug/deps -L dependency=/home/runner/work/streamify-apk/streamify-apk/rust/target/debug/deps --cap-lints allow`
[1m[92m   Compiling[0m cesu8 v1.1.0
[1m[92m     Running[0m `/home/runner/.rustup/toolchains/stable-x86_64-unknown-linux-gnu/bin/rustc --crate-name cesu8 --edition=2015 /home/runner/.cargo/registry/src/index.crates.io-1949cf8c6b5b557f/cesu8-1.1.0/src/lib.rs --error-format=json --json=diagnostic-rendered-ansi,artifacts,future-incompat --crate-type lib --emit=dep-info,metadata,link -C opt-level=2 -C embed-bitcode=no -C debuginfo=2 -C debug-assertions=on --check-cfg 'cfg(docsrs,test)' --check-cfg 'cfg(feature, values("unstable"))' -C metadata=4d6fc56ac885fec7 -C extra-filename=-00f8728265555123 --out-dir /home/runner/work/streamify-apk/streamify-apk/rust/target/debug/deps -L dependency=/home/runner/work/streamify-apk/streamify-apk/rust/target/debug/deps --cap-lints allow`
[1m[92m   Compiling[0m arrayvec v0.7.8
[1m[92m     Running[0m `/home/runner/.rustup/toolchains/stable-x86_64-unknown-linux-gnu/bin/rustc --crate-name arrayvec --edition=2018 /home/runner/.cargo/registry/src/index.crates.io-1949cf8c6b5b557f/arrayvec-0.7.8/src/lib.rs --error-format=json --json=diagnostic-rendered-ansi,artifacts,future-incompat --crate-type lib --emit=dep-info,metadata,link -C opt-level=2 -C embed-bitcode=no -C debuginfo=2 -C debug-assertions=on --check-cfg 'cfg(docsrs,test)' --check-cfg 'cfg(feature, values("borsh", "default", "serde", "std", "zeroize"))' -C metadata=7988bcce550a8d15 -C extra-filename=-60b3cd5d10b67642 --out-dir /home/runner/work/streamify-apk/streamify-apk/rust/target/debug/deps -L dependency=/home/runner/work/streamify-apk/streamify-apk/rust/target/debug/deps --cap-lints allow`
[1m[92m   Compiling[0m linux-raw-sys v0.12.1
[1m[92m     Running[0m `/home/runner/.rustup/toolchains/stable-x86_64-unknown-linux-gnu/bin/rustc --crate-name linux_raw_sys --edition=2021 /home/runner/.cargo/registry/src/index.crates.io-1949cf8c6b5b557f/linux-raw-sys-0.12.1/src/lib.rs --error-format=json --json=diagnostic-rendered-ansi,artifacts,future-incompat --crate-type lib --emit=dep-info,metadata,link -C opt-level=2 -C embed-bitcode=no -C debuginfo=2 -C debug-assertions=on --cfg 'feature="auxvec"' --cfg 'feature="elf"' --cfg 'feature="errno"' --cfg 'feature="general"' --cfg 'feature="ioctl"' --cfg 'feature="no_std"' --check-cfg 'cfg(docsrs,test)' --check-cfg 'cfg(feature, values("auxvec", "bootparam", "btrfs", "core", "default", "elf", "elf_uapi", "errno", "general", "if_arp", "if_ether", "if_packet", "if_tun", "image", "io_uring", "ioctl", "landlock", "loop_device", "mempolicy", "net", "netlink", "no_std", "prctl", "ptrace", "rustc-dep-of-std", "std", "system", "vm_sockets", "xdp"))' -C metadata=d811e27ac3b9a490 -C extra-filename=-9c8f376a0c91e975 --out-dir /home/runner/work/streamify-apk/streamify-apk/rust/target/debug/deps -L dependency=/home/runner/work/streamify-apk/streamify-apk/rust/target/debug/deps --cap-lints allow`
[1m[92m   Compiling[0m fallible-streaming-iterator v0.1.9
[1m[92m     Running[0m `/home/runner/.rustup/toolchains/stable-x86_64-unknown-linux-gnu/bin/rustc --crate-name fallible_streaming_iterator --edition=2015 /home/runner/.cargo/registry/src/index.crates.io-1949cf8c6b5b557f/fallible-streaming-iterator-0.1.9/src/lib.rs --error-format=json --json=diagnostic-rendered-ansi,artifacts,future-incompat --crate-type lib --emit=dep-info,metadata,link -C opt-level=2 -C embed-bitcode=no -C debuginfo=2 -C debug-assertions=on --check-cfg 'cfg(docsrs,test)' --check-cfg 'cfg(feature, values("std"))' -C metadata=0afe267777d69df1 -C extra-filename=-3c3f910a3b99abb3 --out-dir /home/runner/work/streamify-apk/streamify-apk/rust/target/debug/deps -L dependency=/home/runner/work/streamify-apk/streamify-apk/rust/target/debug/deps --cap-lints allow`
[1m[92m     Running[0m `/home/runner/.rustup/toolchains/stable-x86_64-unknown-linux-gnu/bin/rustc --crate-name rustix --edition=2021 /home/runner/.cargo/registry/src/index.crates.io-1949cf8c6b5b557f/rustix-1.1.4/src/lib.rs --error-format=json --json=diagnostic-rendered-ansi,artifacts,future-incompat --crate-type lib --emit=dep-info,metadata,link -C opt-level=2 -C embed-bitcode=no -C debuginfo=2 -C debug-assertions=on --cfg 'feature="alloc"' --cfg 'feature="default"' --cfg 'feature="fs"' --cfg 'feature="std"' --check-cfg 'cfg(docsrs,test)' --check-cfg 'cfg(feature, values("all-apis", "alloc", "core", "default", "event", "fs", "io_uring", "libc", "libc_errno", "linux_4_11", "linux_5_1", "linux_5_11", "linux_latest", "mm", "mount", "net", "param", "pipe", "process", "pty", "rand", "runtime", "rustc-dep-of-std", "rustc-std-workspace-alloc", "shm", "std", "stdio", "system", "termios", "thread", "time", "try_close", "use-explicitly-provided-auxv", "use-libc", "use-libc-auxv"))' -C metadata=d39c8ae0557b03f3 -C extra-filename=-e181e1c9a1d2a160 --out-dir /home/runner/work/streamify-apk/streamify-apk/rust/target/debug/deps -L dependency=/home/runner/work/streamify-apk/streamify-apk/rust/target/debug/deps --extern bitflags=/home/runner/work/streamify-apk/streamify-apk/rust/target/debug/deps/libbitflags-de6695fd861a4697.rmeta --extern linux_raw_sys=/home/runner/work/streamify-apk/streamify-apk/rust/target/debug/deps/liblinux_raw_sys-9c8f376a0c91e975.rmeta --cap-lints allow --cfg static_assertions --cfg lower_upper_exp_for_non_zero --cfg rustc_diagnostics --cfg linux_raw_dep --cfg linux_raw --cfg linux_like --cfg linux_kernel`
[1m[92m     Running[0m `/home/runner/.rustup/toolchains/stable-x86_64-unknown-linux-gnu/bin/rustc --crate-name blake3 --edition=2024 /home/runner/.cargo/registry/src/index.crates.io-1949cf8c6b5b557f/blake3-1.8.7/src/lib.rs --error-format=json --json=diagnostic-rendered-ansi,artifacts,future-incompat --crate-type lib --emit=dep-info,metadata,link -C opt-level=2 -C embed-bitcode=no -C debuginfo=2 -C debug-assertions=on --cfg 'feature="default"' --cfg 'feature="std"' --check-cfg 'cfg(docsrs,test)' --check-cfg 'cfg(feature, values("default", "digest", "mmap", "neon", "no_avx2", "no_avx512", "no_neon", "no_sse2", "no_sse41", "prefer_intrinsics", "pure", "rayon", "serde", "std", "traits-preview", "wasm32_simd", "zeroize"))' -C metadata=6128d73d8062be75 -C extra-filename=-90f46a1bb8d72737 --out-dir /home/runner/work/streamify-apk/streamify-apk/rust/target/debug/deps -L dependency=/home/runner/work/streamify-apk/streamify-apk/rust/target/debug/deps --extern arrayvec=/home/runner/work/streamify-apk/streamify-apk/rust/target/debug/deps/libarrayvec-60b3cd5d10b67642.rmeta --extern cfg_if=/home/runner/work/streamify-apk/streamify-apk/rust/target/debug/deps/libcfg_if-f10dd018f5572444.rmeta --extern constant_time_eq=/home/runner/work/streamify-apk/streamify-apk/rust/target/debug/deps/libconstant_time_eq-28e2b781901b0cd9.rmeta --extern cpufeatures=/home/runner/work/streamify-apk/streamify-apk/rust/target/debug/deps/libcpufeatures-a8eb74047dc18a4b.rmeta --cap-lints allow -L native=/home/runner/work/streamify-apk/streamify-apk/rust/target/debug/build/blake3-6e3e3e96b9a661df/out -L native=/home/runner/work/streamify-apk/streamify-apk/rust/target/debug/build/blake3-6e3e3e96b9a661df/out -l static=blake3_sse2_sse41_avx2_assembly -l static=blake3_avx512_assembly --cfg blake3_sse2_ffi --cfg blake3_sse41_ffi --cfg blake3_avx2_ffi --cfg blake3_avx512_ffi --check-cfg 'cfg(blake3_sse2_ffi, values(none()))' --check-cfg 'cfg(blake3_sse2_rust, values(none()))' --check-cfg 'cfg(blake3_sse41_ffi, values(none()))' --check-cfg 'cfg(blake3_sse41_rust, values(none()))' --check-cfg 'cfg(blake3_avx2_ffi, values(none()))' --check-cfg 'cfg(blake3_avx2_rust, values(none()))' --check-cfg 'cfg(blake3_avx512_ffi, values(none()))' --check-cfg 'cfg(blake3_neon, values(none()))' --check-cfg 'cfg(blake3_wasm32_simd, values(none()))'`
[1m[92m   Compiling[0m jni v0.21.1
[1m[92m     Running[0m `/home/runner/.rustup/toolchains/stable-x86_64-unknown-linux-gnu/bin/rustc --crate-name jni --edition=2018 /home/runner/.cargo/registry/src/index.crates.io-1949cf8c6b5b557f/jni-0.21.1/src/lib.rs --error-format=json --json=diagnostic-rendered-ansi,artifacts,future-incompat --crate-type lib --emit=dep-info,metadata,link -C opt-level=2 -C embed-bitcode=no -C debuginfo=2 -C debug-assertions=on --check-cfg 'cfg(docsrs,test)' --check-cfg 'cfg(feature, values("default", "invocation", "java-locator", "libloading"))' -C metadata=65177cf809328f77 -C extra-filename=-fe948872ac256099 --out-dir /home/runner/work/streamify-apk/streamify-apk/rust/target/debug/deps -L dependency=/home/runner/work/streamify-apk/streamify-apk/rust/target/debug/deps --extern cesu8=/home/runner/work/streamify-apk/streamify-apk/rust/target/debug/deps/libcesu8-00f8728265555123.rmeta --extern cfg_if=/home/runner/work/streamify-apk/streamify-apk/rust/target/debug/deps/libcfg_if-f10dd018f5572444.rmeta --extern combine=/home/runner/work/streamify-apk/streamify-apk/rust/target/debug/deps/libcombine-0ba547e886a4f8df.rmeta --extern jni_sys=/home/runner/work/streamify-apk/streamify-apk/rust/target/debug/deps/libjni_sys-1158ce4b58717600.rmeta --extern log=/home/runner/work/streamify-apk/streamify-apk/rust/target/debug/deps/liblog-65b7063f40a94a3f.rmeta --extern thiserror=/home/runner/work/streamify-apk/streamify-apk/rust/target/debug/deps/libthiserror-cd1318035f87f953.rmeta --cap-lints allow`
[1m[92m   Compiling[0m lofty v0.21.1
[1m[92m     Running[0m `/home/runner/.rustup/toolchains/stable-x86_64-unknown-linux-gnu/bin/rustc --crate-name lofty --edition=2021 /home/runner/.cargo/registry/src/index.crates.io-1949cf8c6b5b557f/lofty-0.21.1/src/lib.rs --error-format=json --json=diagnostic-rendered-ansi,artifacts,future-incompat --crate-type lib --emit=dep-info,metadata,link -C opt-level=2 -C embed-bitcode=no -C debuginfo=2 -C debug-assertions=on --cfg 'feature="default"' --cfg 'feature="id3v2_compression_support"' --check-cfg 'cfg(docsrs,test)' --check-cfg 'cfg(feature, values("default", "id3v2_compression_support"))' -C metadata=ebde79dabe9434ef -C extra-filename=-b241ab89fa965ee8 --out-dir /home/runner/work/streamify-apk/streamify-apk/rust/target/debug/deps -L dependency=/home/runner/work/streamify-apk/streamify-apk/rust/target/debug/deps --extern byteorder=/home/runner/work/streamify-apk/streamify-apk/rust/target/debug/deps/libbyteorder-5ba677910d337069.rmeta --extern data_encoding=/home/runner/work/streamify-apk/streamify-apk/rust/target/debug/deps/libdata_encoding-dc468a5a3fa31034.rmeta --extern flate2=/home/runner/work/streamify-apk/streamify-apk/rust/target/debug/deps/libflate2-b508257c35b916cf.rmeta --extern lofty_attr=/home/runner/work/streamify-apk/streamify-apk/rust/target/debug/deps/liblofty_attr-e8c7147a7adb49f3.so --extern log=/home/runner/work/streamify-apk/streamify-apk/rust/target/debug/deps/liblog-65b7063f40a94a3f.rmeta --extern ogg_pager=/home/runner/work/streamify-apk/streamify-apk/rust/target/debug/deps/libogg_pager-7422f36e22b6cdd2.rmeta --extern paste=/home/runner/work/streamify-apk/streamify-apk/rust/target/debug/deps/libpaste-7bdc1f22b8e9fd67.so --cap-lints allow`
[1m[92m   Compiling[0m chacha20poly1305 v0.10.1
[1m[92m     Running[0m `/home/runner/.rustup/toolchains/stable-x86_64-unknown-linux-gnu/bin/rustc --crate-name chacha20poly1305 --edition=2021 /home/runner/.cargo/registry/src/index.crates.io-1949cf8c6b5b557f/chacha20poly1305-0.10.1/src/lib.rs --error-format=json --json=diagnostic-rendered-ansi,artifacts,future-incompat --crate-type lib --emit=dep-info,metadata,link -C opt-level=2 -C embed-bitcode=no -C debuginfo=2 -C debug-assertions=on --cfg 'feature="alloc"' --cfg 'feature="default"' --cfg 'feature="getrandom"' --cfg 'feature="rand_core"' --check-cfg 'cfg(docsrs,test)' --check-cfg 'cfg(feature, values("alloc", "default", "getrandom", "heapless", "rand_core", "reduced-round", "std", "stream"))' -C metadata=62129bcc6de3d85c -C extra-filename=-819e9b3d7f350491 --out-dir /home/runner/work/streamify-apk/streamify-apk/rust/target/debug/deps -L dependency=/home/runner/work/streamify-apk/streamify-apk/rust/target/debug/deps --extern aead=/home/runner/work/streamify-apk/streamify-apk/rust/target/debug/deps/libaead-bb622fddabbd4f64.rmeta --extern chacha20=/home/runner/work/streamify-apk/streamify-apk/rust/target/debug/deps/libchacha20-721849d58266c95b.rmeta --extern cipher=/home/runner/work/streamify-apk/streamify-apk/rust/target/debug/deps/libcipher-a8f2a79396c491d0.rmeta --extern poly1305=/home/runner/work/streamify-apk/streamify-apk/rust/target/debug/deps/libpoly1305-a06c5250fb70dd65.rmeta --extern zeroize=/home/runner/work/streamify-apk/streamify-apk/rust/target/debug/deps/libzeroize-a52dc9e59edbbd8a.rmeta --cap-lints allow`
[1m[92m   Compiling[0m reqwest v0.12.28
[1m[92m     Running[0m `/home/runner/.rustup/toolchains/stable-x86_64-unknown-linux-gnu/bin/rustc --crate-name reqwest --edition=2021 /home/runner/.cargo/registry/src/index.crates.io-1949cf8c6b5b557f/reqwest-0.12.28/src/lib.rs --error-format=json --json=diagnostic-rendered-ansi,artifacts,future-incompat --crate-type lib --emit=dep-info,metadata,link -C opt-level=2 -C embed-bitcode=no -C debuginfo=2 -C debug-assertions=on --cfg 'feature="__rustls"' --cfg 'feature="__rustls-ring"' --cfg 'feature="__tls"' --cfg 'feature="json"' --cfg 'feature="rustls-tls-webpki-roots"' --cfg 'feature="rustls-tls-webpki-roots-no-provider"' --check-cfg 'cfg(docsrs,test)' --check-cfg 'cfg(feature, values("__rustls", "__rustls-ring", "__tls", "blocking", "brotli", "charset", "cookies", "default", "default-tls", "deflate", "gzip", "h2", "hickory-dns", "http2", "http3", "json", "macos-system-configuration", "multipart", "native-tls", "native-tls-alpn", "native-tls-vendored", "rustls-tls", "rustls-tls-manual-roots", "rustls-tls-manual-roots-no-provider", "rustls-tls-native-roots", "rustls-tls-native-roots-no-provider", "rustls-tls-no-provider", "rustls-tls-webpki-roots", "rustls-tls-webpki-roots-no-provider", "socks", "stream", "system-proxy", "trust-dns", "zstd"))' -C metadata=16a83c2878aa9973 -C extra-filename=-7b55eb3ef8c7d2b9 --out-dir /home/runner/work/streamify-apk/streamify-apk/rust/target/debug/deps -L dependency=/home/runner/work/streamify-apk/streamify-apk/rust/target/debug/deps --extern base64=/home/runner/work/streamify-apk/streamify-apk/rust/target/debug/deps/libbase64-0b630a6773013ed6.rmeta --extern bytes=/home/runner/work/streamify-apk/streamify-apk/rust/target/debug/deps/libbytes-8e4646a5eb2f57d0.rmeta --extern futures_core=/home/runner/work/streamify-apk/streamify-apk/rust/target/debug/deps/libfutures_core-aa367d602b978037.rmeta --extern http=/home/runner/work/streamify-apk/streamify-apk/rust/target/debug/deps/libhttp-5d29af6cf58ca999.rmeta --extern http_body=/home/runner/work/streamify-apk/streamify-apk/rust/target/debug/deps/libhttp_body-d4362751159a95a5.rmeta --extern http_body_util=/home/runner/work/streamify-apk/streamify-apk/rust/target/debug/deps/libhttp_body_util-5fd5fab201997de7.rmeta --extern hyper=/home/runner/work/streamify-apk/streamify-apk/rust/target/debug/deps/libhyper-ea9fdeff49a5d3ef.rmeta --extern hyper_rustls=/home/runner/work/streamify-apk/streamify-apk/rust/target/debug/deps/libhyper_rustls-f154800d459714a4.rmeta --extern hyper_util=/home/runner/work/streamify-apk/streamify-apk/rust/target/debug/deps/libhyper_util-1189ef46a80e1c0d.rmeta --extern log=/home/runner/work/streamify-apk/streamify-apk/rust/target/debug/deps/liblog-65b7063f40a94a3f.rmeta --extern percent_encoding=/home/runner/work/streamify-apk/streamify-apk/rust/target/debug/deps/libpercent_encoding-d62fefbd5e2f3757.rmeta --extern pin_project_lite=/home/runner/work/streamify-apk/streamify-apk/rust/target/debug/deps/libpin_project_lite-a3e77d6b6448f65e.rmeta --extern rustls=/home/runner/work/streamify-apk/streamify-apk/rust/target/debug/deps/librustls-53d2dd400e3ad163.rmeta --extern rustls_pki_types=/home/runner/work/streamify-apk/streamify-apk/rust/target/debug/deps/librustls_pki_types-66e762446cb9ac8c.rmeta --extern serde=/home/runner/work/streamify-apk/streamify-apk/rust/target/debug/deps/libserde-060eb889817c8306.rmeta --extern serde_json=/home/runner/work/streamify-apk/streamify-apk/rust/target/debug/deps/libserde_json-b4b88ded9137a386.rmeta --extern serde_urlencoded=/home/runner/work/streamify-apk/streamify-apk/rust/target/debug/deps/libserde_urlencoded-0003d65a1024d3f0.rmeta --extern sync_wrapper=/home/runner/work/streamify-apk/streamify-apk/rust/target/debug/deps/libsync_wrapper-58c9deade2aae647.rmeta --extern tokio=/home/runner/work/streamify-apk/streamify-apk/rust/target/debug/deps/libtokio-f3f08a9dc134f869.rmeta --extern tokio_rustls=/home/runner/work/streamify-apk/streamify-apk/rust/target/debug/deps/libtokio_rustls-c619a2a6a998711a.rmeta --extern tower=/home/runner/work/streamify-apk/streamify-apk/rust/target/debug/deps/libtower-80e28a779ee95fc3.rmeta --extern tower_http=/home/runner/work/streamify-apk/streamify-apk/rust/target/debug/deps/libtower_http-8058dfd8fc22b477.rmeta --extern tower_service=/home/runner/work/streamify-apk/streamify-apk/rust/target/debug/deps/libtower_service-1472cf9652d79ef3.rmeta --extern url=/home/runner/work/streamify-apk/streamify-apk/rust/target/debug/deps/liburl-5cdb56d7848aa508.rmeta --extern webpki_roots=/home/runner/work/streamify-apk/streamify-apk/rust/target/debug/deps/libwebpki_roots-0296f08e170f3e84.rmeta --cap-lints allow -L native=/home/runner/work/streamify-apk/streamify-apk/rust/target/debug/build/ring-a78f537f7e173377/out`
[1m[92m   Compiling[0m ed25519-dalek v2.2.0
[1m[92m     Running[0m `/home/runner/.rustup/toolchains/stable-x86_64-unknown-linux-gnu/bin/rustc --crate-name ed25519_dalek --edition=2021 /home/runner/.cargo/registry/src/index.crates.io-1949cf8c6b5b557f/ed25519-dalek-2.2.0/src/lib.rs --error-format=json --json=diagnostic-rendered-ansi,artifacts,future-incompat --crate-type lib --emit=dep-info,metadata,link -C opt-level=2 -C embed-bitcode=no -C debuginfo=2 -C debug-assertions=on --cfg 'feature="alloc"' --cfg 'feature="default"' --cfg 'feature="fast"' --cfg 'feature="std"' --cfg 'feature="zeroize"' --check-cfg 'cfg(docsrs,test)' --check-cfg 'cfg(feature, values("alloc", "asm", "batch", "default", "digest", "fast", "hazmat", "legacy_compatibility", "merlin", "pem", "pkcs8", "rand_core", "serde", "signature", "std", "zeroize"))' -C metadata=33a0d6263b1e672c -C extra-filename=-6294b07ef88e3783 --out-dir /home/runner/work/streamify-apk/streamify-apk/rust/target/debug/deps -L dependency=/home/runner/work/streamify-apk/streamify-apk/rust/target/debug/deps --extern curve25519_dalek=/home/runner/work/streamify-apk/streamify-apk/rust/target/debug/deps/libcurve25519_dalek-16f7215536ea41bc.rmeta --extern ed25519=/home/runner/work/streamify-apk/streamify-apk/rust/target/debug/deps/libed25519-a2f7ebd23f13c3b5.rmeta --extern sha2=/home/runner/work/streamify-apk/streamify-apk/rust/target/debug/deps/libsha2-def3c28c9291db7a.rmeta --extern subtle=/home/runner/work/streamify-apk/streamify-apk/rust/target/debug/deps/libsubtle-2f87dd0d373f35ff.rmeta --extern zeroize=/home/runner/work/streamify-apk/streamify-apk/rust/target/debug/deps/libzeroize-a52dc9e59edbbd8a.rmeta --cap-lints allow`
[1m[92m   Compiling[0m ureq v2.12.1
[1m[92m     Running[0m `/home/runner/.rustup/toolchains/stable-x86_64-unknown-linux-gnu/bin/rustc --crate-name ureq --edition=2018 /home/runner/.cargo/registry/src/index.crates.io-1949cf8c6b5b557f/ureq-2.12.1/src/lib.rs --error-format=json --json=diagnostic-rendered-ansi,artifacts,future-incompat --crate-type lib --emit=dep-info,metadata,link -C opt-level=2 -C embed-bitcode=no -C debuginfo=2 -C debug-assertions=on --cfg 'feature="default"' --cfg 'feature="gzip"' --cfg 'feature="json"' --cfg 'feature="tls"' --check-cfg 'cfg(docsrs,test)' --check-cfg 'cfg(feature, values("brotli", "charset", "cookies", "default", "gzip", "http-crate", "http-interop", "json", "native-certs", "native-tls", "proxy-from-env", "socks-proxy", "testdeps", "tls"))' -C metadata=9973e58626ba5200 -C extra-filename=-177a3a693ef60d04 --out-dir /home/runner/work/streamify-apk/streamify-apk/rust/target/debug/deps -L dependency=/home/runner/work/streamify-apk/streamify-apk/rust/target/debug/deps --extern base64=/home/runner/work/streamify-apk/streamify-apk/rust/target/debug/deps/libbase64-0b630a6773013ed6.rmeta --extern flate2=/home/runner/work/streamify-apk/streamify-apk/rust/target/debug/deps/libflate2-b508257c35b916cf.rmeta --extern log=/home/runner/work/streamify-apk/streamify-apk/rust/target/debug/deps/liblog-65b7063f40a94a3f.rmeta --extern once_cell=/home/runner/work/streamify-apk/streamify-apk/rust/target/debug/deps/libonce_cell-23ed231fed418336.rmeta --extern rustls=/home/runner/work/streamify-apk/streamify-apk/rust/target/debug/deps/librustls-53d2dd400e3ad163.rmeta --extern rustls_pki_types=/home/runner/work/streamify-apk/streamify-apk/rust/target/debug/deps/librustls_pki_types-66e762446cb9ac8c.rmeta --extern serde=/home/runner/work/streamify-apk/streamify-apk/rust/target/debug/deps/libserde-060eb889817c8306.rmeta --extern serde_json=/home/runner/work/streamify-apk/streamify-apk/rust/target/debug/deps/libserde_json-b4b88ded9137a386.rmeta --extern url=/home/runner/work/streamify-apk/streamify-apk/rust/target/debug/deps/liburl-5cdb56d7848aa508.rmeta --extern webpki_roots=/home/runner/work/streamify-apk/streamify-apk/rust/target/debug/deps/libwebpki_roots-3c3575d1cec872fe.rmeta --cap-lints allow -L native=/home/runner/work/streamify-apk/streamify-apk/rust/target/debug/build/ring-a78f537f7e173377/out`
[1m[92m   Compiling[0m rand v0.8.8
[1m[92m     Running[0m `/home/runner/.rustup/toolchains/stable-x86_64-unknown-linux-gnu/bin/rustc --crate-name rand --edition=2018 /home/runner/.cargo/registry/src/index.crates.io-1949cf8c6b5b557f/rand-0.8.8/src/lib.rs --error-format=json --json=diagnostic-rendered-ansi,artifacts,future-incompat --crate-type lib --emit=dep-info,metadata,link -C opt-level=2 -C embed-bitcode=no -C debuginfo=2 -C debug-assertions=on --cfg 'feature="alloc"' --cfg 'feature="default"' --cfg 'feature="getrandom"' --cfg 'feature="libc"' --cfg 'feature="rand_chacha"' --cfg 'feature="std"' --cfg 'feature="std_rng"' --check-cfg 'cfg(docsrs,test)' --check-cfg 'cfg(feature, values("alloc", "default", "getrandom", "libc", "log", "min_const_gen", "nightly", "rand_chacha", "serde", "serde1", "small_rng", "std", "std_rng"))' -C metadata=085ab945e8abb999 -C extra-filename=-c4f903f72983ab50 --out-dir /home/runner/work/streamify-apk/streamify-apk/rust/target/debug/deps -L dependency=/home/runner/work/streamify-apk/streamify-apk/rust/target/debug/deps --extern libc=/home/runner/work/streamify-apk/streamify-apk/rust/target/debug/deps/liblibc-9b8f2fd08e0acf77.rmeta --extern rand_chacha=/home/runner/work/streamify-apk/streamify-apk/rust/target/debug/deps/librand_chacha-ddd42324bfe24e43.rmeta --extern rand_core=/home/runner/work/streamify-apk/streamify-apk/rust/target/debug/deps/librand_core-c0972f3630649741.rmeta --cap-lints allow`
[1m[92m     Running[0m `/home/runner/.rustup/toolchains/stable-x86_64-unknown-linux-gnu/bin/rustc --crate-name getrandom --edition=2024 /home/runner/.cargo/registry/src/index.crates.io-1949cf8c6b5b557f/getrandom-0.4.3/src/lib.rs --error-format=json --json=diagnostic-rendered-ansi,artifacts,future-incompat --crate-type lib --emit=dep-info,metadata,link -C opt-level=2 -C embed-bitcode=no -C debuginfo=2 -C debug-assertions=on --check-cfg 'cfg(docsrs,test)' --check-cfg 'cfg(feature, values("std", "sys_rng", "wasm_js"))' -C metadata=df90deb31b4fabee -C extra-filename=-8a890fdead65780d --out-dir /home/runner/work/streamify-apk/streamify-apk/rust/target/debug/deps -L dependency=/home/runner/work/streamify-apk/streamify-apk/rust/target/debug/deps --extern cfg_if=/home/runner/work/streamify-apk/streamify-apk/rust/target/debug/deps/libcfg_if-f10dd018f5572444.rmeta --extern libc=/home/runner/work/streamify-apk/streamify-apk/rust/target/debug/deps/liblibc-9b8f2fd08e0acf77.rmeta --cap-lints allow`
[1m[92m   Compiling[0m regex v1.13.1
[1m[92m     Running[0m `/home/runner/.rustup/toolchains/stable-x86_64-unknown-linux-gnu/bin/rustc --crate-name regex --edition=2021 /home/runner/.cargo/registry/src/index.crates.io-1949cf8c6b5b557f/regex-1.13.1/src/lib.rs --error-format=json --json=diagnostic-rendered-ansi,artifacts,future-incompat --crate-type lib --emit=dep-info,metadata,link -C opt-level=2 -C embed-bitcode=no -C debuginfo=2 -C debug-assertions=on --cfg 'feature="default"' --cfg 'feature="perf"' --cfg 'feature="perf-backtrack"' --cfg 'feature="perf-cache"' --cfg 'feature="perf-dfa"' --cfg 'feature="perf-inline"' --cfg 'feature="perf-literal"' --cfg 'feature="perf-onepass"' --cfg 'feature="std"' --cfg 'feature="unicode"' --cfg 'feature="unicode-age"' --cfg 'feature="unicode-bool"' --cfg 'feature="unicode-case"' --cfg 'feature="unicode-gencat"' --cfg 'feature="unicode-perl"' --cfg 'feature="unicode-script"' --cfg 'feature="unicode-segment"' --check-cfg 'cfg(docsrs,test)' --check-cfg 'cfg(feature, values("default", "logging", "pattern", "perf", "perf-backtrack", "perf-cache", "perf-dfa", "perf-dfa-full", "perf-inline", "perf-literal", "perf-onepass", "std", "unicode", "unicode-age", "unicode-bool", "unicode-case", "unicode-gencat", "unicode-perl", "unicode-script", "unicode-segment", "unstable", "use_std"))' -C metadata=2d41bad494f8b7fe -C extra-filename=-de43427111e79df6 --out-dir /home/runner/work/streamify-apk/streamify-apk/rust/target/debug/deps -L dependency=/home/runner/work/streamify-apk/streamify-apk/rust/target/debug/deps --extern aho_corasick=/home/runner/work/streamify-apk/streamify-apk/rust/target/debug/deps/libaho_corasick-538db78b0731f5f0.rmeta --extern memchr=/home/runner/work/streamify-apk/streamify-apk/rust/target/debug/deps/libmemchr-234fa93bdde1b62e.rmeta --extern regex_automata=/home/runner/work/streamify-apk/streamify-apk/rust/target/debug/deps/libregex_automata-34ff8c43c01476f4.rmeta --extern regex_syntax=/home/runner/work/streamify-apk/streamify-apk/rust/target/debug/deps/libregex_syntax-3bb7e78dfa83aec6.rmeta --cap-lints allow`
[1m[92m   Compiling[0m hmac v0.12.1
[1m[92m     Running[0m `/home/runner/.rustup/toolchains/stable-x86_64-unknown-linux-gnu/bin/rustc --crate-name hmac --edition=2018 /home/runner/.cargo/registry/src/index.crates.io-1949cf8c6b5b557f/hmac-0.12.1/src/lib.rs --error-format=json --json=diagnostic-rendered-ansi,artifacts,future-incompat --crate-type lib --emit=dep-info,metadata,link -C opt-level=2 -C embed-bitcode=no -C debuginfo=2 -C debug-assertions=on --check-cfg 'cfg(docsrs,test)' --check-cfg 'cfg(feature, values("reset", "std"))' -C metadata=a033bf44a7281f3c -C extra-filename=-6f86963a7d5bc1aa --out-dir /home/runner/work/streamify-apk/streamify-apk/rust/target/debug/deps -L dependency=/home/runner/work/streamify-apk/streamify-apk/rust/target/debug/deps --extern digest=/home/runner/work/streamify-apk/streamify-apk/rust/target/debug/deps/libdigest-d75a8021182e0a09.rmeta --cap-lints allow`
[1m[92m   Compiling[0m sha1 v0.10.7
[1m[92m     Running[0m `/home/runner/.rustup/toolchains/stable-x86_64-unknown-linux-gnu/bin/rustc --crate-name sha1 --edition=2018 /home/runner/.cargo/registry/src/index.crates.io-1949cf8c6b5b557f/sha1-0.10.7/src/lib.rs --error-format=json --json=diagnostic-rendered-ansi,artifacts,future-incompat --crate-type lib --emit=dep-info,metadata,link -C opt-level=2 -C embed-bitcode=no -C debuginfo=2 -C debug-assertions=on --cfg 'feature="default"' --cfg 'feature="std"' --check-cfg 'cfg(docsrs,test)' --check-cfg 'cfg(feature, values("asm", "compress", "default", "force-soft", "loongarch64_asm", "oid", "std"))' -C metadata=07f1571607af67f0 -C extra-filename=-dac39313e1e617c4 --out-dir /home/runner/work/streamify-apk/streamify-apk/rust/target/debug/deps -L dependency=/home/runner/work/streamify-apk/streamify-apk/rust/target/debug/deps --extern cfg_if=/home/runner/work/streamify-apk/streamify-apk/rust/target/debug/deps/libcfg_if-f10dd018f5572444.rmeta --extern cpufeatures=/home/runner/work/streamify-apk/streamify-apk/rust/target/debug/deps/libcpufeatures-bd45abd9c403b027.rmeta --extern digest=/home/runner/work/streamify-apk/streamify-apk/rust/target/debug/deps/libdigest-d75a8021182e0a09.rmeta --cap-lints allow`
[1m[92m   Compiling[0m socket2 v0.5.10
[1m[92m     Running[0m `/home/runner/.rustup/toolchains/stable-x86_64-unknown-linux-gnu/bin/rustc --crate-name socket2 --edition=2021 /home/runner/.cargo/registry/src/index.crates.io-1949cf8c6b5b557f/socket2-0.5.10/src/lib.rs --error-format=json --json=diagnostic-rendered-ansi,artifacts,future-incompat --crate-type lib --emit=dep-info,metadata,link -C opt-level=2 -C embed-bitcode=no -C debuginfo=2 -C debug-assertions=on --cfg 'feature="all"' --check-cfg 'cfg(docsrs,test)' --check-cfg 'cfg(feature, values("all"))' -C metadata=3cea918795501ae2 -C extra-filename=-803d5dc309b51b4f --out-dir /home/runner/work/streamify-apk/streamify-apk/rust/target/debug/deps -L dependency=/home/runner/work/streamify-apk/streamify-apk/rust/target/debug/deps --extern libc=/home/runner/work/streamify-apk/streamify-apk/rust/target/debug/deps/liblibc-9b8f2fd08e0acf77.rmeta --cap-lints allow`
[1m[92m   Compiling[0m strsim v0.11.1
[1m[92m     Running[0m `/home/runner/.rustup/toolchains/stable-x86_64-unknown-linux-gnu/bin/rustc --crate-name strsim --edition=2015 /home/runner/.cargo/registry/src/index.crates.io-1949cf8c6b5b557f/strsim-0.11.1/src/lib.rs --error-format=json --json=diagnostic-rendered-ansi,artifacts,future-incompat --crate-type lib --emit=dep-info,metadata,link -C opt-level=2 -C embed-bitcode=no -C debuginfo=2 -C debug-assertions=on --check-cfg 'cfg(docsrs,test)' --check-cfg 'cfg(feature, values())' -C metadata=8e2967f172ca6554 -C extra-filename=-c4ed0cc7cfaf5286 --out-dir /home/runner/work/streamify-apk/streamify-apk/rust/target/debug/deps -L dependency=/home/runner/work/streamify-apk/streamify-apk/rust/target/debug/deps --cap-lints allow`
[1m[92m   Compiling[0m urlencoding v2.1.3
[1m[92m     Running[0m `/home/runner/.rustup/toolchains/stable-x86_64-unknown-linux-gnu/bin/rustc --crate-name urlencoding --edition=2021 /home/runner/.cargo/registry/src/index.crates.io-1949cf8c6b5b557f/urlencoding-2.1.3/src/lib.rs --error-format=json --json=diagnostic-rendered-ansi,artifacts,future-incompat --crate-type lib --emit=dep-info,metadata,link -C opt-level=2 -C embed-bitcode=no -C debuginfo=2 -C debug-assertions=on --check-cfg 'cfg(docsrs,test)' --check-cfg 'cfg(feature, values())' -C metadata=66b6d6336be8a874 -C extra-filename=-dec41bccca9542a3 --out-dir /home/runner/work/streamify-apk/streamify-apk/rust/target/debug/deps -L dependency=/home/runner/work/streamify-apk/streamify-apk/rust/target/debug/deps --cap-lints allow`
[1m[92m   Compiling[0m hex v0.4.3
[1m[92m     Running[0m `/home/runner/.rustup/toolchains/stable-x86_64-unknown-linux-gnu/bin/rustc --crate-name hex --edition=2018 /home/runner/.cargo/registry/src/index.crates.io-1949cf8c6b5b557f/hex-0.4.3/src/lib.rs --error-format=json --json=diagnostic-rendered-ansi,artifacts,future-incompat --crate-type lib --emit=dep-info,metadata,link -C opt-level=2 -C embed-bitcode=no -C debuginfo=2 -C debug-assertions=on --cfg 'feature="alloc"' --cfg 'feature="default"' --cfg 'feature="std"' --check-cfg 'cfg(docsrs,test)' --check-cfg 'cfg(feature, values("alloc", "default", "serde", "std"))' -C metadata=63e8e18492ca4033 -C extra-filename=-e55990d4b9585364 --out-dir /home/runner/work/streamify-apk/streamify-apk/rust/target/debug/deps -L dependency=/home/runner/work/streamify-apk/streamify-apk/rust/target/debug/deps --cap-lints allow`
[1m[92m   Compiling[0m fastrand v2.5.0
[1m[92m     Running[0m `/home/runner/.rustup/toolchains/stable-x86_64-unknown-linux-gnu/bin/rustc --crate-name fastrand --edition=2018 /home/runner/.cargo/registry/src/index.crates.io-1949cf8c6b5b557f/fastrand-2.5.0/src/lib.rs --error-format=json --json=diagnostic-rendered-ansi,artifacts,future-incompat --crate-type lib --emit=dep-info,metadata,link -C opt-level=2 -C embed-bitcode=no -C debuginfo=2 -C debug-assertions=on --cfg 'feature="alloc"' --cfg 'feature="default"' --cfg 'feature="std"' --check-cfg 'cfg(docsrs,test)' --check-cfg 'cfg(feature, values("alloc", "default", "getrandom", "js", "std"))' -C metadata=7e36ad2feb1e4083 -C extra-filename=-75b2684e9ca2ffb1 --out-dir /home/runner/work/streamify-apk/streamify-apk/rust/target/debug/deps -L dependency=/home/runner/work/streamify-apk/streamify-apk/rust/target/debug/deps --cap-lints allow`
[1m[92m   Compiling[0m tempfile v3.27.0
[1m[92m     Running[0m `/home/runner/.rustup/toolchains/stable-x86_64-unknown-linux-gnu/bin/rustc --crate-name tempfile --edition=2021 /home/runner/.cargo/registry/src/index.crates.io-1949cf8c6b5b557f/tempfile-3.27.0/src/lib.rs --error-format=json --json=diagnostic-rendered-ansi,artifacts,future-incompat --crate-type lib --emit=dep-info,metadata,link -C opt-level=2 -C embed-bitcode=no -C debuginfo=2 -C debug-assertions=on --cfg 'feature="default"' --cfg 'feature="getrandom"' --check-cfg 'cfg(docsrs,test)' --check-cfg 'cfg(feature, values("default", "getrandom", "nightly"))' -C metadata=cd9dbcdce58a7c57 -C extra-filename=-14eb33faad33f963 --out-dir /home/runner/work/streamify-apk/streamify-apk/rust/target/debug/deps -L dependency=/home/runner/work/streamify-apk/streamify-apk/rust/target/debug/deps --extern fastrand=/home/runner/work/streamify-apk/streamify-apk/rust/target/debug/deps/libfastrand-75b2684e9ca2ffb1.rmeta --extern getrandom=/home/runner/work/streamify-apk/streamify-apk/rust/target/debug/deps/libgetrandom-8a890fdead65780d.rmeta --extern once_cell=/home/runner/work/streamify-apk/streamify-apk/rust/target/debug/deps/libonce_cell-23ed231fed418336.rmeta --extern rustix=/home/runner/work/streamify-apk/streamify-apk/rust/target/debug/deps/librustix-e181e1c9a1d2a160.rmeta --cap-lints allow`
[1m[92m     Running[0m `/home/runner/.rustup/toolchains/stable-x86_64-unknown-linux-gnu/bin/rustc --crate-name libsqlite3_sys --edition=2021 /home/runner/.cargo/registry/src/index.crates.io-1949cf8c6b5b557f/libsqlite3-sys-0.28.0/src/lib.rs --error-format=json --json=diagnostic-rendered-ansi,artifacts,future-incompat --crate-type lib --emit=dep-info,metadata,link -C opt-level=2 -C embed-bitcode=no -C debuginfo=2 -C debug-assertions=on --cfg 'feature="bundled"' --cfg 'feature="bundled_bindings"' --cfg 'feature="cc"' --cfg 'feature="default"' --cfg 'feature="min_sqlite_version_3_14_0"' --cfg 'feature="pkg-config"' --cfg 'feature="vcpkg"' --check-cfg 'cfg(docsrs,test)' --check-cfg 'cfg(feature, values("bindgen", "buildtime_bindgen", "bundled", "bundled-sqlcipher", "bundled-sqlcipher-vendored-openssl", "bundled-windows", "bundled_bindings", "cc", "default", "in_gecko", "loadable_extension", "min_sqlite_version_3_14_0", "openssl-sys", "pkg-config", "prettyplease", "preupdate_hook", "quote", "session", "sqlcipher", "syn", "unlock_notify", "vcpkg", "wasm32-wasi-vfs", "with-asan"))' -C metadata=75e8fbce66a40cb5 -C extra-filename=-cac11d200a7f20a3 --out-dir /home/runner/work/streamify-apk/streamify-apk/rust/target/debug/deps -L dependency=/home/runner/work/streamify-apk/streamify-apk/rust/target/debug/deps --cap-lints allow -L native=/home/runner/work/streamify-apk/streamify-apk/rust/target/debug/build/libsqlite3-sys-5126ff8af3648e6a/out -l static=sqlite3`
[1m[92m   Compiling[0m rusqlite v0.31.0
[1m[92m     Running[0m `/home/runner/.rustup/toolchains/stable-x86_64-unknown-linux-gnu/bin/rustc --crate-name rusqlite --edition=2021 /home/runner/.cargo/registry/src/index.crates.io-1949cf8c6b5b557f/rusqlite-0.31.0/src/lib.rs --error-format=json --json=diagnostic-rendered-ansi,artifacts,future-incompat --crate-type lib --emit=dep-info,metadata,link -C opt-level=2 -C embed-bitcode=no -C debuginfo=2 -C debug-assertions=on --cfg 'feature="bundled"' --cfg 'feature="modern_sqlite"' --check-cfg 'cfg(docsrs,test)' --check-cfg 'cfg(feature, values("array", "backup", "blob", "buildtime_bindgen", "bundled", "bundled-full", "bundled-sqlcipher", "bundled-sqlcipher-vendored-openssl", "bundled-windows", "chrono", "collation", "column_decltype", "csv", "csvtab", "extra_check", "functions", "hooks", "i128_blob", "in_gecko", "limits", "load_extension", "loadable_extension", "modern-full", "modern_sqlite", "release_memory", "rusqlite-macros", "serde_json", "serialize", "series", "session", "sqlcipher", "time", "trace", "unlock_notify", "url", "uuid", "vtab", "wasm32-wasi-vfs", "window", "with-asan"))' -C metadata=bb8977fc1fb122d9 -C extra-filename=-f58db1c9d9eae991 --out-dir /home/runner/work/streamify-apk/streamify-apk/rust/target/debug/deps -L dependency=/home/runner/work/streamify-apk/streamify-apk/rust/target/debug/deps --extern bitflags=/home/runner/work/streamify-apk/streamify-apk/rust/target/debug/deps/libbitflags-de6695fd861a4697.rmeta --extern fallible_iterator=/home/runner/work/streamify-apk/streamify-apk/rust/target/debug/deps/libfallible_iterator-ac131f902546be5a.rmeta --extern fallible_streaming_iterator=/home/runner/work/streamify-apk/streamify-apk/rust/target/debug/deps/libfallible_streaming_iterator-3c3f910a3b99abb3.rmeta --extern hashlink=/home/runner/work/streamify-apk/streamify-apk/rust/target/debug/deps/libhashlink-9552461c3f501f3d.rmeta --extern libsqlite3_sys=/home/runner/work/streamify-apk/streamify-apk/rust/target/debug/deps/liblibsqlite3_sys-cac11d200a7f20a3.rmeta --extern smallvec=/home/runner/work/streamify-apk/streamify-apk/rust/target/debug/deps/libsmallvec-b200e87e3d354ad6.rmeta --cap-lints allow -L native=/home/runner/work/streamify-apk/streamify-apk/rust/target/debug/build/libsqlite3-sys-5126ff8af3648e6a/out`
[1m[92m   Compiling[0m streamify_core_rs v1.0.0 (/home/runner/work/streamify-apk/streamify-apk/rust)
[1m[92m     Running[0m `/home/runner/.rustup/toolchains/stable-x86_64-unknown-linux-gnu/bin/rustc --crate-name streamify_core_rs --edition=2021 src/lib.rs --error-format=json --json=diagnostic-rendered-ansi,artifacts,future-incompat --crate-type cdylib --crate-type rlib --crate-type staticlib --emit=dep-info,link -C opt-level=2 -C embed-bitcode=no -C debuginfo=2 -C debug-assertions=on --check-cfg 'cfg(docsrs,test)' --check-cfg 'cfg(feature, values())' -C metadata=14aa424564640a63 --out-dir /home/runner/work/streamify-apk/streamify-apk/rust/target/debug/deps -L dependency=/home/runner/work/streamify-apk/streamify-apk/rust/target/debug/deps --extern base64=/home/runner/work/streamify-apk/streamify-apk/rust/target/debug/deps/libbase64-0b630a6773013ed6.rlib --extern blake3=/home/runner/work/streamify-apk/streamify-apk/rust/target/debug/deps/libblake3-90f46a1bb8d72737.rlib --extern chacha20poly1305=/home/runner/work/streamify-apk/streamify-apk/rust/target/debug/deps/libchacha20poly1305-819e9b3d7f350491.rlib --extern ed25519_dalek=/home/runner/work/streamify-apk/streamify-apk/rust/target/debug/deps/libed25519_dalek-6294b07ef88e3783.rlib --extern hex=/home/runner/work/streamify-apk/streamify-apk/rust/target/debug/deps/libhex-e55990d4b9585364.rlib --extern hmac=/home/runner/work/streamify-apk/streamify-apk/rust/target/debug/deps/libhmac-6f86963a7d5bc1aa.rlib --extern jni=/home/runner/work/streamify-apk/streamify-apk/rust/target/debug/deps/libjni-fe948872ac256099.rlib --extern libc=/home/runner/work/streamify-apk/streamify-apk/rust/target/debug/deps/liblibc-9b8f2fd08e0acf77.rlib --extern lofty=/home/runner/work/streamify-apk/streamify-apk/rust/target/debug/deps/liblofty-b241ab89fa965ee8.rlib --extern miniz_oxide=/home/runner/work/streamify-apk/streamify-apk/rust/target/debug/deps/libminiz_oxide-0241c0916651c81d.rlib --extern rand=/home/runner/work/streamify-apk/streamify-apk/rust/target/debug/deps/librand-c4f903f72983ab50.rlib --extern regex=/home/runner/work/streamify-apk/streamify-apk/rust/target/debug/deps/libregex-de43427111e79df6.rlib --extern reqwest=/home/runner/work/streamify-apk/streamify-apk/rust/target/debug/deps/libreqwest-7b55eb3ef8c7d2b9.rlib --extern rusqlite=/home/runner/work/streamify-apk/streamify-apk/rust/target/debug/deps/librusqlite-f58db1c9d9eae991.rlib --extern serde=/home/runner/work/streamify-apk/streamify-apk/rust/target/debug/deps/libserde-060eb889817c8306.rlib --extern serde_json=/home/runner/work/streamify-apk/streamify-apk/rust/target/debug/deps/libserde_json-b4b88ded9137a386.rlib --extern sha1=/home/runner/work/streamify-apk/streamify-apk/rust/target/debug/deps/libsha1-dac39313e1e617c4.rlib --extern sha2=/home/runner/work/streamify-apk/streamify-apk/rust/target/debug/deps/libsha2-def3c28c9291db7a.rlib --extern socket2=/home/runner/work/streamify-apk/streamify-apk/rust/target/debug/deps/libsocket2-803d5dc309b51b4f.rlib --extern strsim=/home/runner/work/streamify-apk/streamify-apk/rust/target/debug/deps/libstrsim-c4ed0cc7cfaf5286.rlib --extern tokio=/home/runner/work/streamify-apk/streamify-apk/rust/target/debug/deps/libtokio-f3f08a9dc134f869.rlib --extern ureq=/home/runner/work/streamify-apk/streamify-apk/rust/target/debug/deps/libureq-177a3a693ef60d04.rlib --extern urlencoding=/home/runner/work/streamify-apk/streamify-apk/rust/target/debug/deps/liburlencoding-dec41bccca9542a3.rlib -L native=/home/runner/work/streamify-apk/streamify-apk/rust/target/debug/build/blake3-6e3e3e96b9a661df/out -L native=/home/runner/work/streamify-apk/streamify-apk/rust/target/debug/build/blake3-6e3e3e96b9a661df/out -L native=/home/runner/work/streamify-apk/streamify-apk/rust/target/debug/build/ring-a78f537f7e173377/out -L native=/home/runner/work/streamify-apk/streamify-apk/rust/target/debug/build/libsqlite3-sys-5126ff8af3648e6a/out`
[1m[92m     Running[0m `/home/runner/.rustup/toolchains/stable-x86_64-unknown-linux-gnu/bin/rustc --crate-name streamify_core_rs --edition=2021 src/lib.rs --error-format=json --json=diagnostic-rendered-ansi,artifacts,future-incompat --emit=dep-info,link -C opt-level=2 -C embed-bitcode=no -C debuginfo=2 -C debug-assertions=on --test --check-cfg 'cfg(docsrs,test)' --check-cfg 'cfg(feature, values())' -C metadata=a923740e663867dc -C extra-filename=-ee78b3584ffae38f --out-dir /home/runner/work/streamify-apk/streamify-apk/rust/target/debug/deps -L dependency=/home/runner/work/streamify-apk/streamify-apk/rust/target/debug/deps --extern base64=/home/runner/work/streamify-apk/streamify-apk/rust/target/debug/deps/libbase64-0b630a6773013ed6.rlib --extern blake3=/home/runner/work/streamify-apk/streamify-apk/rust/target/debug/deps/libblake3-90f46a1bb8d72737.rlib --extern chacha20poly1305=/home/runner/work/streamify-apk/streamify-apk/rust/target/debug/deps/libchacha20poly1305-819e9b3d7f350491.rlib --extern ed25519_dalek=/home/runner/work/streamify-apk/streamify-apk/rust/target/debug/deps/libed25519_dalek-6294b07ef88e3783.rlib --extern hex=/home/runner/work/streamify-apk/streamify-apk/rust/target/debug/deps/libhex-e55990d4b9585364.rlib --extern hmac=/home/runner/work/streamify-apk/streamify-apk/rust/target/debug/deps/libhmac-6f86963a7d5bc1aa.rlib --extern jni=/home/runner/work/streamify-apk/streamify-apk/rust/target/debug/deps/libjni-fe948872ac256099.rlib --extern libc=/home/runner/work/streamify-apk/streamify-apk/rust/target/debug/deps/liblibc-9b8f2fd08e0acf77.rlib --extern lofty=/home/runner/work/streamify-apk/streamify-apk/rust/target/debug/deps/liblofty-b241ab89fa965ee8.rlib --extern miniz_oxide=/home/runner/work/streamify-apk/streamify-apk/rust/target/debug/deps/libminiz_oxide-0241c0916651c81d.rlib --extern rand=/home/runner/work/streamify-apk/streamify-apk/rust/target/debug/deps/librand-c4f903f72983ab50.rlib --extern regex=/home/runner/work/streamify-apk/streamify-apk/rust/target/debug/deps/libregex-de43427111e79df6.rlib --extern reqwest=/home/runner/work/streamify-apk/streamify-apk/rust/target/debug/deps/libreqwest-7b55eb3ef8c7d2b9.rlib --extern rusqlite=/home/runner/work/streamify-apk/streamify-apk/rust/target/debug/deps/librusqlite-f58db1c9d9eae991.rlib --extern serde=/home/runner/work/streamify-apk/streamify-apk/rust/target/debug/deps/libserde-060eb889817c8306.rlib --extern serde_json=/home/runner/work/streamify-apk/streamify-apk/rust/target/debug/deps/libserde_json-b4b88ded9137a386.rlib --extern sha1=/home/runner/work/streamify-apk/streamify-apk/rust/target/debug/deps/libsha1-dac39313e1e617c4.rlib --extern sha2=/home/runner/work/streamify-apk/streamify-apk/rust/target/debug/deps/libsha2-def3c28c9291db7a.rlib --extern socket2=/home/runner/work/streamify-apk/streamify-apk/rust/target/debug/deps/libsocket2-803d5dc309b51b4f.rlib --extern strsim=/home/runner/work/streamify-apk/streamify-apk/rust/target/debug/deps/libstrsim-c4ed0cc7cfaf5286.rlib --extern tempfile=/home/runner/work/streamify-apk/streamify-apk/rust/target/debug/deps/libtempfile-14eb33faad33f963.rlib --extern tokio=/home/runner/work/streamify-apk/streamify-apk/rust/target/debug/deps/libtokio-f3f08a9dc134f869.rlib --extern ureq=/home/runner/work/streamify-apk/streamify-apk/rust/target/debug/deps/libureq-177a3a693ef60d04.rlib --extern urlencoding=/home/runner/work/streamify-apk/streamify-apk/rust/target/debug/deps/liburlencoding-dec41bccca9542a3.rlib -L native=/home/runner/work/streamify-apk/streamify-apk/rust/target/debug/build/blake3-6e3e3e96b9a661df/out -L native=/home/runner/work/streamify-apk/streamify-apk/rust/target/debug/build/blake3-6e3e3e96b9a661df/out -L native=/home/runner/work/streamify-apk/streamify-apk/rust/target/debug/build/ring-a78f537f7e173377/out -L native=/home/runner/work/streamify-apk/streamify-apk/rust/target/debug/build/libsqlite3-sys-5126ff8af3648e6a/out`
[1m[33mwarning[0m[1m: unnecessary parentheses around assigned value[0m
  [1m[94m--> [0msrc/continuum_engine.rs:99:35
   [1m[94m|[0m
[1m[94m99[0m [1m[94m|[0m                 let pseudo_rand = ((i as f32 * 17.31 + state.session_track_idx as f32 * 7.13).sin().abs());
   [1m[94m|[0m                                   [1m[33m^[0m                                                                      [1m[33m^[0m
   [1m[94m|[0m
   [1m[94m= [0m[1mnote[0m: `#[warn(unused_parens)]` (part of `#[warn(unused)]`) on by default
[1m[96mhelp[0m: remove these parentheses
   [1m[94m|[0m
[1m[94m99[0m [91m- [0m                let pseudo_rand = [91m([0m(i as f32 * 17.31 + state.session_track_idx as f32 * 7.13).sin().abs()[91m)[0m;
[1m[94m99[0m [92m+ [0m                let pseudo_rand = (i as f32 * 17.31 + state.session_track_idx as f32 * 7.13).sin().abs();
   [1m[94m|[0m

[1m[33mwarning[0m[1m: unused imports: `SeekFrom` and `Seek`[0m
 [1m[94m--> [0msrc/downloader.rs:3:21
  [1m[94m|[0m
[1m[94m3[0m [1m[94m|[0m use std::io::{Read, Seek, SeekFrom, Write};
  [1m[94m|[0m                     [1m[33m^^^^[0m  [1m[33m^^^^^^^^[0m
  [1m[94m|[0m
  [1m[94m= [0m[1mnote[0m: `#[warn(unused_imports)]` (part of `#[warn(unused)]`) on by default

[1m[33mwarning[0m[1m: unused import: `JByteBuffer`[0m
 [1m[94m--> [0msrc/jni_bridge.rs:1:32
  [1m[94m|[0m
[1m[94m1[0m [1m[94m|[0m use jni::objects::{JByteArray, JByteBuffer, JClass, JFloatArray, JLongArray, JObject, JString, ReleaseMode};
  [1m[94m|[0m                                [1m[33m^^^^^^^^^^^[0m

[1m[33mwarning[0m[1m: unused import: `PromotionPolicy`[0m
   [1m[94m--> [0msrc/p2p_mesh.rs:103:48
    [1m[94m|[0m
[1m[94m103[0m [1m[94m|[0m     FullSnapshot, JamCrdtState, JamOp, OpType, PromotionPolicy, QueueViewEntry, VOTE_FLAG_UP,
    [1m[94m|[0m                                                [1m[33m^^^^^^^^^^^^^^^[0m

[1m[33mwarning[0m[1m: variable does not need to be mutable[0m
  [1m[94m--> [0msrc/dsp.rs:53:14
   [1m[94m|[0m
[1m[94m53[0m [1m[94m|[0m         let (mut b0, mut b1, mut b2, mut a0, mut a1, mut a2) = match filter_type {
   [1m[94m|[0m              [1m[94m----[0m[1m[33m^^[0m
   [1m[94m|[0m              [1m[94m|[0m
   [1m[94m|[0m              [1m[94mhelp: remove this `mut`[0m
   [1m[94m|[0m
   [1m[94m= [0m[1mnote[0m: `#[warn(unused_mut)]` (part of `#[warn(unused)]`) on by default

[1m[33mwarning[0m[1m: variable does not need to be mutable[0m
  [1m[94m--> [0msrc/dsp.rs:53:22
   [1m[94m|[0m
[1m[94m53[0m [1m[94m|[0m         let (mut b0, mut b1, mut b2, mut a0, mut a1, mut a2) = match filter_type {
   [1m[94m|[0m                      [1m[94m----[0m[1m[33m^^[0m
   [1m[94m|[0m                      [1m[94m|[0m
   [1m[94m|[0m                      [1m[94mhelp: remove this `mut`[0m

[1m[33mwarning[0m[1m: variable does not need to be mutable[0m
  [1m[94m--> [0msrc/dsp.rs:53:30
   [1m[94m|[0m
[1m[94m53[0m [1m[94m|[0m         let (mut b0, mut b1, mut b2, mut a0, mut a1, mut a2) = match filter_type {
   [1m[94m|[0m                              [1m[94m----[0m[1m[33m^^[0m
   [1m[94m|[0m                              [1m[94m|[0m
   [1m[94m|[0m                              [1m[94mhelp: remove this `mut`[0m

[1m[33mwarning[0m[1m: variable does not need to be mutable[0m
  [1m[94m--> [0msrc/dsp.rs:53:38
   [1m[94m|[0m
[1m[94m53[0m [1m[94m|[0m         let (mut b0, mut b1, mut b2, mut a0, mut a1, mut a2) = match filter_type {
   [1m[94m|[0m                                      [1m[94m----[0m[1m[33m^^[0m
   [1m[94m|[0m                                      [1m[94m|[0m
   [1m[94m|[0m                                      [1m[94mhelp: remove this `mut`[0m

[1m[33mwarning[0m[1m: variable does not need to be mutable[0m
  [1m[94m--> [0msrc/dsp.rs:53:46
   [1m[94m|[0m
[1m[94m53[0m [1m[94m|[0m         let (mut b0, mut b1, mut b2, mut a0, mut a1, mut a2) = match filter_type {
   [1m[94m|[0m                                              [1m[94m----[0m[1m[33m^^[0m
   [1m[94m|[0m                                              [1m[94m|[0m
   [1m[94m|[0m                                              [1m[94mhelp: remove this `mut`[0m

[1m[33mwarning[0m[1m: variable does not need to be mutable[0m
  [1m[94m--> [0msrc/dsp.rs:53:54
   [1m[94m|[0m
[1m[94m53[0m [1m[94m|[0m         let (mut b0, mut b1, mut b2, mut a0, mut a1, mut a2) = match filter_type {
   [1m[94m|[0m                                                      [1m[94m----[0m[1m[33m^^[0m
   [1m[94m|[0m                                                      [1m[94m|[0m
   [1m[94m|[0m                                                      [1m[94mhelp: remove this `mut`[0m

[1m[33mwarning[0m[1m: variable does not need to be mutable[0m
   [1m[94m--> [0msrc/jni_bridge.rs:381:5
    [1m[94m|[0m
[1m[94m381[0m [1m[94m|[0m     mut env: JNIEnv,
    [1m[94m|[0m     [1m[94m----[0m[1m[33m^^^[0m
    [1m[94m|[0m     [1m[94m|[0m
    [1m[94m|[0m     [1m[94mhelp: remove this `mut`[0m

[1m[33mwarning[0m[1m: variable does not need to be mutable[0m
   [1m[94m--> [0msrc/jni_bridge.rs:504:5
    [1m[94m|[0m
[1m[94m504[0m [1m[94m|[0m     mut env: JNIEnv,
    [1m[94m|[0m     [1m[94m----[0m[1m[33m^^^[0m
    [1m[94m|[0m     [1m[94m|[0m
    [1m[94m|[0m     [1m[94mhelp: remove this `mut`[0m

[1m[33mwarning[0m[1m: variable does not need to be mutable[0m
   [1m[94m--> [0msrc/jni_bridge.rs:836:5
    [1m[94m|[0m
[1m[94m836[0m [1m[94m|[0m     mut env: JNIEnv,
    [1m[94m|[0m     [1m[94m----[0m[1m[33m^^^[0m
    [1m[94m|[0m     [1m[94m|[0m
    [1m[94m|[0m     [1m[94mhelp: remove this `mut`[0m

[1m[33mwarning[0m[1m: variable does not need to be mutable[0m
   [1m[94m--> [0msrc/jni_bridge.rs:874:5
    [1m[94m|[0m
[1m[94m874[0m [1m[94m|[0m     mut env: JNIEnv,
    [1m[94m|[0m     [1m[94m----[0m[1m[33m^^^[0m
    [1m[94m|[0m     [1m[94m|[0m
    [1m[94m|[0m     [1m[94mhelp: remove this `mut`[0m

[1m[33mwarning[0m[1m: variable does not need to be mutable[0m
    [1m[94m--> [0msrc/jni_bridge.rs:1179:5
     [1m[94m|[0m
[1m[94m1179[0m [1m[94m|[0m     mut env: JNIEnv,
     [1m[94m|[0m     [1m[94m----[0m[1m[33m^^^[0m
     [1m[94m|[0m     [1m[94m|[0m
     [1m[94m|[0m     [1m[94mhelp: remove this `mut`[0m

[1m[33mwarning[0m[1m: variable does not need to be mutable[0m
    [1m[94m--> [0msrc/jni_bridge.rs:1219:5
     [1m[94m|[0m
[1m[94m1219[0m [1m[94m|[0m     mut env: JNIEnv,
     [1m[94m|[0m     [1m[94m----[0m[1m[33m^^^[0m
     [1m[94m|[0m     [1m[94m|[0m
     [1m[94m|[0m     [1m[94mhelp: remove this `mut`[0m

[1m[33mwarning[0m[1m: variable does not need to be mutable[0m
    [1m[94m--> [0msrc/jni_bridge.rs:1256:5
     [1m[94m|[0m
[1m[94m1256[0m [1m[94m|[0m     mut env: JNIEnv,
     [1m[94m|[0m     [1m[94m----[0m[1m[33m^^^[0m
     [1m[94m|[0m     [1m[94m|[0m
     [1m[94m|[0m     [1m[94mhelp: remove this `mut`[0m

[1m[33mwarning[0m[1m: variable does not need to be mutable[0m
    [1m[94m--> [0msrc/jni_bridge.rs:1291:5
     [1m[94m|[0m
[1m[94m1291[0m [1m[94m|[0m     mut env: JNIEnv,
     [1m[94m|[0m     [1m[94m----[0m[1m[33m^^^[0m
     [1m[94m|[0m     [1m[94m|[0m
     [1m[94m|[0m     [1m[94mhelp: remove this `mut`[0m

[1m[33mwarning[0m[1m: variable does not need to be mutable[0m
    [1m[94m--> [0msrc/jni_bridge.rs:1392:5
     [1m[94m|[0m
[1m[94m1392[0m [1m[94m|[0m     mut env: JNIEnv,
     [1m[94m|[0m     [1m[94m----[0m[1m[33m^^^[0m
     [1m[94m|[0m     [1m[94m|[0m
     [1m[94m|[0m     [1m[94mhelp: remove this `mut`[0m

[1m[33mwarning[0m[1m: variable does not need to be mutable[0m
    [1m[94m--> [0msrc/jni_bridge.rs:1555:5
     [1m[94m|[0m
[1m[94m1555[0m [1m[94m|[0m     mut env: JNIEnv,
     [1m[94m|[0m     [1m[94m----[0m[1m[33m^^^[0m
     [1m[94m|[0m     [1m[94m|[0m
     [1m[94m|[0m     [1m[94mhelp: remove this `mut`[0m

[1m[33mwarning[0m[1m: variable does not need to be mutable[0m
    [1m[94m--> [0msrc/jni_bridge.rs:1642:5
     [1m[94m|[0m
[1m[94m1642[0m [1m[94m|[0m     mut env: JNIEnv,
     [1m[94m|[0m     [1m[94m----[0m[1m[33m^^^[0m
     [1m[94m|[0m     [1m[94m|[0m
     [1m[94m|[0m     [1m[94mhelp: remove this `mut`[0m

[1m[33mwarning[0m[1m: unused variable: `contents_path`[0m
  [1m[94m--> [0msrc/playlist_parser.rs:48:13
   [1m[94m|[0m
[1m[94m48[0m [1m[94m|[0m         let contents_path = if root.pointer("/continuationContents").is_some() {
   [1m[94m|[0m             [1m[33m^^^^^^^^^^^^^[0m [1m[33mhelp: if this is intentional, prefix it with an underscore: `_contents_path`[0m
   [1m[94m|[0m
   [1m[94m= [0m[1mnote[0m: `#[warn(unused_variables)]` (part of `#[warn(unused)]`) on by default

[1m[33mwarning[0m[1m: type `QueueEntry` is more private than the item `JamCrdtState::queue`[0m
   [1m[94m--> [0msrc/jam_crdt.rs:453:5
    [1m[94m|[0m
[1m[94m453[0m [1m[94m|[0m     pub queue: BTreeMap<(u64, u64), QueueEntry>,
    [1m[94m|[0m     [1m[33m^^^^^^^^^^^^^^^^^^^^^^^^^^^^^^^^^^^^^^^^^^^[0m [1m[33mfield `JamCrdtState::queue` is reachable at visibility `pub`[0m
    [1m[94m|[0m
[1m[92mnote[0m: but type `QueueEntry` is only usable at visibility `pub(self)`
   [1m[94m--> [0msrc/jam_crdt.rs:445:1
    [1m[94m|[0m
[1m[94m445[0m [1m[94m|[0m struct QueueEntry {
    [1m[94m|[0m [1m[92m^^^^^^^^^^^^^^^^^[0m
    [1m[94m= [0m[1mnote[0m: `#[warn(private_interfaces)]` on by default

[1m[33mwarning[0m[1m: constant `DEFAULT_STALE_MS` is never used[0m
  [1m[94m--> [0msrc/jam_outbox.rs:30:7
   [1m[94m|[0m
[1m[94m30[0m [1m[94m|[0m const DEFAULT_STALE_MS: i64 = 30_000;
   [1m[94m|[0m       [1m[33m^^^^^^^^^^^^^^^^[0m
   [1m[94m|[0m
   [1m[94m= [0m[1mnote[0m: `#[warn(dead_code)]` (part of `#[warn(unused)]`) on by default

[1m[33mwarning[0m[1m: function `parse_beacon_caps` is never used[0m
    [1m[94m--> [0msrc/p2p_mesh.rs:3013:4
     [1m[94m|[0m
[1m[94m3013[0m [1m[94m|[0m fn parse_beacon_caps(payload: &[u8]) -> Option<u16> {
     [1m[94m|[0m    [1m[33m^^^^^^^^^^^^^^^^^[0m

[1m[33mwarning[0m[1m: associated constant `INNERTUBE_PLAYER_URL` is never used[0m
   [1m[94m--> [0msrc/resolver.rs:836:11
    [1m[94m|[0m
[1m[94m835[0m [1m[94m|[0m impl StreamResolver {
    [1m[94m|[0m [1m[94m-------------------[0m [1m[94massociated constant in this implementation[0m
[1m[94m836[0m [1m[94m|[0m     const INNERTUBE_PLAYER_URL: &'static str = "https://www.youtube.com/youtubei/v1/player";
    [1m[94m|[0m           [1m[33m^^^^^^^^^^^^^^^^^^^^[0m

[1m[33mwarning[0m[1m: field `total` is never read[0m
  [1m[94m--> [0msrc/spotify_ingest.rs:13:5
   [1m[94m|[0m
[1m[94m 9[0m [1m[94m|[0m struct SpotifyPagingResponse<T> {
   [1m[94m|[0m        [1m[94m---------------------[0m [1m[94mfield in this struct[0m
[1m[94m...[0m
[1m[94m13[0m [1m[94m|[0m     total: u32,
   [1m[94m|[0m     [1m[33m^^^^^[0m

[1m[33mwarning[0m[1m: fields `id` and `name` are never read[0m
  [1m[94m--> [0msrc/spotify_ingest.rs:76:5
   [1m[94m|[0m
[1m[94m74[0m [1m[94m|[0m struct SpotifyPlaylistItem {
   [1m[94m|[0m        [1m[94m-------------------[0m [1m[94mfields in this struct[0m
[1m[94m75[0m [1m[94m|[0m     #[serde(default)]
[1m[94m76[0m [1m[94m|[0m     id: String,
   [1m[94m|[0m     [1m[33m^^[0m
[1m[94m77[0m [1m[94m|[0m     #[serde(default)]
[1m[94m78[0m [1m[94m|[0m     name: String,
   [1m[94m|[0m     [1m[33m^^^^[0m

[1m[33mwarning[0m[1m: field `total` is never read[0m
  [1m[94m--> [0msrc/spotify_ingest.rs:87:5
   [1m[94m|[0m
[1m[94m83[0m [1m[94m|[0m struct SpotifyPlaylistTracksRef {
   [1m[94m|[0m        [1m[94m------------------------[0m [1m[94mfield in this struct[0m
[1m[94m...[0m
[1m[94m87[0m [1m[94m|[0m     total: u32,
   [1m[94m|[0m     [1m[33m^^^^^[0m

[1m[33mwarning[0m[1m: type `QueueEntry` is more private than the item `jam_crdt::JamCrdtState::queue`[0m
   [1m[94m--> [0msrc/jam_crdt.rs:453:5
    [1m[94m|[0m
[1m[94m453[0m [1m[94m|[0m     pub queue: BTreeMap<(u64, u64), QueueEntry>,
    [1m[94m|[0m     [1m[33m^^^^^^^^^^^^^^^^^^^^^^^^^^^^^^^^^^^^^^^^^^^[0m [1m[33mfield `jam_crdt::JamCrdtState::queue` is reachable at visibility `pub`[0m
    [1m[94m|[0m
[1m[92mnote[0m: but type `QueueEntry` is only usable at visibility `pub(self)`
   [1m[94m--> [0msrc/jam_crdt.rs:445:1
    [1m[94m|[0m
[1m[94m445[0m [1m[94m|[0m struct QueueEntry {
    [1m[94m|[0m [1m[92m^^^^^^^^^^^^^^^^^[0m
    [1m[94m= [0m[1mnote[0m: `#[warn(private_interfaces)]` on by default

[1m[33mwarning[0m: `streamify_core_rs` (lib) generated 29 warnings (run `cargo fix --lib -p streamify_core_rs` to apply 22 suggestions)
[1m[92m     Running[0m `/home/runner/.rustup/toolchains/stable-x86_64-unknown-linux-gnu/bin/rustc --crate-name demo_tagger --edition=2021 examples/demo_tagger.rs --error-format=json --json=diagnostic-rendered-ansi,artifacts,future-incompat --crate-type bin --emit=dep-info,link -C opt-level=2 -C embed-bitcode=no -C debuginfo=2 -C debug-assertions=on --check-cfg 'cfg(docsrs,test)' --check-cfg 'cfg(feature, values())' -C metadata=1368f26eb39d4bbd -C extra-filename=-41af33ba5d396d88 --out-dir /home/runner/work/streamify-apk/streamify-apk/rust/target/debug/examples -L dependency=/home/runner/work/streamify-apk/streamify-apk/rust/target/debug/deps --extern base64=/home/runner/work/streamify-apk/streamify-apk/rust/target/debug/deps/libbase64-0b630a6773013ed6.rlib --extern blake3=/home/runner/work/streamify-apk/streamify-apk/rust/target/debug/deps/libblake3-90f46a1bb8d72737.rlib --extern chacha20poly1305=/home/runner/work/streamify-apk/streamify-apk/rust/target/debug/deps/libchacha20poly1305-819e9b3d7f350491.rlib --extern ed25519_dalek=/home/runner/work/streamify-apk/streamify-apk/rust/target/debug/deps/libed25519_dalek-6294b07ef88e3783.rlib --extern hex=/home/runner/work/streamify-apk/streamify-apk/rust/target/debug/deps/libhex-e55990d4b9585364.rlib --extern hmac=/home/runner/work/streamify-apk/streamify-apk/rust/target/debug/deps/libhmac-6f86963a7d5bc1aa.rlib --extern jni=/home/runner/work/streamify-apk/streamify-apk/rust/target/debug/deps/libjni-fe948872ac256099.rlib --extern libc=/home/runner/work/streamify-apk/streamify-apk/rust/target/debug/deps/liblibc-9b8f2fd08e0acf77.rlib --extern lofty=/home/runner/work/streamify-apk/streamify-apk/rust/target/debug/deps/liblofty-b241ab89fa965ee8.rlib --extern miniz_oxide=/home/runner/work/streamify-apk/streamify-apk/rust/target/debug/deps/libminiz_oxide-0241c0916651c81d.rlib --extern rand=/home/runner/work/streamify-apk/streamify-apk/rust/target/debug/deps/librand-c4f903f72983ab50.rlib --extern regex=/home/runner/work/streamify-apk/streamify-apk/rust/target/debug/deps/libregex-de43427111e79df6.rlib --extern reqwest=/home/runner/work/streamify-apk/streamify-apk/rust/target/debug/deps/libreqwest-7b55eb3ef8c7d2b9.rlib --extern rusqlite=/home/runner/work/streamify-apk/streamify-apk/rust/target/debug/deps/librusqlite-f58db1c9d9eae991.rlib --extern serde=/home/runner/work/streamify-apk/streamify-apk/rust/target/debug/deps/libserde-060eb889817c8306.rlib --extern serde_json=/home/runner/work/streamify-apk/streamify-apk/rust/target/debug/deps/libserde_json-b4b88ded9137a386.rlib --extern sha1=/home/runner/work/streamify-apk/streamify-apk/rust/target/debug/deps/libsha1-dac39313e1e617c4.rlib --extern sha2=/home/runner/work/streamify-apk/streamify-apk/rust/target/debug/deps/libsha2-def3c28c9291db7a.rlib --extern socket2=/home/runner/work/streamify-apk/streamify-apk/rust/target/debug/deps/libsocket2-803d5dc309b51b4f.rlib --extern streamify_core_rs=/home/runner/work/streamify-apk/streamify-apk/rust/target/debug/deps/libstreamify_core_rs.rlib --extern strsim=/home/runner/work/streamify-apk/streamify-apk/rust/target/debug/deps/libstrsim-c4ed0cc7cfaf5286.rlib --extern tempfile=/home/runner/work/streamify-apk/streamify-apk/rust/target/debug/deps/libtempfile-14eb33faad33f963.rlib --extern tokio=/home/runner/work/streamify-apk/streamify-apk/rust/target/debug/deps/libtokio-f3f08a9dc134f869.rlib --extern ureq=/home/runner/work/streamify-apk/streamify-apk/rust/target/debug/deps/libureq-177a3a693ef60d04.rlib --extern urlencoding=/home/runner/work/streamify-apk/streamify-apk/rust/target/debug/deps/liburlencoding-dec41bccca9542a3.rlib -L native=/home/runner/work/streamify-apk/streamify-apk/rust/target/debug/build/blake3-6e3e3e96b9a661df/out -L native=/home/runner/work/streamify-apk/streamify-apk/rust/target/debug/build/blake3-6e3e3e96b9a661df/out -L native=/home/runner/work/streamify-apk/streamify-apk/rust/target/debug/build/ring-a78f537f7e173377/out -L native=/home/runner/work/streamify-apk/streamify-apk/rust/target/debug/build/libsqlite3-sys-5126ff8af3648e6a/out`
[1m[92m     Running[0m `/home/runner/.rustup/toolchains/stable-x86_64-unknown-linux-gnu/bin/rustc --crate-name test_jam_voting_crdt --edition=2021 tests/test_jam_voting_crdt.rs --error-format=json --json=diagnostic-rendered-ansi,artifacts,future-incompat --emit=dep-info,link -C opt-level=2 -C embed-bitcode=no -C debuginfo=2 -C debug-assertions=on --test --check-cfg 'cfg(docsrs,test)' --check-cfg 'cfg(feature, values())' -C metadata=c8e1d3b6d8bb38c1 -C extra-filename=-651c6ad719018ba1 --out-dir /home/runner/work/streamify-apk/streamify-apk/rust/target/debug/deps -L dependency=/home/runner/work/streamify-apk/streamify-apk/rust/target/debug/deps --extern base64=/home/runner/work/streamify-apk/streamify-apk/rust/target/debug/deps/libbase64-0b630a6773013ed6.rlib --extern blake3=/home/runner/work/streamify-apk/streamify-apk/rust/target/debug/deps/libblake3-90f46a1bb8d72737.rlib --extern chacha20poly1305=/home/runner/work/streamify-apk/streamify-apk/rust/target/debug/deps/libchacha20poly1305-819e9b3d7f350491.rlib --extern ed25519_dalek=/home/runner/work/streamify-apk/streamify-apk/rust/target/debug/deps/libed25519_dalek-6294b07ef88e3783.rlib --extern hex=/home/runner/work/streamify-apk/streamify-apk/rust/target/debug/deps/libhex-e55990d4b9585364.rlib --extern hmac=/home/runner/work/streamify-apk/streamify-apk/rust/target/debug/deps/libhmac-6f86963a7d5bc1aa.rlib --extern jni=/home/runner/work/streamify-apk/streamify-apk/rust/target/debug/deps/libjni-fe948872ac256099.rlib --extern libc=/home/runner/work/streamify-apk/streamify-apk/rust/target/debug/deps/liblibc-9b8f2fd08e0acf77.rlib --extern lofty=/home/runner/work/streamify-apk/streamify-apk/rust/target/debug/deps/liblofty-b241ab89fa965ee8.rlib --extern miniz_oxide=/home/runner/work/streamify-apk/streamify-apk/rust/target/debug/deps/libminiz_oxide-0241c0916651c81d.rlib --extern rand=/home/runner/work/streamify-apk/streamify-apk/rust/target/debug/deps/librand-c4f903f72983ab50.rlib --extern regex=/home/runner/work/streamify-apk/streamify-apk/rust/target/debug/deps/libregex-de43427111e79df6.rlib --extern reqwest=/home/runner/work/streamify-apk/streamify-apk/rust/target/debug/deps/libreqwest-7b55eb3ef8c7d2b9.rlib --extern rusqlite=/home/runner/work/streamify-apk/streamify-apk/rust/target/debug/deps/librusqlite-f58db1c9d9eae991.rlib --extern serde=/home/runner/work/streamify-apk/streamify-apk/rust/target/debug/deps/libserde-060eb889817c8306.rlib --extern serde_json=/home/runner/work/streamify-apk/streamify-apk/rust/target/debug/deps/libserde_json-b4b88ded9137a386.rlib --extern sha1=/home/runner/work/streamify-apk/streamify-apk/rust/target/debug/deps/libsha1-dac39313e1e617c4.rlib --extern sha2=/home/runner/work/streamify-apk/streamify-apk/rust/target/debug/deps/libsha2-def3c28c9291db7a.rlib --extern socket2=/home/runner/work/streamify-apk/streamify-apk/rust/target/debug/deps/libsocket2-803d5dc309b51b4f.rlib --extern streamify_core_rs=/home/runner/work/streamify-apk/streamify-apk/rust/target/debug/deps/libstreamify_core_rs.rlib --extern strsim=/home/runner/work/streamify-apk/streamify-apk/rust/target/debug/deps/libstrsim-c4ed0cc7cfaf5286.rlib --extern tempfile=/home/runner/work/streamify-apk/streamify-apk/rust/target/debug/deps/libtempfile-14eb33faad33f963.rlib --extern tokio=/home/runner/work/streamify-apk/streamify-apk/rust/target/debug/deps/libtokio-f3f08a9dc134f869.rlib --extern ureq=/home/runner/work/streamify-apk/streamify-apk/rust/target/debug/deps/libureq-177a3a693ef60d04.rlib --extern urlencoding=/home/runner/work/streamify-apk/streamify-apk/rust/target/debug/deps/liburlencoding-dec41bccca9542a3.rlib -L native=/home/runner/work/streamify-apk/streamify-apk/rust/target/debug/build/blake3-6e3e3e96b9a661df/out -L native=/home/runner/work/streamify-apk/streamify-apk/rust/target/debug/build/blake3-6e3e3e96b9a661df/out -L native=/home/runner/work/streamify-apk/streamify-apk/rust/target/debug/build/ring-a78f537f7e173377/out -L native=/home/runner/work/streamify-apk/streamify-apk/rust/target/debug/build/libsqlite3-sys-5126ff8af3648e6a/out`
[1m[33mwarning[0m[1m: unused variable: `reference`[0m
   [1m[94m--> [0mtests/test_jam_voting_crdt.rs:404:9
    [1m[94m|[0m
[1m[94m404[0m [1m[94m|[0m     let reference = loop {
    [1m[94m|[0m         [1m[33m^^^^^^^^^[0m [1m[33mhelp: if this is intentional, prefix it with an underscore: `_reference`[0m
    [1m[94m|[0m
    [1m[94m= [0m[1mnote[0m: `#[warn(unused_variables)]` (part of `#[warn(unused)]`) on by default

[1m[33mwarning[0m: `streamify_core_rs` (test "test_jam_voting_crdt") generated 1 warning (run `cargo fix --test "test_jam_voting_crdt" -p streamify_core_rs` to apply 1 suggestion)
[1m[92m     Running[0m `/home/runner/.rustup/toolchains/stable-x86_64-unknown-linux-gnu/bin/rustc --crate-name diagnose_deep --edition=2021 examples/diagnose_deep.rs --error-format=json --json=diagnostic-rendered-ansi,artifacts,future-incompat --crate-type bin --emit=dep-info,link -C opt-level=2 -C embed-bitcode=no -C debuginfo=2 -C debug-assertions=on --check-cfg 'cfg(docsrs,test)' --check-cfg 'cfg(feature, values())' -C metadata=03c2ada3931c5284 -C extra-filename=-561963f8b73ecc4f --out-dir /home/runner/work/streamify-apk/streamify-apk/rust/target/debug/examples -L dependency=/home/runner/work/streamify-apk/streamify-apk/rust/target/debug/deps --extern base64=/home/runner/work/streamify-apk/streamify-apk/rust/target/debug/deps/libbase64-0b630a6773013ed6.rlib --extern blake3=/home/runner/work/streamify-apk/streamify-apk/rust/target/debug/deps/libblake3-90f46a1bb8d72737.rlib --extern chacha20poly1305=/home/runner/work/streamify-apk/streamify-apk/rust/target/debug/deps/libchacha20poly1305-819e9b3d7f350491.rlib --extern ed25519_dalek=/home/runner/work/streamify-apk/streamify-apk/rust/target/debug/deps/libed25519_dalek-6294b07ef88e3783.rlib --extern hex=/home/runner/work/streamify-apk/streamify-apk/rust/target/debug/deps/libhex-e55990d4b9585364.rlib --extern hmac=/home/runner/work/streamify-apk/streamify-apk/rust/target/debug/deps/libhmac-6f86963a7d5bc1aa.rlib --extern jni=/home/runner/work/streamify-apk/streamify-apk/rust/target/debug/deps/libjni-fe948872ac256099.rlib --extern libc=/home/runner/work/streamify-apk/streamify-apk/rust/target/debug/deps/liblibc-9b8f2fd08e0acf77.rlib --extern lofty=/home/runner/work/streamify-apk/streamify-apk/rust/target/debug/deps/liblofty-b241ab89fa965ee8.rlib --extern miniz_oxide=/home/runner/work/streamify-apk/streamify-apk/rust/target/debug/deps/libminiz_oxide-0241c0916651c81d.rlib --extern rand=/home/runner/work/streamify-apk/streamify-apk/rust/target/debug/deps/librand-c4f903f72983ab50.rlib --extern regex=/home/runner/work/streamify-apk/streamify-apk/rust/target/debug/deps/libregex-de43427111e79df6.rlib --extern reqwest=/home/runner/work/streamify-apk/streamify-apk/rust/target/debug/deps/libreqwest-7b55eb3ef8c7d2b9.rlib --extern rusqlite=/home/runner/work/streamify-apk/streamify-apk/rust/target/debug/deps/librusqlite-f58db1c9d9eae991.rlib --extern serde=/home/runner/work/streamify-apk/streamify-apk/rust/target/debug/deps/libserde-060eb889817c8306.rlib --extern serde_json=/home/runner/work/streamify-apk/streamify-apk/rust/target/debug/deps/libserde_json-b4b88ded9137a386.rlib --extern sha1=/home/runner/work/streamify-apk/streamify-apk/rust/target/debug/deps/libsha1-dac39313e1e617c4.rlib --extern sha2=/home/runner/work/streamify-apk/streamify-apk/rust/target/debug/deps/libsha2-def3c28c9291db7a.rlib --extern socket2=/home/runner/work/streamify-apk/streamify-apk/rust/target/debug/deps/libsocket2-803d5dc309b51b4f.rlib --extern streamify_core_rs=/home/runner/work/streamify-apk/streamify-apk/rust/target/debug/deps/libstreamify_core_rs.rlib --extern strsim=/home/runner/work/streamify-apk/streamify-apk/rust/target/debug/deps/libstrsim-c4ed0cc7cfaf5286.rlib --extern tempfile=/home/runner/work/streamify-apk/streamify-apk/rust/target/debug/deps/libtempfile-14eb33faad33f963.rlib --extern tokio=/home/runner/work/streamify-apk/streamify-apk/rust/target/debug/deps/libtokio-f3f08a9dc134f869.rlib --extern ureq=/home/runner/work/streamify-apk/streamify-apk/rust/target/debug/deps/libureq-177a3a693ef60d04.rlib --extern urlencoding=/home/runner/work/streamify-apk/streamify-apk/rust/target/debug/deps/liburlencoding-dec41bccca9542a3.rlib -L native=/home/runner/work/streamify-apk/streamify-apk/rust/target/debug/build/blake3-6e3e3e96b9a661df/out -L native=/home/runner/work/streamify-apk/streamify-apk/rust/target/debug/build/blake3-6e3e3e96b9a661df/out -L native=/home/runner/work/streamify-apk/streamify-apk/rust/target/debug/build/ring-a78f537f7e173377/out -L native=/home/runner/work/streamify-apk/streamify-apk/rust/target/debug/build/libsqlite3-sys-5126ff8af3648e6a/out`
[1m[92m     Running[0m `/home/runner/.rustup/toolchains/stable-x86_64-unknown-linux-gnu/bin/rustc --crate-name test_mesh_gossip_32peers --edition=2021 tests/test_mesh_gossip_32peers.rs --error-format=json --json=diagnostic-rendered-ansi,artifacts,future-incompat --emit=dep-info,link -C opt-level=2 -C embed-bitcode=no -C debuginfo=2 -C debug-assertions=on --test --check-cfg 'cfg(docsrs,test)' --check-cfg 'cfg(feature, values())' -C metadata=b46d06c4ac517746 -C extra-filename=-ebf367da9fc03ea6 --out-dir /home/runner/work/streamify-apk/streamify-apk/rust/target/debug/deps -L dependency=/home/runner/work/streamify-apk/streamify-apk/rust/target/debug/deps --extern base64=/home/runner/work/streamify-apk/streamify-apk/rust/target/debug/deps/libbase64-0b630a6773013ed6.rlib --extern blake3=/home/runner/work/streamify-apk/streamify-apk/rust/target/debug/deps/libblake3-90f46a1bb8d72737.rlib --extern chacha20poly1305=/home/runner/work/streamify-apk/streamify-apk/rust/target/debug/deps/libchacha20poly1305-819e9b3d7f350491.rlib --extern ed25519_dalek=/home/runner/work/streamify-apk/streamify-apk/rust/target/debug/deps/libed25519_dalek-6294b07ef88e3783.rlib --extern hex=/home/runner/work/streamify-apk/streamify-apk/rust/target/debug/deps/libhex-e55990d4b9585364.rlib --extern hmac=/home/runner/work/streamify-apk/streamify-apk/rust/target/debug/deps/libhmac-6f86963a7d5bc1aa.rlib --extern jni=/home/runner/work/streamify-apk/streamify-apk/rust/target/debug/deps/libjni-fe948872ac256099.rlib --extern libc=/home/runner/work/streamify-apk/streamify-apk/rust/target/debug/deps/liblibc-9b8f2fd08e0acf77.rlib --extern lofty=/home/runner/work/streamify-apk/streamify-apk/rust/target/debug/deps/liblofty-b241ab89fa965ee8.rlib --extern miniz_oxide=/home/runner/work/streamify-apk/streamify-apk/rust/target/debug/deps/libminiz_oxide-0241c0916651c81d.rlib --extern rand=/home/runner/work/streamify-apk/streamify-apk/rust/target/debug/deps/librand-c4f903f72983ab50.rlib --extern regex=/home/runner/work/streamify-apk/streamify-apk/rust/target/debug/deps/libregex-de43427111e79df6.rlib --extern reqwest=/home/runner/work/streamify-apk/streamify-apk/rust/target/debug/deps/libreqwest-7b55eb3ef8c7d2b9.rlib --extern rusqlite=/home/runner/work/streamify-apk/streamify-apk/rust/target/debug/deps/librusqlite-f58db1c9d9eae991.rlib --extern serde=/home/runner/work/streamify-apk/streamify-apk/rust/target/debug/deps/libserde-060eb889817c8306.rlib --extern serde_json=/home/runner/work/streamify-apk/streamify-apk/rust/target/debug/deps/libserde_json-b4b88ded9137a386.rlib --extern sha1=/home/runner/work/streamify-apk/streamify-apk/rust/target/debug/deps/libsha1-dac39313e1e617c4.rlib --extern sha2=/home/runner/work/streamify-apk/streamify-apk/rust/target/debug/deps/libsha2-def3c28c9291db7a.rlib --extern socket2=/home/runner/work/streamify-apk/streamify-apk/rust/target/debug/deps/libsocket2-803d5dc309b51b4f.rlib --extern streamify_core_rs=/home/runner/work/streamify-apk/streamify-apk/rust/target/debug/deps/libstreamify_core_rs.rlib --extern strsim=/home/runner/work/streamify-apk/streamify-apk/rust/target/debug/deps/libstrsim-c4ed0cc7cfaf5286.rlib --extern tempfile=/home/runner/work/streamify-apk/streamify-apk/rust/target/debug/deps/libtempfile-14eb33faad33f963.rlib --extern tokio=/home/runner/work/streamify-apk/streamify-apk/rust/target/debug/deps/libtokio-f3f08a9dc134f869.rlib --extern ureq=/home/runner/work/streamify-apk/streamify-apk/rust/target/debug/deps/libureq-177a3a693ef60d04.rlib --extern urlencoding=/home/runner/work/streamify-apk/streamify-apk/rust/target/debug/deps/liburlencoding-dec41bccca9542a3.rlib -L native=/home/runner/work/streamify-apk/streamify-apk/rust/target/debug/build/blake3-6e3e3e96b9a661df/out -L native=/home/runner/work/streamify-apk/streamify-apk/rust/target/debug/build/blake3-6e3e3e96b9a661df/out -L native=/home/runner/work/streamify-apk/streamify-apk/rust/target/debug/build/ring-a78f537f7e173377/out -L native=/home/runner/work/streamify-apk/streamify-apk/rust/target/debug/build/libsqlite3-sys-5126ff8af3648e6a/out`
[1m[92m     Running[0m `/home/runner/.rustup/toolchains/stable-x86_64-unknown-linux-gnu/bin/rustc --crate-name test_suite --edition=2021 tests/test_suite.rs --error-format=json --json=diagnostic-rendered-ansi,artifacts,future-incompat --emit=dep-info,link -C opt-level=2 -C embed-bitcode=no -C debuginfo=2 -C debug-assertions=on --test --check-cfg 'cfg(docsrs,test)' --check-cfg 'cfg(feature, values())' -C metadata=4cc3801b682f7b63 -C extra-filename=-00e288a1ee6bfc2a --out-dir /home/runner/work/streamify-apk/streamify-apk/rust/target/debug/deps -L dependency=/home/runner/work/streamify-apk/streamify-apk/rust/target/debug/deps --extern base64=/home/runner/work/streamify-apk/streamify-apk/rust/target/debug/deps/libbase64-0b630a6773013ed6.rlib --extern blake3=/home/runner/work/streamify-apk/streamify-apk/rust/target/debug/deps/libblake3-90f46a1bb8d72737.rlib --extern chacha20poly1305=/home/runner/work/streamify-apk/streamify-apk/rust/target/debug/deps/libchacha20poly1305-819e9b3d7f350491.rlib --extern ed25519_dalek=/home/runner/work/streamify-apk/streamify-apk/rust/target/debug/deps/libed25519_dalek-6294b07ef88e3783.rlib --extern hex=/home/runner/work/streamify-apk/streamify-apk/rust/target/debug/deps/libhex-e55990d4b9585364.rlib --extern hmac=/home/runner/work/streamify-apk/streamify-apk/rust/target/debug/deps/libhmac-6f86963a7d5bc1aa.rlib --extern jni=/home/runner/work/streamify-apk/streamify-apk/rust/target/debug/deps/libjni-fe948872ac256099.rlib --extern libc=/home/runner/work/streamify-apk/streamify-apk/rust/target/debug/deps/liblibc-9b8f2fd08e0acf77.rlib --extern lofty=/home/runner/work/streamify-apk/streamify-apk/rust/target/debug/deps/liblofty-b241ab89fa965ee8.rlib --extern miniz_oxide=/home/runner/work/streamify-apk/streamify-apk/rust/target/debug/deps/libminiz_oxide-0241c0916651c81d.rlib --extern rand=/home/runner/work/streamify-apk/streamify-apk/rust/target/debug/deps/librand-c4f903f72983ab50.rlib --extern regex=/home/runner/work/streamify-apk/streamify-apk/rust/target/debug/deps/libregex-de43427111e79df6.rlib --extern reqwest=/home/runner/work/streamify-apk/streamify-apk/rust/target/debug/deps/libreqwest-7b55eb3ef8c7d2b9.rlib --extern rusqlite=/home/runner/work/streamify-apk/streamify-apk/rust/target/debug/deps/librusqlite-f58db1c9d9eae991.rlib --extern serde=/home/runner/work/streamify-apk/streamify-apk/rust/target/debug/deps/libserde-060eb889817c8306.rlib --extern serde_json=/home/runner/work/streamify-apk/streamify-apk/rust/target/debug/deps/libserde_json-b4b88ded9137a386.rlib --extern sha1=/home/runner/work/streamify-apk/streamify-apk/rust/target/debug/deps/libsha1-dac39313e1e617c4.rlib --extern sha2=/home/runner/work/streamify-apk/streamify-apk/rust/target/debug/deps/libsha2-def3c28c9291db7a.rlib --extern socket2=/home/runner/work/streamify-apk/streamify-apk/rust/target/debug/deps/libsocket2-803d5dc309b51b4f.rlib --extern streamify_core_rs=/home/runner/work/streamify-apk/streamify-apk/rust/target/debug/deps/libstreamify_core_rs.rlib --extern strsim=/home/runner/work/streamify-apk/streamify-apk/rust/target/debug/deps/libstrsim-c4ed0cc7cfaf5286.rlib --extern tempfile=/home/runner/work/streamify-apk/streamify-apk/rust/target/debug/deps/libtempfile-14eb33faad33f963.rlib --extern tokio=/home/runner/work/streamify-apk/streamify-apk/rust/target/debug/deps/libtokio-f3f08a9dc134f869.rlib --extern ureq=/home/runner/work/streamify-apk/streamify-apk/rust/target/debug/deps/libureq-177a3a693ef60d04.rlib --extern urlencoding=/home/runner/work/streamify-apk/streamify-apk/rust/target/debug/deps/liburlencoding-dec41bccca9542a3.rlib -L native=/home/runner/work/streamify-apk/streamify-apk/rust/target/debug/build/blake3-6e3e3e96b9a661df/out -L native=/home/runner/work/streamify-apk/streamify-apk/rust/target/debug/build/blake3-6e3e3e96b9a661df/out -L native=/home/runner/work/streamify-apk/streamify-apk/rust/target/debug/build/ring-a78f537f7e173377/out -L native=/home/runner/work/streamify-apk/streamify-apk/rust/target/debug/build/libsqlite3-sys-5126ff8af3648e6a/out`
[1m[33mwarning[0m[1m: unused import: `CompiledLyricEntry`[0m
 [1m[94m--> [0mtests/test_suite.rs:3:33
  [1m[94m|[0m
[1m[94m3[0m [1m[94m|[0m use streamify_core_rs::lyrics::{CompiledLyricEntry, LyricCompiler};
  [1m[94m|[0m                                 [1m[33m^^^^^^^^^^^^^^^^^^[0m
  [1m[94m|[0m
  [1m[94m= [0m[1mnote[0m: `#[warn(unused_imports)]` (part of `#[warn(unused)]`) on by default

[1m[33mwarning[0m[1m: unused import: `streamify_core_rs::tagger::AudioMetadataEngine`[0m
 [1m[94m--> [0mtests/test_suite.rs:5:5
  [1m[94m|[0m
[1m[94m5[0m [1m[94m|[0m use streamify_core_rs::tagger::AudioMetadataEngine;
  [1m[94m|[0m     [1m[33m^^^^^^^^^^^^^^^^^^^^^^^^^^^^^^^^^^^^^^^^^^^^^^[0m

[1m[33mwarning[0m[1m: unnecessary `unsafe` block[0m
  [1m[94m--> [0mtests/test_suite.rs:60:5
   [1m[94m|[0m
[1m[94m60[0m [1m[94m|[0m     unsafe {
   [1m[94m|[0m     [1m[33m^^^^^^[0m [1m[33munnecessary `unsafe` block[0m
   [1m[94m|[0m
   [1m[94m= [0m[1mnote[0m: `#[warn(unused_unsafe)]` (part of `#[warn(unused)]`) on by default

[1m[33mwarning[0m[1m: unnecessary `unsafe` block[0m
   [1m[94m--> [0mtests/test_suite.rs:139:5
    [1m[94m|[0m
[1m[94m139[0m [1m[94m|[0m     unsafe {
    [1m[94m|[0m     [1m[33m^^^^^^[0m [1m[33munnecessary `unsafe` block[0m

[1m[33mwarning[0m: `streamify_core_rs` (test "test_suite") generated 4 warnings (run `cargo fix --test "test_suite" -p streamify_core_rs` to apply 2 suggestions)
[1m[92m     Running[0m `/home/runner/.rustup/toolchains/stable-x86_64-unknown-linux-gnu/bin/rustc --crate-name test_governance_topology --edition=2021 tests/test_governance_topology.rs --error-format=json --json=diagnostic-rendered-ansi,artifacts,future-incompat --emit=dep-info,link -C opt-level=2 -C embed-bitcode=no -C debuginfo=2 -C debug-assertions=on --test --check-cfg 'cfg(docsrs,test)' --check-cfg 'cfg(feature, values())' -C metadata=131ac6b189457525 -C extra-filename=-cf4d52c52423a2da --out-dir /home/runner/work/streamify-apk/streamify-apk/rust/target/debug/deps -L dependency=/home/runner/work/streamify-apk/streamify-apk/rust/target/debug/deps --extern base64=/home/runner/work/streamify-apk/streamify-apk/rust/target/debug/deps/libbase64-0b630a6773013ed6.rlib --extern blake3=/home/runner/work/streamify-apk/streamify-apk/rust/target/debug/deps/libblake3-90f46a1bb8d72737.rlib --extern chacha20poly1305=/home/runner/work/streamify-apk/streamify-apk/rust/target/debug/deps/libchacha20poly1305-819e9b3d7f350491.rlib --extern ed25519_dalek=/home/runner/work/streamify-apk/streamify-apk/rust/target/debug/deps/libed25519_dalek-6294b07ef88e3783.rlib --extern hex=/home/runner/work/streamify-apk/streamify-apk/rust/target/debug/deps/libhex-e55990d4b9585364.rlib --extern hmac=/home/runner/work/streamify-apk/streamify-apk/rust/target/debug/deps/libhmac-6f86963a7d5bc1aa.rlib --extern jni=/home/runner/work/streamify-apk/streamify-apk/rust/target/debug/deps/libjni-fe948872ac256099.rlib --extern libc=/home/runner/work/streamify-apk/streamify-apk/rust/target/debug/deps/liblibc-9b8f2fd08e0acf77.rlib --extern lofty=/home/runner/work/streamify-apk/streamify-apk/rust/target/debug/deps/liblofty-b241ab89fa965ee8.rlib --extern miniz_oxide=/home/runner/work/streamify-apk/streamify-apk/rust/target/debug/deps/libminiz_oxide-0241c0916651c81d.rlib --extern rand=/home/runner/work/streamify-apk/streamify-apk/rust/target/debug/deps/librand-c4f903f72983ab50.rlib --extern regex=/home/runner/work/streamify-apk/streamify-apk/rust/target/debug/deps/libregex-de43427111e79df6.rlib --extern reqwest=/home/runner/work/streamify-apk/streamify-apk/rust/target/debug/deps/libreqwest-7b55eb3ef8c7d2b9.rlib --extern rusqlite=/home/runner/work/streamify-apk/streamify-apk/rust/target/debug/deps/librusqlite-f58db1c9d9eae991.rlib --extern serde=/home/runner/work/streamify-apk/streamify-apk/rust/target/debug/deps/libserde-060eb889817c8306.rlib --extern serde_json=/home/runner/work/streamify-apk/streamify-apk/rust/target/debug/deps/libserde_json-b4b88ded9137a386.rlib --extern sha1=/home/runner/work/streamify-apk/streamify-apk/rust/target/debug/deps/libsha1-dac39313e1e617c4.rlib --extern sha2=/home/runner/work/streamify-apk/streamify-apk/rust/target/debug/deps/libsha2-def3c28c9291db7a.rlib --extern socket2=/home/runner/work/streamify-apk/streamify-apk/rust/target/debug/deps/libsocket2-803d5dc309b51b4f.rlib --extern streamify_core_rs=/home/runner/work/streamify-apk/streamify-apk/rust/target/debug/deps/libstreamify_core_rs.rlib --extern strsim=/home/runner/work/streamify-apk/streamify-apk/rust/target/debug/deps/libstrsim-c4ed0cc7cfaf5286.rlib --extern tempfile=/home/runner/work/streamify-apk/streamify-apk/rust/target/debug/deps/libtempfile-14eb33faad33f963.rlib --extern tokio=/home/runner/work/streamify-apk/streamify-apk/rust/target/debug/deps/libtokio-f3f08a9dc134f869.rlib --extern ureq=/home/runner/work/streamify-apk/streamify-apk/rust/target/debug/deps/libureq-177a3a693ef60d04.rlib --extern urlencoding=/home/runner/work/streamify-apk/streamify-apk/rust/target/debug/deps/liburlencoding-dec41bccca9542a3.rlib -L native=/home/runner/work/streamify-apk/streamify-apk/rust/target/debug/build/blake3-6e3e3e96b9a661df/out -L native=/home/runner/work/streamify-apk/streamify-apk/rust/target/debug/build/blake3-6e3e3e96b9a661df/out -L native=/home/runner/work/streamify-apk/streamify-apk/rust/target/debug/build/ring-a78f537f7e173377/out -L native=/home/runner/work/streamify-apk/streamify-apk/rust/target/debug/build/libsqlite3-sys-5126ff8af3648e6a/out`
[1m[92m     Running[0m `/home/runner/.rustup/toolchains/stable-x86_64-unknown-linux-gnu/bin/rustc --crate-name diagnose_bypass --edition=2021 examples/diagnose_bypass.rs --error-format=json --json=diagnostic-rendered-ansi,artifacts,future-incompat --crate-type bin --emit=dep-info,link -C opt-level=2 -C embed-bitcode=no -C debuginfo=2 -C debug-assertions=on --check-cfg 'cfg(docsrs,test)' --check-cfg 'cfg(feature, values())' -C metadata=c8366504ea52604c -C extra-filename=-f07c7f1c1c4023ae --out-dir /home/runner/work/streamify-apk/streamify-apk/rust/target/debug/examples -L dependency=/home/runner/work/streamify-apk/streamify-apk/rust/target/debug/deps --extern base64=/home/runner/work/streamify-apk/streamify-apk/rust/target/debug/deps/libbase64-0b630a6773013ed6.rlib --extern blake3=/home/runner/work/streamify-apk/streamify-apk/rust/target/debug/deps/libblake3-90f46a1bb8d72737.rlib --extern chacha20poly1305=/home/runner/work/streamify-apk/streamify-apk/rust/target/debug/deps/libchacha20poly1305-819e9b3d7f350491.rlib --extern ed25519_dalek=/home/runner/work/streamify-apk/streamify-apk/rust/target/debug/deps/libed25519_dalek-6294b07ef88e3783.rlib --extern hex=/home/runner/work/streamify-apk/streamify-apk/rust/target/debug/deps/libhex-e55990d4b9585364.rlib --extern hmac=/home/runner/work/streamify-apk/streamify-apk/rust/target/debug/deps/libhmac-6f86963a7d5bc1aa.rlib --extern jni=/home/runner/work/streamify-apk/streamify-apk/rust/target/debug/deps/libjni-fe948872ac256099.rlib --extern libc=/home/runner/work/streamify-apk/streamify-apk/rust/target/debug/deps/liblibc-9b8f2fd08e0acf77.rlib --extern lofty=/home/runner/work/streamify-apk/streamify-apk/rust/target/debug/deps/liblofty-b241ab89fa965ee8.rlib --extern miniz_oxide=/home/runner/work/streamify-apk/streamify-apk/rust/target/debug/deps/libminiz_oxide-0241c0916651c81d.rlib --extern rand=/home/runner/work/streamify-apk/streamify-apk/rust/target/debug/deps/librand-c4f903f72983ab50.rlib --extern regex=/home/runner/work/streamify-apk/streamify-apk/rust/target/debug/deps/libregex-de43427111e79df6.rlib --extern reqwest=/home/runner/work/streamify-apk/streamify-apk/rust/target/debug/deps/libreqwest-7b55eb3ef8c7d2b9.rlib --extern rusqlite=/home/runner/work/streamify-apk/streamify-apk/rust/target/debug/deps/librusqlite-f58db1c9d9eae991.rlib --extern serde=/home/runner/work/streamify-apk/streamify-apk/rust/target/debug/deps/libserde-060eb889817c8306.rlib --extern serde_json=/home/runner/work/streamify-apk/streamify-apk/rust/target/debug/deps/libserde_json-b4b88ded9137a386.rlib --extern sha1=/home/runner/work/streamify-apk/streamify-apk/rust/target/debug/deps/libsha1-dac39313e1e617c4.rlib --extern sha2=/home/runner/work/streamify-apk/streamify-apk/rust/target/debug/deps/libsha2-def3c28c9291db7a.rlib --extern socket2=/home/runner/work/streamify-apk/streamify-apk/rust/target/debug/deps/libsocket2-803d5dc309b51b4f.rlib --extern streamify_core_rs=/home/runner/work/streamify-apk/streamify-apk/rust/target/debug/deps/libstreamify_core_rs.rlib --extern strsim=/home/runner/work/streamify-apk/streamify-apk/rust/target/debug/deps/libstrsim-c4ed0cc7cfaf5286.rlib --extern tempfile=/home/runner/work/streamify-apk/streamify-apk/rust/target/debug/deps/libtempfile-14eb33faad33f963.rlib --extern tokio=/home/runner/work/streamify-apk/streamify-apk/rust/target/debug/deps/libtokio-f3f08a9dc134f869.rlib --extern ureq=/home/runner/work/streamify-apk/streamify-apk/rust/target/debug/deps/libureq-177a3a693ef60d04.rlib --extern urlencoding=/home/runner/work/streamify-apk/streamify-apk/rust/target/debug/deps/liburlencoding-dec41bccca9542a3.rlib -L native=/home/runner/work/streamify-apk/streamify-apk/rust/target/debug/build/blake3-6e3e3e96b9a661df/out -L native=/home/runner/work/streamify-apk/streamify-apk/rust/target/debug/build/blake3-6e3e3e96b9a661df/out -L native=/home/runner/work/streamify-apk/streamify-apk/rust/target/debug/build/ring-a78f537f7e173377/out -L native=/home/runner/work/streamify-apk/streamify-apk/rust/target/debug/build/libsqlite3-sys-5126ff8af3648e6a/out`
[1m[33mwarning[0m: `streamify_core_rs` (lib test) generated 29 warnings (28 duplicates)
[1m[92m     Running[0m `/home/runner/.rustup/toolchains/stable-x86_64-unknown-linux-gnu/bin/rustc --crate-name test_mesh_gossip --edition=2021 tests/test_mesh_gossip.rs --error-format=json --json=diagnostic-rendered-ansi,artifacts,future-incompat --emit=dep-info,link -C opt-level=2 -C embed-bitcode=no -C debuginfo=2 -C debug-assertions=on --test --check-cfg 'cfg(docsrs,test)' --check-cfg 'cfg(feature, values())' -C metadata=ecc0f3d083f57cd6 -C extra-filename=-1f1cf64d25f567d8 --out-dir /home/runner/work/streamify-apk/streamify-apk/rust/target/debug/deps -L dependency=/home/runner/work/streamify-apk/streamify-apk/rust/target/debug/deps --extern base64=/home/runner/work/streamify-apk/streamify-apk/rust/target/debug/deps/libbase64-0b630a6773013ed6.rlib --extern blake3=/home/runner/work/streamify-apk/streamify-apk/rust/target/debug/deps/libblake3-90f46a1bb8d72737.rlib --extern chacha20poly1305=/home/runner/work/streamify-apk/streamify-apk/rust/target/debug/deps/libchacha20poly1305-819e9b3d7f350491.rlib --extern ed25519_dalek=/home/runner/work/streamify-apk/streamify-apk/rust/target/debug/deps/libed25519_dalek-6294b07ef88e3783.rlib --extern hex=/home/runner/work/streamify-apk/streamify-apk/rust/target/debug/deps/libhex-e55990d4b9585364.rlib --extern hmac=/home/runner/work/streamify-apk/streamify-apk/rust/target/debug/deps/libhmac-6f86963a7d5bc1aa.rlib --extern jni=/home/runner/work/streamify-apk/streamify-apk/rust/target/debug/deps/libjni-fe948872ac256099.rlib --extern libc=/home/runner/work/streamify-apk/streamify-apk/rust/target/debug/deps/liblibc-9b8f2fd08e0acf77.rlib --extern lofty=/home/runner/work/streamify-apk/streamify-apk/rust/target/debug/deps/liblofty-b241ab89fa965ee8.rlib --extern miniz_oxide=/home/runner/work/streamify-apk/streamify-apk/rust/target/debug/deps/libminiz_oxide-0241c0916651c81d.rlib --extern rand=/home/runner/work/streamify-apk/streamify-apk/rust/target/debug/deps/librand-c4f903f72983ab50.rlib --extern regex=/home/runner/work/streamify-apk/streamify-apk/rust/target/debug/deps/libregex-de43427111e79df6.rlib --extern reqwest=/home/runner/work/streamify-apk/streamify-apk/rust/target/debug/deps/libreqwest-7b55eb3ef8c7d2b9.rlib --extern rusqlite=/home/runner/work/streamify-apk/streamify-apk/rust/target/debug/deps/librusqlite-f58db1c9d9eae991.rlib --extern serde=/home/runner/work/streamify-apk/streamify-apk/rust/target/debug/deps/libserde-060eb889817c8306.rlib --extern serde_json=/home/runner/work/streamify-apk/streamify-apk/rust/target/debug/deps/libserde_json-b4b88ded9137a386.rlib --extern sha1=/home/runner/work/streamify-apk/streamify-apk/rust/target/debug/deps/libsha1-dac39313e1e617c4.rlib --extern sha2=/home/runner/work/streamify-apk/streamify-apk/rust/target/debug/deps/libsha2-def3c28c9291db7a.rlib --extern socket2=/home/runner/work/streamify-apk/streamify-apk/rust/target/debug/deps/libsocket2-803d5dc309b51b4f.rlib --extern streamify_core_rs=/home/runner/work/streamify-apk/streamify-apk/rust/target/debug/deps/libstreamify_core_rs.rlib --extern strsim=/home/runner/work/streamify-apk/streamify-apk/rust/target/debug/deps/libstrsim-c4ed0cc7cfaf5286.rlib --extern tempfile=/home/runner/work/streamify-apk/streamify-apk/rust/target/debug/deps/libtempfile-14eb33faad33f963.rlib --extern tokio=/home/runner/work/streamify-apk/streamify-apk/rust/target/debug/deps/libtokio-f3f08a9dc134f869.rlib --extern ureq=/home/runner/work/streamify-apk/streamify-apk/rust/target/debug/deps/libureq-177a3a693ef60d04.rlib --extern urlencoding=/home/runner/work/streamify-apk/streamify-apk/rust/target/debug/deps/liburlencoding-dec41bccca9542a3.rlib -L native=/home/runner/work/streamify-apk/streamify-apk/rust/target/debug/build/blake3-6e3e3e96b9a661df/out -L native=/home/runner/work/streamify-apk/streamify-apk/rust/target/debug/build/blake3-6e3e3e96b9a661df/out -L native=/home/runner/work/streamify-apk/streamify-apk/rust/target/debug/build/ring-a78f537f7e173377/out -L native=/home/runner/work/streamify-apk/streamify-apk/rust/target/debug/build/libsqlite3-sys-5126ff8af3648e6a/out`
[1m[92m     Running[0m `/home/runner/.rustup/toolchains/stable-x86_64-unknown-linux-gnu/bin/rustc --crate-name test_anon_live --edition=2021 examples/test_anon_live.rs --error-format=json --json=diagnostic-rendered-ansi,artifacts,future-incompat --crate-type bin --emit=dep-info,link -C opt-level=2 -C embed-bitcode=no -C debuginfo=2 -C debug-assertions=on --check-cfg 'cfg(docsrs,test)' --check-cfg 'cfg(feature, values())' -C metadata=5f9c87925dcb872d -C extra-filename=-aa367fdae20122db --out-dir /home/runner/work/streamify-apk/streamify-apk/rust/target/debug/examples -L dependency=/home/runner/work/streamify-apk/streamify-apk/rust/target/debug/deps --extern base64=/home/runner/work/streamify-apk/streamify-apk/rust/target/debug/deps/libbase64-0b630a6773013ed6.rlib --extern blake3=/home/runner/work/streamify-apk/streamify-apk/rust/target/debug/deps/libblake3-90f46a1bb8d72737.rlib --extern chacha20poly1305=/home/runner/work/streamify-apk/streamify-apk/rust/target/debug/deps/libchacha20poly1305-819e9b3d7f350491.rlib --extern ed25519_dalek=/home/runner/work/streamify-apk/streamify-apk/rust/target/debug/deps/libed25519_dalek-6294b07ef88e3783.rlib --extern hex=/home/runner/work/streamify-apk/streamify-apk/rust/target/debug/deps/libhex-e55990d4b9585364.rlib --extern hmac=/home/runner/work/streamify-apk/streamify-apk/rust/target/debug/deps/libhmac-6f86963a7d5bc1aa.rlib --extern jni=/home/runner/work/streamify-apk/streamify-apk/rust/target/debug/deps/libjni-fe948872ac256099.rlib --extern libc=/home/runner/work/streamify-apk/streamify-apk/rust/target/debug/deps/liblibc-9b8f2fd08e0acf77.rlib --extern lofty=/home/runner/work/streamify-apk/streamify-apk/rust/target/debug/deps/liblofty-b241ab89fa965ee8.rlib --extern miniz_oxide=/home/runner/work/streamify-apk/streamify-apk/rust/target/debug/deps/libminiz_oxide-0241c0916651c81d.rlib --extern rand=/home/runner/work/streamify-apk/streamify-apk/rust/target/debug/deps/librand-c4f903f72983ab50.rlib --extern regex=/home/runner/work/streamify-apk/streamify-apk/rust/target/debug/deps/libregex-de43427111e79df6.rlib --extern reqwest=/home/runner/work/streamify-apk/streamify-apk/rust/target/debug/deps/libreqwest-7b55eb3ef8c7d2b9.rlib --extern rusqlite=/home/runner/work/streamify-apk/streamify-apk/rust/target/debug/deps/librusqlite-f58db1c9d9eae991.rlib --extern serde=/home/runner/work/streamify-apk/streamify-apk/rust/target/debug/deps/libserde-060eb889817c8306.rlib --extern serde_json=/home/runner/work/streamify-apk/streamify-apk/rust/target/debug/deps/libserde_json-b4b88ded9137a386.rlib --extern sha1=/home/runner/work/streamify-apk/streamify-apk/rust/target/debug/deps/libsha1-dac39313e1e617c4.rlib --extern sha2=/home/runner/work/streamify-apk/streamify-apk/rust/target/debug/deps/libsha2-def3c28c9291db7a.rlib --extern socket2=/home/runner/work/streamify-apk/streamify-apk/rust/target/debug/deps/libsocket2-803d5dc309b51b4f.rlib --extern streamify_core_rs=/home/runner/work/streamify-apk/streamify-apk/rust/target/debug/deps/libstreamify_core_rs.rlib --extern strsim=/home/runner/work/streamify-apk/streamify-apk/rust/target/debug/deps/libstrsim-c4ed0cc7cfaf5286.rlib --extern tempfile=/home/runner/work/streamify-apk/streamify-apk/rust/target/debug/deps/libtempfile-14eb33faad33f963.rlib --extern tokio=/home/runner/work/streamify-apk/streamify-apk/rust/target/debug/deps/libtokio-f3f08a9dc134f869.rlib --extern ureq=/home/runner/work/streamify-apk/streamify-apk/rust/target/debug/deps/libureq-177a3a693ef60d04.rlib --extern urlencoding=/home/runner/work/streamify-apk/streamify-apk/rust/target/debug/deps/liburlencoding-dec41bccca9542a3.rlib -L native=/home/runner/work/streamify-apk/streamify-apk/rust/target/debug/build/blake3-6e3e3e96b9a661df/out -L native=/home/runner/work/streamify-apk/streamify-apk/rust/target/debug/build/blake3-6e3e3e96b9a661df/out -L native=/home/runner/work/streamify-apk/streamify-apk/rust/target/debug/build/ring-a78f537f7e173377/out -L native=/home/runner/work/streamify-apk/streamify-apk/rust/target/debug/build/libsqlite3-sys-5126ff8af3648e6a/out`
[1m[33mwarning[0m[1m: variable does not need to be mutable[0m
  [1m[94m--> [0mexamples/test_anon_live.rs:14:25
   [1m[94m|[0m
[1m[94m14[0m [1m[94m|[0m                     let mut req = ureq::get(&url).set("Range", "bytes=0-262143");
   [1m[94m|[0m                         [1m[94m----[0m[1m[33m^^^[0m
   [1m[94m|[0m                         [1m[94m|[0m
   [1m[94m|[0m                         [1m[94mhelp: remove this `mut`[0m
   [1m[94m|[0m
   [1m[94m= [0m[1mnote[0m: `#[warn(unused_mut)]` (part of `#[warn(unused)]`) on by default

[1m[92m     Running[0m `/home/runner/.rustup/toolchains/stable-x86_64-unknown-linux-gnu/bin/rustc --crate-name demo_import_playlist --edition=2021 examples/demo_import_playlist.rs --error-format=json --json=diagnostic-rendered-ansi,artifacts,future-incompat --crate-type bin --emit=dep-info,link -C opt-level=2 -C embed-bitcode=no -C debuginfo=2 -C debug-assertions=on --check-cfg 'cfg(docsrs,test)' --check-cfg 'cfg(feature, values())' -C metadata=4c1dc9caf2951773 -C extra-filename=-640236ff8542362b --out-dir /home/runner/work/streamify-apk/streamify-apk/rust/target/debug/examples -L dependency=/home/runner/work/streamify-apk/streamify-apk/rust/target/debug/deps --extern base64=/home/runner/work/streamify-apk/streamify-apk/rust/target/debug/deps/libbase64-0b630a6773013ed6.rlib --extern blake3=/home/runner/work/streamify-apk/streamify-apk/rust/target/debug/deps/libblake3-90f46a1bb8d72737.rlib --extern chacha20poly1305=/home/runner/work/streamify-apk/streamify-apk/rust/target/debug/deps/libchacha20poly1305-819e9b3d7f350491.rlib --extern ed25519_dalek=/home/runner/work/streamify-apk/streamify-apk/rust/target/debug/deps/libed25519_dalek-6294b07ef88e3783.rlib --extern hex=/home/runner/work/streamify-apk/streamify-apk/rust/target/debug/deps/libhex-e55990d4b9585364.rlib --extern hmac=/home/runner/work/streamify-apk/streamify-apk/rust/target/debug/deps/libhmac-6f86963a7d5bc1aa.rlib --extern jni=/home/runner/work/streamify-apk/streamify-apk/rust/target/debug/deps/libjni-fe948872ac256099.rlib --extern libc=/home/runner/work/streamify-apk/streamify-apk/rust/target/debug/deps/liblibc-9b8f2fd08e0acf77.rlib --extern lofty=/home/runner/work/streamify-apk/streamify-apk/rust/target/debug/deps/liblofty-b241ab89fa965ee8.rlib --extern miniz_oxide=/home/runner/work/streamify-apk/streamify-apk/rust/target/debug/deps/libminiz_oxide-0241c0916651c81d.rlib --extern rand=/home/runner/work/streamify-apk/streamify-apk/rust/target/debug/deps/librand-c4f903f72983ab50.rlib --extern regex=/home/runner/work/streamify-apk/streamify-apk/rust/target/debug/deps/libregex-de43427111e79df6.rlib --extern reqwest=/home/runner/work/streamify-apk/streamify-apk/rust/target/debug/deps/libreqwest-7b55eb3ef8c7d2b9.rlib --extern rusqlite=/home/runner/work/streamify-apk/streamify-apk/rust/target/debug/deps/librusqlite-f58db1c9d9eae991.rlib --extern serde=/home/runner/work/streamify-apk/streamify-apk/rust/target/debug/deps/libserde-060eb889817c8306.rlib --extern serde_json=/home/runner/work/streamify-apk/streamify-apk/rust/target/debug/deps/libserde_json-b4b88ded9137a386.rlib --extern sha1=/home/runner/work/streamify-apk/streamify-apk/rust/target/debug/deps/libsha1-dac39313e1e617c4.rlib --extern sha2=/home/runner/work/streamify-apk/streamify-apk/rust/target/debug/deps/libsha2-def3c28c9291db7a.rlib --extern socket2=/home/runner/work/streamify-apk/streamify-apk/rust/target/debug/deps/libsocket2-803d5dc309b51b4f.rlib --extern streamify_core_rs=/home/runner/work/streamify-apk/streamify-apk/rust/target/debug/deps/libstreamify_core_rs.rlib --extern strsim=/home/runner/work/streamify-apk/streamify-apk/rust/target/debug/deps/libstrsim-c4ed0cc7cfaf5286.rlib --extern tempfile=/home/runner/work/streamify-apk/streamify-apk/rust/target/debug/deps/libtempfile-14eb33faad33f963.rlib --extern tokio=/home/runner/work/streamify-apk/streamify-apk/rust/target/debug/deps/libtokio-f3f08a9dc134f869.rlib --extern ureq=/home/runner/work/streamify-apk/streamify-apk/rust/target/debug/deps/libureq-177a3a693ef60d04.rlib --extern urlencoding=/home/runner/work/streamify-apk/streamify-apk/rust/target/debug/deps/liburlencoding-dec41bccca9542a3.rlib -L native=/home/runner/work/streamify-apk/streamify-apk/rust/target/debug/build/blake3-6e3e3e96b9a661df/out -L native=/home/runner/work/streamify-apk/streamify-apk/rust/target/debug/build/blake3-6e3e3e96b9a661df/out -L native=/home/runner/work/streamify-apk/streamify-apk/rust/target/debug/build/ring-a78f537f7e173377/out -L native=/home/runner/work/streamify-apk/streamify-apk/rust/target/debug/build/libsqlite3-sys-5126ff8af3648e6a/out`
[1m[92m     Running[0m `/home/runner/.rustup/toolchains/stable-x86_64-unknown-linux-gnu/bin/rustc --crate-name test_p2p_swarmer --edition=2021 tests/test_p2p_swarmer.rs --error-format=json --json=diagnostic-rendered-ansi,artifacts,future-incompat --emit=dep-info,link -C opt-level=2 -C embed-bitcode=no -C debuginfo=2 -C debug-assertions=on --test --check-cfg 'cfg(docsrs,test)' --check-cfg 'cfg(feature, values())' -C metadata=6716c1aa8e4baab9 -C extra-filename=-de2c28ba59193765 --out-dir /home/runner/work/streamify-apk/streamify-apk/rust/target/debug/deps -L dependency=/home/runner/work/streamify-apk/streamify-apk/rust/target/debug/deps --extern base64=/home/runner/work/streamify-apk/streamify-apk/rust/target/debug/deps/libbase64-0b630a6773013ed6.rlib --extern blake3=/home/runner/work/streamify-apk/streamify-apk/rust/target/debug/deps/libblake3-90f46a1bb8d72737.rlib --extern chacha20poly1305=/home/runner/work/streamify-apk/streamify-apk/rust/target/debug/deps/libchacha20poly1305-819e9b3d7f350491.rlib --extern ed25519_dalek=/home/runner/work/streamify-apk/streamify-apk/rust/target/debug/deps/libed25519_dalek-6294b07ef88e3783.rlib --extern hex=/home/runner/work/streamify-apk/streamify-apk/rust/target/debug/deps/libhex-e55990d4b9585364.rlib --extern hmac=/home/runner/work/streamify-apk/streamify-apk/rust/target/debug/deps/libhmac-6f86963a7d5bc1aa.rlib --extern jni=/home/runner/work/streamify-apk/streamify-apk/rust/target/debug/deps/libjni-fe948872ac256099.rlib --extern libc=/home/runner/work/streamify-apk/streamify-apk/rust/target/debug/deps/liblibc-9b8f2fd08e0acf77.rlib --extern lofty=/home/runner/work/streamify-apk/streamify-apk/rust/target/debug/deps/liblofty-b241ab89fa965ee8.rlib --extern miniz_oxide=/home/runner/work/streamify-apk/streamify-apk/rust/target/debug/deps/libminiz_oxide-0241c0916651c81d.rlib --extern rand=/home/runner/work/streamify-apk/streamify-apk/rust/target/debug/deps/librand-c4f903f72983ab50.rlib --extern regex=/home/runner/work/streamify-apk/streamify-apk/rust/target/debug/deps/libregex-de43427111e79df6.rlib --extern reqwest=/home/runner/work/streamify-apk/streamify-apk/rust/target/debug/deps/libreqwest-7b55eb3ef8c7d2b9.rlib --extern rusqlite=/home/runner/work/streamify-apk/streamify-apk/rust/target/debug/deps/librusqlite-f58db1c9d9eae991.rlib --extern serde=/home/runner/work/streamify-apk/streamify-apk/rust/target/debug/deps/libserde-060eb889817c8306.rlib --extern serde_json=/home/runner/work/streamify-apk/streamify-apk/rust/target/debug/deps/libserde_json-b4b88ded9137a386.rlib --extern sha1=/home/runner/work/streamify-apk/streamify-apk/rust/target/debug/deps/libsha1-dac39313e1e617c4.rlib --extern sha2=/home/runner/work/streamify-apk/streamify-apk/rust/target/debug/deps/libsha2-def3c28c9291db7a.rlib --extern socket2=/home/runner/work/streamify-apk/streamify-apk/rust/target/debug/deps/libsocket2-803d5dc309b51b4f.rlib --extern streamify_core_rs=/home/runner/work/streamify-apk/streamify-apk/rust/target/debug/deps/libstreamify_core_rs.rlib --extern strsim=/home/runner/work/streamify-apk/streamify-apk/rust/target/debug/deps/libstrsim-c4ed0cc7cfaf5286.rlib --extern tempfile=/home/runner/work/streamify-apk/streamify-apk/rust/target/debug/deps/libtempfile-14eb33faad33f963.rlib --extern tokio=/home/runner/work/streamify-apk/streamify-apk/rust/target/debug/deps/libtokio-f3f08a9dc134f869.rlib --extern ureq=/home/runner/work/streamify-apk/streamify-apk/rust/target/debug/deps/libureq-177a3a693ef60d04.rlib --extern urlencoding=/home/runner/work/streamify-apk/streamify-apk/rust/target/debug/deps/liburlencoding-dec41bccca9542a3.rlib -L native=/home/runner/work/streamify-apk/streamify-apk/rust/target/debug/build/blake3-6e3e3e96b9a661df/out -L native=/home/runner/work/streamify-apk/streamify-apk/rust/target/debug/build/blake3-6e3e3e96b9a661df/out -L native=/home/runner/work/streamify-apk/streamify-apk/rust/target/debug/build/ring-a78f537f7e173377/out -L native=/home/runner/work/streamify-apk/streamify-apk/rust/target/debug/build/libsqlite3-sys-5126ff8af3648e6a/out`
[1m[92m     Running[0m `/home/runner/.rustup/toolchains/stable-x86_64-unknown-linux-gnu/bin/rustc --crate-name test_collab_playlist_crdt --edition=2021 tests/test_collab_playlist_crdt.rs --error-format=json --json=diagnostic-rendered-ansi,artifacts,future-incompat --emit=dep-info,link -C opt-level=2 -C embed-bitcode=no -C debuginfo=2 -C debug-assertions=on --test --check-cfg 'cfg(docsrs,test)' --check-cfg 'cfg(feature, values())' -C metadata=6e14fddad832de85 -C extra-filename=-8483567b041e587a --out-dir /home/runner/work/streamify-apk/streamify-apk/rust/target/debug/deps -L dependency=/home/runner/work/streamify-apk/streamify-apk/rust/target/debug/deps --extern base64=/home/runner/work/streamify-apk/streamify-apk/rust/target/debug/deps/libbase64-0b630a6773013ed6.rlib --extern blake3=/home/runner/work/streamify-apk/streamify-apk/rust/target/debug/deps/libblake3-90f46a1bb8d72737.rlib --extern chacha20poly1305=/home/runner/work/streamify-apk/streamify-apk/rust/target/debug/deps/libchacha20poly1305-819e9b3d7f350491.rlib --extern ed25519_dalek=/home/runner/work/streamify-apk/streamify-apk/rust/target/debug/deps/libed25519_dalek-6294b07ef88e3783.rlib --extern hex=/home/runner/work/streamify-apk/streamify-apk/rust/target/debug/deps/libhex-e55990d4b9585364.rlib --extern hmac=/home/runner/work/streamify-apk/streamify-apk/rust/target/debug/deps/libhmac-6f86963a7d5bc1aa.rlib --extern jni=/home/runner/work/streamify-apk/streamify-apk/rust/target/debug/deps/libjni-fe948872ac256099.rlib --extern libc=/home/runner/work/streamify-apk/streamify-apk/rust/target/debug/deps/liblibc-9b8f2fd08e0acf77.rlib --extern lofty=/home/runner/work/streamify-apk/streamify-apk/rust/target/debug/deps/liblofty-b241ab89fa965ee8.rlib --extern miniz_oxide=/home/runner/work/streamify-apk/streamify-apk/rust/target/debug/deps/libminiz_oxide-0241c0916651c81d.rlib --extern rand=/home/runner/work/streamify-apk/streamify-apk/rust/target/debug/deps/librand-c4f903f72983ab50.rlib --extern regex=/home/runner/work/streamify-apk/streamify-apk/rust/target/debug/deps/libregex-de43427111e79df6.rlib --extern reqwest=/home/runner/work/streamify-apk/streamify-apk/rust/target/debug/deps/libreqwest-7b55eb3ef8c7d2b9.rlib --extern rusqlite=/home/runner/work/streamify-apk/streamify-apk/rust/target/debug/deps/librusqlite-f58db1c9d9eae991.rlib --extern serde=/home/runner/work/streamify-apk/streamify-apk/rust/target/debug/deps/libserde-060eb889817c8306.rlib --extern serde_json=/home/runner/work/streamify-apk/streamify-apk/rust/target/debug/deps/libserde_json-b4b88ded9137a386.rlib --extern sha1=/home/runner/work/streamify-apk/streamify-apk/rust/target/debug/deps/libsha1-dac39313e1e617c4.rlib --extern sha2=/home/runner/work/streamify-apk/streamify-apk/rust/target/debug/deps/libsha2-def3c28c9291db7a.rlib --extern socket2=/home/runner/work/streamify-apk/streamify-apk/rust/target/debug/deps/libsocket2-803d5dc309b51b4f.rlib --extern streamify_core_rs=/home/runner/work/streamify-apk/streamify-apk/rust/target/debug/deps/libstreamify_core_rs.rlib --extern strsim=/home/runner/work/streamify-apk/streamify-apk/rust/target/debug/deps/libstrsim-c4ed0cc7cfaf5286.rlib --extern tempfile=/home/runner/work/streamify-apk/streamify-apk/rust/target/debug/deps/libtempfile-14eb33faad33f963.rlib --extern tokio=/home/runner/work/streamify-apk/streamify-apk/rust/target/debug/deps/libtokio-f3f08a9dc134f869.rlib --extern ureq=/home/runner/work/streamify-apk/streamify-apk/rust/target/debug/deps/libureq-177a3a693ef60d04.rlib --extern urlencoding=/home/runner/work/streamify-apk/streamify-apk/rust/target/debug/deps/liburlencoding-dec41bccca9542a3.rlib -L native=/home/runner/work/streamify-apk/streamify-apk/rust/target/debug/build/blake3-6e3e3e96b9a661df/out -L native=/home/runner/work/streamify-apk/streamify-apk/rust/target/debug/build/blake3-6e3e3e96b9a661df/out -L native=/home/runner/work/streamify-apk/streamify-apk/rust/target/debug/build/ring-a78f537f7e173377/out -L native=/home/runner/work/streamify-apk/streamify-apk/rust/target/debug/build/libsqlite3-sys-5126ff8af3648e6a/out`
[1m[92m     Running[0m `/home/runner/.rustup/toolchains/stable-x86_64-unknown-linux-gnu/bin/rustc --crate-name demo_resolve_cdn --edition=2021 examples/demo_resolve_cdn.rs --error-format=json --json=diagnostic-rendered-ansi,artifacts,future-incompat --crate-type bin --emit=dep-info,link -C opt-level=2 -C embed-bitcode=no -C debuginfo=2 -C debug-assertions=on --check-cfg 'cfg(docsrs,test)' --check-cfg 'cfg(feature, values())' -C metadata=1d43fe79f38bb611 -C extra-filename=-98d851e37d16079a --out-dir /home/runner/work/streamify-apk/streamify-apk/rust/target/debug/examples -L dependency=/home/runner/work/streamify-apk/streamify-apk/rust/target/debug/deps --extern base64=/home/runner/work/streamify-apk/streamify-apk/rust/target/debug/deps/libbase64-0b630a6773013ed6.rlib --extern blake3=/home/runner/work/streamify-apk/streamify-apk/rust/target/debug/deps/libblake3-90f46a1bb8d72737.rlib --extern chacha20poly1305=/home/runner/work/streamify-apk/streamify-apk/rust/target/debug/deps/libchacha20poly1305-819e9b3d7f350491.rlib --extern ed25519_dalek=/home/runner/work/streamify-apk/streamify-apk/rust/target/debug/deps/libed25519_dalek-6294b07ef88e3783.rlib --extern hex=/home/runner/work/streamify-apk/streamify-apk/rust/target/debug/deps/libhex-e55990d4b9585364.rlib --extern hmac=/home/runner/work/streamify-apk/streamify-apk/rust/target/debug/deps/libhmac-6f86963a7d5bc1aa.rlib --extern jni=/home/runner/work/streamify-apk/streamify-apk/rust/target/debug/deps/libjni-fe948872ac256099.rlib --extern libc=/home/runner/work/streamify-apk/streamify-apk/rust/target/debug/deps/liblibc-9b8f2fd08e0acf77.rlib --extern lofty=/home/runner/work/streamify-apk/streamify-apk/rust/target/debug/deps/liblofty-b241ab89fa965ee8.rlib --extern miniz_oxide=/home/runner/work/streamify-apk/streamify-apk/rust/target/debug/deps/libminiz_oxide-0241c0916651c81d.rlib --extern rand=/home/runner/work/streamify-apk/streamify-apk/rust/target/debug/deps/librand-c4f903f72983ab50.rlib --extern regex=/home/runner/work/streamify-apk/streamify-apk/rust/target/debug/deps/libregex-de43427111e79df6.rlib --extern reqwest=/home/runner/work/streamify-apk/streamify-apk/rust/target/debug/deps/libreqwest-7b55eb3ef8c7d2b9.rlib --extern rusqlite=/home/runner/work/streamify-apk/streamify-apk/rust/target/debug/deps/librusqlite-f58db1c9d9eae991.rlib --extern serde=/home/runner/work/streamify-apk/streamify-apk/rust/target/debug/deps/libserde-060eb889817c8306.rlib --extern serde_json=/home/runner/work/streamify-apk/streamify-apk/rust/target/debug/deps/libserde_json-b4b88ded9137a386.rlib --extern sha1=/home/runner/work/streamify-apk/streamify-apk/rust/target/debug/deps/libsha1-dac39313e1e617c4.rlib --extern sha2=/home/runner/work/streamify-apk/streamify-apk/rust/target/debug/deps/libsha2-def3c28c9291db7a.rlib --extern socket2=/home/runner/work/streamify-apk/streamify-apk/rust/target/debug/deps/libsocket2-803d5dc309b51b4f.rlib --extern streamify_core_rs=/home/runner/work/streamify-apk/streamify-apk/rust/target/debug/deps/libstreamify_core_rs.rlib --extern strsim=/home/runner/work/streamify-apk/streamify-apk/rust/target/debug/deps/libstrsim-c4ed0cc7cfaf5286.rlib --extern tempfile=/home/runner/work/streamify-apk/streamify-apk/rust/target/debug/deps/libtempfile-14eb33faad33f963.rlib --extern tokio=/home/runner/work/streamify-apk/streamify-apk/rust/target/debug/deps/libtokio-f3f08a9dc134f869.rlib --extern ureq=/home/runner/work/streamify-apk/streamify-apk/rust/target/debug/deps/libureq-177a3a693ef60d04.rlib --extern urlencoding=/home/runner/work/streamify-apk/streamify-apk/rust/target/debug/deps/liburlencoding-dec41bccca9542a3.rlib -L native=/home/runner/work/streamify-apk/streamify-apk/rust/target/debug/build/blake3-6e3e3e96b9a661df/out -L native=/home/runner/work/streamify-apk/streamify-apk/rust/target/debug/build/blake3-6e3e3e96b9a661df/out -L native=/home/runner/work/streamify-apk/streamify-apk/rust/target/debug/build/ring-a78f537f7e173377/out -L native=/home/runner/work/streamify-apk/streamify-apk/rust/target/debug/build/libsqlite3-sys-5126ff8af3648e6a/out`
[1m[92m     Running[0m `/home/runner/.rustup/toolchains/stable-x86_64-unknown-linux-gnu/bin/rustc --crate-name diagnose_auth --edition=2021 examples/diagnose_auth.rs --error-format=json --json=diagnostic-rendered-ansi,artifacts,future-incompat --crate-type bin --emit=dep-info,link -C opt-level=2 -C embed-bitcode=no -C debuginfo=2 -C debug-assertions=on --check-cfg 'cfg(docsrs,test)' --check-cfg 'cfg(feature, values())' -C metadata=542fdeeed26d247f -C extra-filename=-e6ab59763fe6e0a1 --out-dir /home/runner/work/streamify-apk/streamify-apk/rust/target/debug/examples -L dependency=/home/runner/work/streamify-apk/streamify-apk/rust/target/debug/deps --extern base64=/home/runner/work/streamify-apk/streamify-apk/rust/target/debug/deps/libbase64-0b630a6773013ed6.rlib --extern blake3=/home/runner/work/streamify-apk/streamify-apk/rust/target/debug/deps/libblake3-90f46a1bb8d72737.rlib --extern chacha20poly1305=/home/runner/work/streamify-apk/streamify-apk/rust/target/debug/deps/libchacha20poly1305-819e9b3d7f350491.rlib --extern ed25519_dalek=/home/runner/work/streamify-apk/streamify-apk/rust/target/debug/deps/libed25519_dalek-6294b07ef88e3783.rlib --extern hex=/home/runner/work/streamify-apk/streamify-apk/rust/target/debug/deps/libhex-e55990d4b9585364.rlib --extern hmac=/home/runner/work/streamify-apk/streamify-apk/rust/target/debug/deps/libhmac-6f86963a7d5bc1aa.rlib --extern jni=/home/runner/work/streamify-apk/streamify-apk/rust/target/debug/deps/libjni-fe948872ac256099.rlib --extern libc=/home/runner/work/streamify-apk/streamify-apk/rust/target/debug/deps/liblibc-9b8f2fd08e0acf77.rlib --extern lofty=/home/runner/work/streamify-apk/streamify-apk/rust/target/debug/deps/liblofty-b241ab89fa965ee8.rlib --extern miniz_oxide=/home/runner/work/streamify-apk/streamify-apk/rust/target/debug/deps/libminiz_oxide-0241c0916651c81d.rlib --extern rand=/home/runner/work/streamify-apk/streamify-apk/rust/target/debug/deps/librand-c4f903f72983ab50.rlib --extern regex=/home/runner/work/streamify-apk/streamify-apk/rust/target/debug/deps/libregex-de43427111e79df6.rlib --extern reqwest=/home/runner/work/streamify-apk/streamify-apk/rust/target/debug/deps/libreqwest-7b55eb3ef8c7d2b9.rlib --extern rusqlite=/home/runner/work/streamify-apk/streamify-apk/rust/target/debug/deps/librusqlite-f58db1c9d9eae991.rlib --extern serde=/home/runner/work/streamify-apk/streamify-apk/rust/target/debug/deps/libserde-060eb889817c8306.rlib --extern serde_json=/home/runner/work/streamify-apk/streamify-apk/rust/target/debug/deps/libserde_json-b4b88ded9137a386.rlib --extern sha1=/home/runner/work/streamify-apk/streamify-apk/rust/target/debug/deps/libsha1-dac39313e1e617c4.rlib --extern sha2=/home/runner/work/streamify-apk/streamify-apk/rust/target/debug/deps/libsha2-def3c28c9291db7a.rlib --extern socket2=/home/runner/work/streamify-apk/streamify-apk/rust/target/debug/deps/libsocket2-803d5dc309b51b4f.rlib --extern streamify_core_rs=/home/runner/work/streamify-apk/streamify-apk/rust/target/debug/deps/libstreamify_core_rs.rlib --extern strsim=/home/runner/work/streamify-apk/streamify-apk/rust/target/debug/deps/libstrsim-c4ed0cc7cfaf5286.rlib --extern tempfile=/home/runner/work/streamify-apk/streamify-apk/rust/target/debug/deps/libtempfile-14eb33faad33f963.rlib --extern tokio=/home/runner/work/streamify-apk/streamify-apk/rust/target/debug/deps/libtokio-f3f08a9dc134f869.rlib --extern ureq=/home/runner/work/streamify-apk/streamify-apk/rust/target/debug/deps/libureq-177a3a693ef60d04.rlib --extern urlencoding=/home/runner/work/streamify-apk/streamify-apk/rust/target/debug/deps/liburlencoding-dec41bccca9542a3.rlib -L native=/home/runner/work/streamify-apk/streamify-apk/rust/target/debug/build/blake3-6e3e3e96b9a661df/out -L native=/home/runner/work/streamify-apk/streamify-apk/rust/target/debug/build/blake3-6e3e3e96b9a661df/out -L native=/home/runner/work/streamify-apk/streamify-apk/rust/target/debug/build/ring-a78f537f7e173377/out -L native=/home/runner/work/streamify-apk/streamify-apk/rust/target/debug/build/libsqlite3-sys-5126ff8af3648e6a/out`
[1m[33mwarning[0m[1m: variable does not need to be mutable[0m
   [1m[94m--> [0mexamples/diagnose_auth.rs:183:19
    [1m[94m|[0m
[1m[94m183[0m [1m[94m|[0m         if let Ok(mut resp) = req.call() {
    [1m[94m|[0m                   [1m[94m----[0m[1m[33m^^^^[0m
    [1m[94m|[0m                   [1m[94m|[0m
    [1m[94m|[0m                   [1m[94mhelp: remove this `mut`[0m
    [1m[94m|[0m
    [1m[94m= [0m[1mnote[0m: `#[warn(unused_mut)]` (part of `#[warn(unused)]`) on by default

[1m[92m     Running[0m `/home/runner/.rustup/toolchains/stable-x86_64-unknown-linux-gnu/bin/rustc --crate-name test_lan_discovery_beacon --edition=2021 tests/test_lan_discovery_beacon.rs --error-format=json --json=diagnostic-rendered-ansi,artifacts,future-incompat --emit=dep-info,link -C opt-level=2 -C embed-bitcode=no -C debuginfo=2 -C debug-assertions=on --test --check-cfg 'cfg(docsrs,test)' --check-cfg 'cfg(feature, values())' -C metadata=259cfa4efe5a24b1 -C extra-filename=-0a417e400224edd5 --out-dir /home/runner/work/streamify-apk/streamify-apk/rust/target/debug/deps -L dependency=/home/runner/work/streamify-apk/streamify-apk/rust/target/debug/deps --extern base64=/home/runner/work/streamify-apk/streamify-apk/rust/target/debug/deps/libbase64-0b630a6773013ed6.rlib --extern blake3=/home/runner/work/streamify-apk/streamify-apk/rust/target/debug/deps/libblake3-90f46a1bb8d72737.rlib --extern chacha20poly1305=/home/runner/work/streamify-apk/streamify-apk/rust/target/debug/deps/libchacha20poly1305-819e9b3d7f350491.rlib --extern ed25519_dalek=/home/runner/work/streamify-apk/streamify-apk/rust/target/debug/deps/libed25519_dalek-6294b07ef88e3783.rlib --extern hex=/home/runner/work/streamify-apk/streamify-apk/rust/target/debug/deps/libhex-e55990d4b9585364.rlib --extern hmac=/home/runner/work/streamify-apk/streamify-apk/rust/target/debug/deps/libhmac-6f86963a7d5bc1aa.rlib --extern jni=/home/runner/work/streamify-apk/streamify-apk/rust/target/debug/deps/libjni-fe948872ac256099.rlib --extern libc=/home/runner/work/streamify-apk/streamify-apk/rust/target/debug/deps/liblibc-9b8f2fd08e0acf77.rlib --extern lofty=/home/runner/work/streamify-apk/streamify-apk/rust/target/debug/deps/liblofty-b241ab89fa965ee8.rlib --extern miniz_oxide=/home/runner/work/streamify-apk/streamify-apk/rust/target/debug/deps/libminiz_oxide-0241c0916651c81d.rlib --extern rand=/home/runner/work/streamify-apk/streamify-apk/rust/target/debug/deps/librand-c4f903f72983ab50.rlib --extern regex=/home/runner/work/streamify-apk/streamify-apk/rust/target/debug/deps/libregex-de43427111e79df6.rlib --extern reqwest=/home/runner/work/streamify-apk/streamify-apk/rust/target/debug/deps/libreqwest-7b55eb3ef8c7d2b9.rlib --extern rusqlite=/home/runner/work/streamify-apk/streamify-apk/rust/target/debug/deps/librusqlite-f58db1c9d9eae991.rlib --extern serde=/home/runner/work/streamify-apk/streamify-apk/rust/target/debug/deps/libserde-060eb889817c8306.rlib --extern serde_json=/home/runner/work/streamify-apk/streamify-apk/rust/target/debug/deps/libserde_json-b4b88ded9137a386.rlib --extern sha1=/home/runner/work/streamify-apk/streamify-apk/rust/target/debug/deps/libsha1-dac39313e1e617c4.rlib --extern sha2=/home/runner/work/streamify-apk/streamify-apk/rust/target/debug/deps/libsha2-def3c28c9291db7a.rlib --extern socket2=/home/runner/work/streamify-apk/streamify-apk/rust/target/debug/deps/libsocket2-803d5dc309b51b4f.rlib --extern streamify_core_rs=/home/runner/work/streamify-apk/streamify-apk/rust/target/debug/deps/libstreamify_core_rs.rlib --extern strsim=/home/runner/work/streamify-apk/streamify-apk/rust/target/debug/deps/libstrsim-c4ed0cc7cfaf5286.rlib --extern tempfile=/home/runner/work/streamify-apk/streamify-apk/rust/target/debug/deps/libtempfile-14eb33faad33f963.rlib --extern tokio=/home/runner/work/streamify-apk/streamify-apk/rust/target/debug/deps/libtokio-f3f08a9dc134f869.rlib --extern ureq=/home/runner/work/streamify-apk/streamify-apk/rust/target/debug/deps/libureq-177a3a693ef60d04.rlib --extern urlencoding=/home/runner/work/streamify-apk/streamify-apk/rust/target/debug/deps/liburlencoding-dec41bccca9542a3.rlib -L native=/home/runner/work/streamify-apk/streamify-apk/rust/target/debug/build/blake3-6e3e3e96b9a661df/out -L native=/home/runner/work/streamify-apk/streamify-apk/rust/target/debug/build/blake3-6e3e3e96b9a661df/out -L native=/home/runner/work/streamify-apk/streamify-apk/rust/target/debug/build/ring-a78f537f7e173377/out -L native=/home/runner/work/streamify-apk/streamify-apk/rust/target/debug/build/libsqlite3-sys-5126ff8af3648e6a/out`
[1m[33mwarning[0m[1m: unused import: `std::sync::Arc`[0m
  [1m[94m--> [0mtests/test_lan_discovery_beacon.rs:14:5
   [1m[94m|[0m
[1m[94m14[0m [1m[94m|[0m use std::sync::Arc;
   [1m[94m|[0m     [1m[33m^^^^^^^^^^^^^^[0m
   [1m[94m|[0m
   [1m[94m= [0m[1mnote[0m: `#[warn(unused_imports)]` (part of `#[warn(unused)]`) on by default

[1m[92m     Running[0m `/home/runner/.rustup/toolchains/stable-x86_64-unknown-linux-gnu/bin/rustc --crate-name diagnose_resolve --edition=2021 examples/diagnose_resolve.rs --error-format=json --json=diagnostic-rendered-ansi,artifacts,future-incompat --crate-type bin --emit=dep-info,link -C opt-level=2 -C embed-bitcode=no -C debuginfo=2 -C debug-assertions=on --check-cfg 'cfg(docsrs,test)' --check-cfg 'cfg(feature, values())' -C metadata=0e7d03f84fc86759 -C extra-filename=-528300e8b7876d00 --out-dir /home/runner/work/streamify-apk/streamify-apk/rust/target/debug/examples -L dependency=/home/runner/work/streamify-apk/streamify-apk/rust/target/debug/deps --extern base64=/home/runner/work/streamify-apk/streamify-apk/rust/target/debug/deps/libbase64-0b630a6773013ed6.rlib --extern blake3=/home/runner/work/streamify-apk/streamify-apk/rust/target/debug/deps/libblake3-90f46a1bb8d72737.rlib --extern chacha20poly1305=/home/runner/work/streamify-apk/streamify-apk/rust/target/debug/deps/libchacha20poly1305-819e9b3d7f350491.rlib --extern ed25519_dalek=/home/runner/work/streamify-apk/streamify-apk/rust/target/debug/deps/libed25519_dalek-6294b07ef88e3783.rlib --extern hex=/home/runner/work/streamify-apk/streamify-apk/rust/target/debug/deps/libhex-e55990d4b9585364.rlib --extern hmac=/home/runner/work/streamify-apk/streamify-apk/rust/target/debug/deps/libhmac-6f86963a7d5bc1aa.rlib --extern jni=/home/runner/work/streamify-apk/streamify-apk/rust/target/debug/deps/libjni-fe948872ac256099.rlib --extern libc=/home/runner/work/streamify-apk/streamify-apk/rust/target/debug/deps/liblibc-9b8f2fd08e0acf77.rlib --extern lofty=/home/runner/work/streamify-apk/streamify-apk/rust/target/debug/deps/liblofty-b241ab89fa965ee8.rlib --extern miniz_oxide=/home/runner/work/streamify-apk/streamify-apk/rust/target/debug/deps/libminiz_oxide-0241c0916651c81d.rlib --extern rand=/home/runner/work/streamify-apk/streamify-apk/rust/target/debug/deps/librand-c4f903f72983ab50.rlib --extern regex=/home/runner/work/streamify-apk/streamify-apk/rust/target/debug/deps/libregex-de43427111e79df6.rlib --extern reqwest=/home/runner/work/streamify-apk/streamify-apk/rust/target/debug/deps/libreqwest-7b55eb3ef8c7d2b9.rlib --extern rusqlite=/home/runner/work/streamify-apk/streamify-apk/rust/target/debug/deps/librusqlite-f58db1c9d9eae991.rlib --extern serde=/home/runner/work/streamify-apk/streamify-apk/rust/target/debug/deps/libserde-060eb889817c8306.rlib --extern serde_json=/home/runner/work/streamify-apk/streamify-apk/rust/target/debug/deps/libserde_json-b4b88ded9137a386.rlib --extern sha1=/home/runner/work/streamify-apk/streamify-apk/rust/target/debug/deps/libsha1-dac39313e1e617c4.rlib --extern sha2=/home/runner/work/streamify-apk/streamify-apk/rust/target/debug/deps/libsha2-def3c28c9291db7a.rlib --extern socket2=/home/runner/work/streamify-apk/streamify-apk/rust/target/debug/deps/libsocket2-803d5dc309b51b4f.rlib --extern streamify_core_rs=/home/runner/work/streamify-apk/streamify-apk/rust/target/debug/deps/libstreamify_core_rs.rlib --extern strsim=/home/runner/work/streamify-apk/streamify-apk/rust/target/debug/deps/libstrsim-c4ed0cc7cfaf5286.rlib --extern tempfile=/home/runner/work/streamify-apk/streamify-apk/rust/target/debug/deps/libtempfile-14eb33faad33f963.rlib --extern tokio=/home/runner/work/streamify-apk/streamify-apk/rust/target/debug/deps/libtokio-f3f08a9dc134f869.rlib --extern ureq=/home/runner/work/streamify-apk/streamify-apk/rust/target/debug/deps/libureq-177a3a693ef60d04.rlib --extern urlencoding=/home/runner/work/streamify-apk/streamify-apk/rust/target/debug/deps/liburlencoding-dec41bccca9542a3.rlib -L native=/home/runner/work/streamify-apk/streamify-apk/rust/target/debug/build/blake3-6e3e3e96b9a661df/out -L native=/home/runner/work/streamify-apk/streamify-apk/rust/target/debug/build/blake3-6e3e3e96b9a661df/out -L native=/home/runner/work/streamify-apk/streamify-apk/rust/target/debug/build/ring-a78f537f7e173377/out -L native=/home/runner/work/streamify-apk/streamify-apk/rust/target/debug/build/libsqlite3-sys-5126ff8af3648e6a/out`
[1m[33mwarning[0m: `streamify_core_rs` (test "test_lan_discovery_beacon") generated 1 warning (run `cargo fix --test "test_lan_discovery_beacon" -p streamify_core_rs` to apply 1 suggestion)
[1m[33mwarning[0m: `streamify_core_rs` (example "diagnose_auth") generated 1 warning (run `cargo fix --example "diagnose_auth" -p streamify_core_rs` to apply 1 suggestion)
[1m[33mwarning[0m: `streamify_core_rs` (example "test_anon_live") generated 1 warning (run `cargo fix --example "test_anon_live" -p streamify_core_rs` to apply 1 suggestion)
[1m[92m    Finished[0m `test` profile [optimized + debuginfo] target(s) in 2m 33s
[1m[92m     Running[0m `/home/runner/work/streamify-apk/streamify-apk/rust/target/debug/deps/streamify_core_rs-ee78b3584ffae38f`

running 66 tests
test auth::tests::test_buffer_overflow_protection ... ok
test auth::tests::test_sapisidhash_generation_matches_google_spec ... ok
test chunk_swarmer::tests::corrupt_chunk_is_rejected_and_peer_blacklisted ... ok
test chunk_swarmer::tests::completion_emits_event_and_assembles_verified_track ... ok
test chunk_swarmer::tests::endgame_duplicates_requests_across_peers ... ok
test chunk_swarmer::tests::have_bitfield_roundtrip ... ok
test chunk_swarmer::tests::manifest_ingest_then_rarest_first_requests ... ok
test chunk_swarmer::tests::seed_announces_manifest_and_full_haves ... ok
test chunk_swarmer::tests::request_timeouts_reopen_the_slot ... ok
test chunk_swarmer::tests::manifest_roundtrip_and_tail_chunk ... ok
test chunk_swarmer::tests::unknown_track_have_requests_the_manifest ... ok
test consensus::collab_playlist_tests::playlist_concurrent_edits_converge ... ok
test consensus::collab_playlist_tests::playlist_lifecycle_and_permission_gates ... ok
test consensus::collab_playlist_tests::playlist_delta_sync_vector_clock ... ok
test consensus::collab_playlist_tests::playlist_remove_then_readd_resurrects ... ok
test consensus::collab_playlist_tests::playlist_op_wire_round_trip_and_hostile_frames ... ok
test dht_signaling::tests::envelope_roundtrip_tamper_and_wrong_room ... ok
test consensus::collab_playlist_tests::playlist_strict_mode_forgery_rejected ... ok
test dht_signaling::tests::nostr_event_id_is_sha256_of_canonical ... ok
test dht_signaling::tests::full_rendezvous_flow_then_relay_disconnect ... ok
test dht_signaling::tests::relay_retention_replays_for_late_joiners ... ok
test dht_signaling::tests::room_code_generate_and_parse ... ok
test gossip::tests::eager_fanout_dedupe_and_quiet_gated_prune ... ok
test gossip::tests::grafts_retry_rotate_and_abandon ... ok
test dht_signaling::tests::offline_payload_roundtrip_and_compresses ... ok
test gossip::tests::ihave_graft_heal_roundtrip ... ok
test gossip::tests::ihave_wire_codec_roundtrip ... ok
test gossip::tests::lazy_flush_batches_and_respects_cadence ... ok
test gossip::tests::neighbor_down_reassigns_pending_grafts ... ok
test gossip::tests::origin_tail_flush_repushes_last_k_after_quiet ... ok
test gossip::tests::payload_cache_serves_manifest_sized_frames ... ok
test gossip::tests::sequence_gaps_schedule_grafts_immediately ... ok
test jam_clock::tests::clock_full_lifecycle ... ok
test jam_crdt::tests::crdt_full_lifecycle ... ok
test jam_crdt::tests::promotion_bubbles_up_without_disturbing_unvoted ... ok
test jam_crdt::tests::promotion_retraction_demotes_and_removal_purges ... ok
test jam_crdt::tests::promotion_split_brain_convergence ... ok
test jam_crdt::tests::promotion_threshold_math ... ok
test jam_crdt::tests::vote_ledger_idempotent_one_vote_per_peer ... ok
test jam_crdt::tests::vote_merge_order_independence_and_legacy_path ... ok
test jam_crdt::tests::vote_retraction_and_out_of_order_lww ... ok
test jam_governor::tests::advisory_matches_election ... ok
test jam_governor::tests::election_full_matrix ... ok
test jam_governor::tests::pivot_full_matrix ... ok
test jam_outbox::tests::crdt_apply_and_enqueue_roundtrip ... ok
test jam_outbox::tests::corrupt_blob_is_dead_lettered_not_fatal ... ok
test jam_outbox::tests::outbox_crash_recovery ... ok
test kalman_pll::tests::kalman_full_lifecycle ... ok
test p2p_mesh::tests::decode_rejects_corruption_and_truncation ... ok
test p2p_mesh::tests::fnv1a_known_vectors ... ok
test p2p_mesh::tests::frozen_header_size_is_pinned ... ok
test p2p_mesh::tests::gossip_routed_type_classification ... ok
test p2p_mesh::tests::header_roundtrips_all_fields ... ok
test p2p_mesh::tests::link_condition_samples_within_window ... ok
test p2p_mesh::tests::packet_roundtrip_with_payload ... ok
test p2p_mesh::tests::peer_and_session_ids_are_stable_and_hex_roundtrip ... ok
test playlist_parser::collab_import_tests::scraped_playlist_seeds_collab_session ... ok
test radio_scorer::blend_tests::blend_anti_drift_filters_and_penalty ... ok
test radio_scorer::blend_tests::blend_freshness_and_co_occurrence_components ... ok
test radio_scorer::blend_tests::blend_json_round_trip_and_errors ... ok
test radio_scorer::blend_tests::blend_overlap_affinity_and_mutual_badge ... ok
test jam_outbox::tests::outbox_full_lifecycle ... ok
test tick_matrix::tests::matrix_full_lifecycle ... ok
test jam_outbox::tests::retry_cap_dead_letters_poison_ops ... ok
test radio_scorer::blend_tests::blend_pipeline_under_5ms_for_500_candidates ... ok
test dht_signaling::tests::wrong_room_never_sees_other_room_traffic ... ok

test result: ok. 66 passed; 0 failed; 0 ignored; 0 measured; 0 filtered out; finished in 0.10s

[1m[92m     Running[0m `/home/runner/work/streamify-apk/streamify-apk/rust/target/debug/deps/test_collab_playlist_crdt-8483567b041e587a`

running 6 tests
test concurrent_multi_author_edits_converge_over_the_wire ... ok
test permission_rejected_edits_never_touch_state_log_or_clock ... ok
test delta_sync_exact_clock_and_watermark_paths ... ok
test scraped_playlist_seeds_a_collaborative_session ... ok
test randomized_split_brain_chaos_converges ... ok
test strict_mode_rejects_forged_role_claims ... ok

test result: ok. 6 passed; 0 failed; 0 ignored; 0 measured; 0 filtered out; finished in 0.00s

[1m[92m     Running[0m `/home/runner/work/streamify-apk/streamify-apk/rust/target/debug/deps/test_governance_topology-cf4d52c52423a2da`

running 10 tests
test acl_bits_and_permission_checks ... ok
test kick_and_acl_wire_frames_verify_and_apply ... ok
test intent_wire_frame_rejects_forgery ... ok
test acl_denied_intents_never_reach_the_app_layer ... ok
test intent_flood_is_rate_limited_to_five_per_second ... ok
test kick_and_ban_blocks_rejoin_across_the_mesh ... ok
test token_bucket_enforces_five_per_second ... ok
test single_render_routes_guest_intents_through_host_commit ... ok
test single_render_suppresses_guest_ptp_keeps_silent_presence ... ok
test stale_epoch_intents_are_refused_after_migration ... ok

test result: ok. 10 passed; 0 failed; 0 ignored; 0 measured; 0 filtered out; finished in 1.06s

[1m[92m     Running[0m `/home/runner/work/streamify-apk/streamify-apk/rust/target/debug/deps/test_jam_voting_crdt-651c6ad719018ba1`

running 9 tests
test friend_activity_frame_codec_round_trip_and_hostility ... ok
test concurrent_multi_user_voting_split_brain_convergence ... ok
test democratic_voting_converges_on_live_mesh ... ok
test forged_and_unsigned_votes_die_at_the_boundary ... ok
test vote_frame_forgery_matrix ... ok
test vote_replays_are_idempotent ... ok
test thirty_two_peer_democratic_voting_chaos ... ok
test friend_activity_rate_limit_registry_and_ttl ... ok
test vote_flood_is_rate_limited ... ok

test result: ok. 9 passed; 0 failed; 0 ignored; 0 measured; 0 filtered out; finished in 0.83s

[1m[92m     Running[0m `/home/runner/work/streamify-apk/streamify-apk/rust/target/debug/deps/test_lan_discovery_beacon-0a417e400224edd5`

running 7 tests
test beacon_room_only_form_parses ... ok
test beacon_v2_payload_layout_is_exact ... ok
test malformed_beacons_reject_without_panic ... ok
test foreign_session_device_discovers_live_room ... ok
test discovery_registry_rejects_epoch_downgrades ... ok
test legacy_beacon_interop_still_pairs ... ok
test stop_lan_beacon_silences_advertisement ... ok

test result: ok. 7 passed; 0 failed; 0 ignored; 0 measured; 0 filtered out; finished in 0.06s

[1m[92m     Running[0m `/home/runner/work/streamify-apk/streamify-apk/rust/target/debug/deps/test_mesh_gossip-1f1cf64d25f567d8`

running 3 tests
test plumtree_survives_25_percent_loss ... ok
test five_node_plumtree_converges_1000_ops_under_15pct_loss ... ok
test clean_network_control_run_converges_fast ... ok

test result: ok. 3 passed; 0 failed; 0 ignored; 0 measured; 0 filtered out; finished in 0.84s

[1m[92m     Running[0m `/home/runner/work/streamify-apk/streamify-apk/rust/target/debug/deps/test_mesh_gossip_32peers-ebf367da9fc03ea6`

running 5 tests
test host_death_triggers_deterministic_election_failover ... ok
test thirty_two_nodes_converge_1000_ops_under_15pct_loss ... FAILED
test join_storm_10_concurrent_joiners_converge ... ok
test thirty_two_nodes_clean_network_control_run ... ok
test thirty_two_nodes_survive_25pct_loss ... ok

failures:

---- thirty_two_nodes_converge_1000_ops_under_15pct_loss stdout ----
    [trial jam32-15pct-5942-0] 1000-op send phase: 14.013943ms
──────── jam32-15pct-5942-0 — 1000 ops @ 15% loss converged in 846.467059ms ────────
  node[ 0] delivered=1000 dups=0 eager_fwd=31000 ihaves=3069 grafts_tx=0 prunes=418 abandon=0 | demotions=412 delta_skips=0 deferred=0 backoff=0 | tx=44151 loss_drop=7904 bp=0
  node[ 1] delivered=1000 dups=4767 eager_fwd=2994 ihaves=581 grafts_tx=286 prunes=102 abandon=30 | demotions=102 delta_skips=23006 deferred=0 backoff=134 | tx=4852 loss_drop=872 bp=0
  node[ 2] delivered=1000 dups=4532 eager_fwd=3000 ihaves=329 grafts_tx=118 prunes=128 abandon=3 | demotions=126 delta_skips=23000 deferred=0 backoff=26 | tx=5741 loss_drop=972 bp=0
  node[ 3] delivered=1000 dups=3895 eager_fwd=2295 ihaves=349 grafts_tx=82 prunes=143 abandon=7 | demotions=143 delta_skips=23705 deferred=0 backoff=27 | tx=5590 loss_drop=991 bp=0
  node[31] delivered=1000 dups=1837 eager_fwd=2998 ihaves=281 grafts_tx=114 prunes=132 abandon=26 | demotions=132 delta_skips=23002 deferred=0 backoff=80 | tx=5812 loss_drop=1019 bp=0
  TOTAL eager_fwd=121868 tx=220760 | amplification vs spanning-tree minimum (31000) = 3.93x
    [trial jam32-15pct-5942-1] 1000-op send phase: 10.986785ms
──────── jam32-15pct-5942-1 — 1000 ops @ 15% loss converged in 787.096378ms ────────
  node[ 0] delivered=1000 dups=0 eager_fwd=31000 ihaves=2728 grafts_tx=0 prunes=370 abandon=0 | demotions=367 delta_skips=0 deferred=0 backoff=0 | tx=42208 loss_drop=7453 bp=0
  node[ 1] delivered=1000 dups=2593 eager_fwd=2999 ihaves=511 grafts_tx=200 prunes=92 abandon=17 | demotions=92 delta_skips=23001 deferred=0 backoff=84 | tx=4879 loss_drop=871 bp=0
  node[ 2] delivered=1000 dups=3898 eager_fwd=3000 ihaves=288 grafts_tx=78 prunes=114 abandon=7 | demotions=114 delta_skips=23000 deferred=0 backoff=39 | tx=5385 loss_drop=945 bp=0
  node[ 3] delivered=1000 dups=4394 eager_fwd=3000 ihaves=292 grafts_tx=88 prunes=111 abandon=2 | demotions=111 delta_skips=23000 deferred=0 backoff=14 | tx=5189 loss_drop=846 bp=0
  node[31] delivered=1000 dups=2673 eager_fwd=3000 ihaves=514 grafts_tx=194 prunes=104 abandon=14 | demotions=104 delta_skips=23000 deferred=0 backoff=96 | tx=4883 loss_drop=873 bp=0
  TOTAL eager_fwd=123144 tx=206077 | amplification vs spanning-tree minimum (31000) = 3.97x
    [trial jam32-15pct-5942-2] 1000-op send phase: 10.709747ms
──────── jam32-15pct-5942-2 — 1000 ops @ 15% loss converged in 736.194855ms ────────
  node[ 0] delivered=1000 dups=0 eager_fwd=31000 ihaves=2728 grafts_tx=0 prunes=389 abandon=0 | demotions=389 delta_skips=0 deferred=0 backoff=0 | tx=42836 loss_drop=7609 bp=0
  node[ 1] delivered=1000 dups=2535 eager_fwd=2997 ihaves=398 grafts_tx=160 prunes=100 abandon=5 | demotions=100 delta_skips=23003 deferred=0 backoff=38 | tx=4820 loss_drop=825 bp=0
  node[ 2] delivered=1000 dups=3737 eager_fwd=3000 ihaves=239 grafts_tx=58 prunes=111 abandon=5 | demotions=111 delta_skips=23000 deferred=0 backoff=30 | tx=5211 loss_drop=905 bp=0
  node[ 3] delivered=1000 dups=4033 eager_fwd=2999 ihaves=393 grafts_tx=96 prunes=104 abandon=2 | demotions=104 delta_skips=23001 deferred=0 backoff=14 | tx=5213 loss_drop=925 bp=0
  node[31] delivered=1000 dups=1607 eager_fwd=3000 ihaves=272 grafts_tx=98 prunes=154 abandon=38 | demotions=154 delta_skips=23000 deferred=0 backoff=104 | tx=5944 loss_drop=1097 bp=0
  TOTAL eager_fwd=122325 tx=200654 | amplification vs spanning-tree minimum (31000) = 3.95x
15% loss / 10–80 ms jitter — three trials: [736.194855ms, 787.096378ms, 846.467059ms], median 787.096378ms

thread 'thirty_two_nodes_converge_1000_ops_under_15pct_loss' (5946) panicked at tests/test_mesh_gossip_32peers.rs:383:5:
median convergence 787.096378ms over 3 trials (calibrated budget 700 ms; trials [736.194855ms, 787.096378ms, 846.467059ms])
note: run with `RUST_BACKTRACE=1` environment variable to display a backtrace


failures:
    thirty_two_nodes_converge_1000_ops_under_15pct_loss

test result: FAILED. 4 passed; 1 failed; 0 ignored; 0 measured; 0 filtered out; finished in 7.17s

[1m[91merror[0m: test failed, to rerun pass `--test test_mesh_gossip_32peers`
