openjdk version "17.0.20.1" 2026-08-18
OpenJDK Runtime Environment Temurin-17.0.20.1+1 (build 17.0.20.1+1)
OpenJDK 64-Bit Server VM Temurin-17.0.20.1+1 (build 17.0.20.1+1, mixed mode, sharing)
Downloading https://services.gradle.org/distributions/gradle-8.7-bin.zip
...............................................................................................................................
Unzipping /home/runner/.gradle/wrapper/dists/gradle-8.7-bin/bhs2wmbdwecv87pi65oeuq5iu/gradle-8.7-bin.zip to /home/runner/.gradle/wrapper/dists/gradle-8.7-bin/bhs2wmbdwecv87pi65oeuq5iu
Set executable permissions for: /home/runner/.gradle/wrapper/dists/gradle-8.7-bin/bhs2wmbdwecv87pi65oeuq5iu/gradle-8.7/bin/gradle

Welcome to Gradle 8.7!

Here are the highlights of this release:
 - Compiling and testing with Java 22
 - Cacheable Groovy script compilation
 - New methods in lazy collection properties

For more details see https://docs.gradle.org/8.7/release-notes.html

To honour the JVM settings for this build a single-use Daemon process will be forked. For more on this, please refer to https://docs.gradle.org/8.7/userguide/gradle_daemon.html#sec:disabling_the_daemon in the Gradle documentation.
Daemon will be stopped at the end of the build 

> Configure project :app
Checking the license for package NDK (Side by side) 25.1.8937393 in /usr/local/lib/android/sdk/licenses
License for package NDK (Side by side) 25.1.8937393 accepted.
Preparing "Install NDK (Side by side) 25.1.8937393 v.25.1.8937393".
"Install NDK (Side by side) 25.1.8937393 v.25.1.8937393" ready.
Installing NDK (Side by side) 25.1.8937393 in /usr/local/lib/android/sdk/ndk/25.1.8937393
"Install NDK (Side by side) 25.1.8937393 v.25.1.8937393" complete.
"Install NDK (Side by side) 25.1.8937393 v.25.1.8937393" finished.

> Task :app:externalNativeBuildCleanDebug
> Task :app:externalNativeBuildCleanRelease
> Task :app:clean UP-TO-DATE

> Task :app:cargoBuildRust
[cargoBuildRust] rustup target install exit: 0
[cargoBuildRust] NDK_PATH=/usr/local/lib/android/sdk/ndk/26.1.10909125
[cargoBuildRust] command=cargo ndk --platform 26 -t arm64-v8a -t armeabi-v7a -o <jniLibs> build --release
    Building arm64-v8a (aarch64-linux-android)
[1m[92m   Compiling[0m proc-macro2 v1.0.107
[1m[92m   Compiling[0m quote v1.0.47
[1m[92m   Compiling[0m unicode-ident v1.0.24
[1m[92m   Compiling[0m libc v0.2.189
[1m[92m   Compiling[0m cfg-if v1.0.4
[1m[92m   Compiling[0m stable_deref_trait v1.2.1
[1m[92m   Compiling[0m shlex v2.0.1
[1m[92m   Compiling[0m version_check v0.9.5
[1m[92m   Compiling[0m find-msvc-tools v0.1.11
[1m[92m   Compiling[0m cc v1.4.3
[1m[92m   Compiling[0m bytes v1.12.1
[1m[92m   Compiling[0m syn v2.0.119
[1m[92m   Compiling[0m syn v3.0.3
[1m[92m   Compiling[0m once_cell v1.21.4
[1m[92m   Compiling[0m pin-project-lite v0.2.17
[1m[92m   Compiling[0m itoa v1.0.18
[1m[92m   Compiling[0m smallvec v1.15.2
[1m[92m   Compiling[0m futures-core v0.3.34
[1m[92m   Compiling[0m writeable v0.6.4
[1m[92m   Compiling[0m litemap v0.8.3
[1m[92m   Compiling[0m ring v0.17.14
[1m[92m   Compiling[0m subtle v2.6.1
[1m[92m   Compiling[0m icu_properties_data v2.3.0
[1m[92m   Compiling[0m utf8_iter v1.0.4
[1m[92m   Compiling[0m icu_normalizer_data v2.3.0
[1m[92m   Compiling[0m zeroize v1.9.0
[1m[92m   Compiling[0m rustls-pki-types v1.15.1
[1m[92m   Compiling[0m mio v1.2.2
[1m[92m   Compiling[0m synstructure v0.13.2
[1m[92m   Compiling[0m socket2 v0.6.5
[1m[92m   Compiling[0m generic-array v0.14.7
[1m[92m   Compiling[0m zerofrom-derive v0.1.7
[1m[92m   Compiling[0m yoke-derive v0.8.2
[1m[92m   Compiling[0m zerovec-derive v0.11.5
[1m[92m   Compiling[0m displaydoc v0.2.7
[1m[92m   Compiling[0m zerofrom v0.1.8
[1m[92m   Compiling[0m tokio-macros v2.7.2
[1m[92m   Compiling[0m yoke v0.8.3
[1m[92m   Compiling[0m memchr v2.8.3
[1m[92m   Compiling[0m zerovec v0.11.7
[1m[92m   Compiling[0m zerotrie v0.2.5
[1m[92m   Compiling[0m percent-encoding v2.3.2
[1m[92m   Compiling[0m tokio v1.53.1
[1m[92m   Compiling[0m tinystr v0.8.4
[1m[92m   Compiling[0m potential_utf v0.1.6
[1m[92m   Compiling[0m icu_locale_core v2.3.0
[1m[92m   Compiling[0m icu_collections v2.3.0
[1m[92m   Compiling[0m http v1.5.0
[1m[92m   Compiling[0m getrandom v0.2.17
[1m[92m   Compiling[0m untrusted v0.9.0
[1m[92m   Compiling[0m log v0.4.33
[1m[92m   Compiling[0m typenum v1.20.1
[1m[92m   Compiling[0m icu_provider v2.3.0
[1m[92m   Compiling[0m serde_core v1.0.229
[1m[92m   Compiling[0m icu_properties v2.3.0
[1m[92m   Compiling[0m icu_normalizer v2.3.0
[1m[92m   Compiling[0m http-body v1.1.0
[1m[92m   Compiling[0m futures-task v0.3.34
[1m[92m   Compiling[0m zerocopy v0.8.56
[1m[92m   Compiling[0m slab v0.4.12
[1m[92m   Compiling[0m rustls v0.23.43
[1m[92m   Compiling[0m httparse v1.10.1
[1m[92m   Compiling[0m futures-util v0.3.34
[1m[92m   Compiling[0m idna_adapter v1.2.2
[1m[92m   Compiling[0m rustls-webpki v0.103.14
[1m[92m   Compiling[0m form_urlencoded v1.2.2
[1m[92m   Compiling[0m ahash v0.8.12
[1m[92m   Compiling[0m try-lock v0.2.5
[1m[92m   Compiling[0m tower-service v0.3.3
[1m[92m   Compiling[0m crc32fast v1.5.0
[1m[92m   Compiling[0m zmij v1.0.23
[1m[92m   Compiling[0m serde v1.0.229
[1m[92m   Compiling[0m want v0.3.1
[1m[92m   Compiling[0m idna v1.1.0
[1m[92m   Compiling[0m block-buffer v0.10.4
[1m[92m   Compiling[0m crypto-common v0.1.7
[1m[92m   Compiling[0m serde_derive v1.0.229
[1m[92m   Compiling[0m webpki-roots v1.0.9
[1m[92m   Compiling[0m futures-channel v0.3.34
[1m[92m   Compiling[0m tracing-core v0.1.36
[1m[92m   Compiling[0m vcpkg v0.2.15
[1m[92m   Compiling[0m adler2 v2.0.1
[1m[92m   Compiling[0m base64 v0.22.1
[1m[92m   Compiling[0m atomic-waker v1.1.2
[1m[92m   Compiling[0m serde_json v1.0.151
[1m[92m   Compiling[0m pkg-config v0.3.34
[1m[92m   Compiling[0m simd-adler32 v0.3.10
[1m[92m   Compiling[0m libsqlite3-sys v0.28.0
[1m[92m   Compiling[0m miniz_oxide v0.8.9
[1m[92m   Compiling[0m hyper v1.11.0
[1m[92m   Compiling[0m tracing v0.1.44
[1m[92m   Compiling[0m digest v0.10.7
[1m[92m   Compiling[0m url v2.5.8
[1m[92m   Compiling[0m jni-sys-macros v0.4.1
[1m[92m   Compiling[0m sync_wrapper v1.0.2
[1m[92m   Compiling[0m thiserror v1.0.69
[1m[92m   Compiling[0m ipnet v2.12.1
[1m[92m   Compiling[0m tower-layer v0.3.3
[1m[92m   Compiling[0m paste v1.0.15
[1m[92m   Compiling[0m bitflags v2.13.1
[1m[92m   Compiling[0m jni-sys v0.3.1
[1m[92m   Compiling[0m tower v0.5.3
[1m[92m   Compiling[0m hyper-util v0.1.20
[1m[92m   Compiling[0m jni-sys v0.4.1
[1m[92m   Compiling[0m flate2 v1.1.9
[1m[92m   Compiling[0m hashbrown v0.14.5
[1m[92m   Compiling[0m tokio-rustls v0.26.4
[1m[92m   Compiling[0m aho-corasick v1.1.5
[1m[92m   Compiling[0m thiserror-impl v1.0.69
[1m[92m   Compiling[0m cpufeatures v0.2.17
[1m[92m   Compiling[0m byteorder v1.5.0
[1m[92m   Compiling[0m ryu v1.0.23
[1m[92m   Compiling[0m regex-syntax v0.8.11
[1m[92m   Compiling[0m regex-automata v0.4.18
[1m[92m   Compiling[0m serde_urlencoded v0.7.1
[1m[92m   Compiling[0m ogg_pager v0.6.1
[1m[92m   Compiling[0m hyper-rustls v0.27.9
[1m[92m   Compiling[0m hashlink v0.9.1
[1m[92m   Compiling[0m tower-http v0.6.11
[1m[92m   Compiling[0m webpki-roots v0.26.11
[1m[92m   Compiling[0m http-body-util v0.1.5
[1m[92m   Compiling[0m combine v4.6.7
[1m[92m   Compiling[0m lofty_attr v0.11.1
[1m[92m   Compiling[0m data-encoding v2.11.1
[1m[92m   Compiling[0m cesu8 v1.1.0
[1m[92m   Compiling[0m fallible-streaming-iterator v0.1.9
[1m[92m   Compiling[0m fallible-iterator v0.3.0
[1m[92m   Compiling[0m lofty v0.21.1
[1m[92m   Compiling[0m jni v0.21.1
[1m[92m   Compiling[0m reqwest v0.12.28
[1m[92m   Compiling[0m ureq v2.12.1
[1m[92m   Compiling[0m regex v1.13.1
[1m[92m   Compiling[0m sha1 v0.10.7
[1m[92m   Compiling[0m sha2 v0.10.9
[1m[92m   Compiling[0m hmac v0.12.1
[1m[92m   Compiling[0m strsim v0.11.1
[1m[92m   Compiling[0m urlencoding v2.1.3
[1m[92m   Compiling[0m hex v0.4.3
[1m[92m   Compiling[0m rusqlite v0.31.0
[1m[92m   Compiling[0m streamify_core_rs v1.0.0 (/home/runner/work/streamify-apk/streamify-apk/rust)
[1m[33mwarning[0m[1m: unnecessary parentheses around assigned value[0m
  [1m[94m--> [0msrc/continuum_engine.rs:99:35
   [1m[94m|[0m
[1m[94m99[0m [1m[94m|[0m                 let pseudo_rand = ((i as f32 * 17.31 + state.session_track_idx as f32 * 7.13).sin().abs());
   [1m[94m|[0m                                   [1m[33m^[0m                                                                      [1m[33m^[0m
   [1m[94m|[0m
   [1m[94m= [0m[1mnote[0m: `#[warn(unused_parens)]` (part of `#[warn(unused)]`) on by default
[1m[96mhelp[0m: remove these parentheses
   [1m[94m|[0m
[1m[94m99[0m [91m- [0m                let pseudo_rand = [91m([0m(i as f32 * 17.31 + state.session_track_idx as f32 * 7.13).sin().abs()[91m)[0m;
[1m[94m99[0m [92m+ [0m                let pseudo_rand = (i as f32 * 17.31 + state.session_track_idx as f32 * 7.13).sin().abs();
   [1m[94m|[0m

[1m[33mwarning[0m[1m: unused imports: `SeekFrom` and `Seek`[0m
 [1m[94m--> [0msrc/downloader.rs:3:21
  [1m[94m|[0m
[1m[94m3[0m [1m[94m|[0m use std::io::{Read, Seek, SeekFrom, Write};
  [1m[94m|[0m                     [1m[33m^^^^[0m  [1m[33m^^^^^^^^[0m
  [1m[94m|[0m
  [1m[94m= [0m[1mnote[0m: `#[warn(unused_imports)]` (part of `#[warn(unused)]`) on by default

[1m[33mwarning[0m[1m: unused import: `JByteBuffer`[0m
 [1m[94m--> [0msrc/jni_bridge.rs:1:32
  [1m[94m|[0m
[1m[94m1[0m [1m[94m|[0m use jni::objects::{JByteArray, JByteBuffer, JClass, JFloatArray, JLongArray, JObject, JString, ReleaseMode};
  [1m[94m|[0m                                [1m[33m^^^^^^^^^^^[0m

[1m[33mwarning[0m[1m: variable does not need to be mutable[0m
  [1m[94m--> [0msrc/dsp.rs:53:14
   [1m[94m|[0m
[1m[94m53[0m [1m[94m|[0m         let (mut b0, mut b1, mut b2, mut a0, mut a1, mut a2) = match filter_type {
   [1m[94m|[0m              [1m[94m----[0m[1m[33m^^[0m
   [1m[94m|[0m              [1m[94m|[0m
   [1m[94m|[0m              [1m[94mhelp: remove this `mut`[0m
   [1m[94m|[0m
   [1m[94m= [0m[1mnote[0m: `#[warn(unused_mut)]` (part of `#[warn(unused)]`) on by default

[1m[33mwarning[0m[1m: variable does not need to be mutable[0m
  [1m[94m--> [0msrc/dsp.rs:53:22
   [1m[94m|[0m
[1m[94m53[0m [1m[94m|[0m         let (mut b0, mut b1, mut b2, mut a0, mut a1, mut a2) = match filter_type {
   [1m[94m|[0m                      [1m[94m----[0m[1m[33m^^[0m
   [1m[94m|[0m                      [1m[94m|[0m
   [1m[94m|[0m                      [1m[94mhelp: remove this `mut`[0m

[1m[33mwarning[0m[1m: variable does not need to be mutable[0m
  [1m[94m--> [0msrc/dsp.rs:53:30
   [1m[94m|[0m
[1m[94m53[0m [1m[94m|[0m         let (mut b0, mut b1, mut b2, mut a0, mut a1, mut a2) = match filter_type {
   [1m[94m|[0m                              [1m[94m----[0m[1m[33m^^[0m
   [1m[94m|[0m                              [1m[94m|[0m
   [1m[94m|[0m                              [1m[94mhelp: remove this `mut`[0m

[1m[33mwarning[0m[1m: variable does not need to be mutable[0m
  [1m[94m--> [0msrc/dsp.rs:53:38
   [1m[94m|[0m
[1m[94m53[0m [1m[94m|[0m         let (mut b0, mut b1, mut b2, mut a0, mut a1, mut a2) = match filter_type {
   [1m[94m|[0m                                      [1m[94m----[0m[1m[33m^^[0m
   [1m[94m|[0m                                      [1m[94m|[0m
   [1m[94m|[0m                                      [1m[94mhelp: remove this `mut`[0m

[1m[33mwarning[0m[1m: variable does not need to be mutable[0m
  [1m[94m--> [0msrc/dsp.rs:53:46
   [1m[94m|[0m
[1m[94m53[0m [1m[94m|[0m         let (mut b0, mut b1, mut b2, mut a0, mut a1, mut a2) = match filter_type {
   [1m[94m|[0m                                              [1m[94m----[0m[1m[33m^^[0m
   [1m[94m|[0m                                              [1m[94m|[0m
   [1m[94m|[0m                                              [1m[94mhelp: remove this `mut`[0m

[1m[33mwarning[0m[1m: variable does not need to be mutable[0m
  [1m[94m--> [0msrc/dsp.rs:53:54
   [1m[94m|[0m
[1m[94m53[0m [1m[94m|[0m         let (mut b0, mut b1, mut b2, mut a0, mut a1, mut a2) = match filter_type {
   [1m[94m|[0m                                                      [1m[94m----[0m[1m[33m^^[0m
   [1m[94m|[0m                                                      [1m[94m|[0m
   [1m[94m|[0m                                                      [1m[94mhelp: remove this `mut`[0m

[1m[33mwarning[0m[1m: variable does not need to be mutable[0m
   [1m[94m--> [0msrc/jni_bridge.rs:381:5
    [1m[94m|[0m
[1m[94m381[0m [1m[94m|[0m     mut env: JNIEnv,
    [1m[94m|[0m     [1m[94m----[0m[1m[33m^^^[0m
    [1m[94m|[0m     [1m[94m|[0m
    [1m[94m|[0m     [1m[94mhelp: remove this `mut`[0m

[1m[33mwarning[0m[1m: variable does not need to be mutable[0m
   [1m[94m--> [0msrc/jni_bridge.rs:504:5
    [1m[94m|[0m
[1m[94m504[0m [1m[94m|[0m     mut env: JNIEnv,
    [1m[94m|[0m     [1m[94m----[0m[1m[33m^^^[0m
    [1m[94m|[0m     [1m[94m|[0m
    [1m[94m|[0m     [1m[94mhelp: remove this `mut`[0m

[1m[33mwarning[0m[1m: variable does not need to be mutable[0m
   [1m[94m--> [0msrc/jni_bridge.rs:836:5
    [1m[94m|[0m
[1m[94m836[0m [1m[94m|[0m     mut env: JNIEnv,
    [1m[94m|[0m     [1m[94m----[0m[1m[33m^^^[0m
    [1m[94m|[0m     [1m[94m|[0m
    [1m[94m|[0m     [1m[94mhelp: remove this `mut`[0m

[1m[33mwarning[0m[1m: variable does not need to be mutable[0m
   [1m[94m--> [0msrc/jni_bridge.rs:874:5
    [1m[94m|[0m
[1m[94m874[0m [1m[94m|[0m     mut env: JNIEnv,
    [1m[94m|[0m     [1m[94m----[0m[1m[33m^^^[0m
    [1m[94m|[0m     [1m[94m|[0m
    [1m[94m|[0m     [1m[94mhelp: remove this `mut`[0m

[1m[33mwarning[0m[1m: variable does not need to be mutable[0m
    [1m[94m--> [0msrc/jni_bridge.rs:1179:5
     [1m[94m|[0m
[1m[94m1179[0m [1m[94m|[0m     mut env: JNIEnv,
     [1m[94m|[0m     [1m[94m----[0m[1m[33m^^^[0m
     [1m[94m|[0m     [1m[94m|[0m
     [1m[94m|[0m     [1m[94mhelp: remove this `mut`[0m

[1m[33mwarning[0m[1m: variable does not need to be mutable[0m
    [1m[94m--> [0msrc/jni_bridge.rs:1219:5
     [1m[94m|[0m
[1m[94m1219[0m [1m[94m|[0m     mut env: JNIEnv,
     [1m[94m|[0m     [1m[94m----[0m[1m[33m^^^[0m
     [1m[94m|[0m     [1m[94m|[0m
     [1m[94m|[0m     [1m[94mhelp: remove this `mut`[0m

[1m[33mwarning[0m[1m: variable does not need to be mutable[0m
    [1m[94m--> [0msrc/jni_bridge.rs:1256:5
     [1m[94m|[0m
[1m[94m1256[0m [1m[94m|[0m     mut env: JNIEnv,
     [1m[94m|[0m     [1m[94m----[0m[1m[33m^^^[0m
     [1m[94m|[0m     [1m[94m|[0m
     [1m[94m|[0m     [1m[94mhelp: remove this `mut`[0m

[1m[33mwarning[0m[1m: variable does not need to be mutable[0m
    [1m[94m--> [0msrc/jni_bridge.rs:1291:5
     [1m[94m|[0m
[1m[94m1291[0m [1m[94m|[0m     mut env: JNIEnv,
     [1m[94m|[0m     [1m[94m----[0m[1m[33m^^^[0m
     [1m[94m|[0m     [1m[94m|[0m
     [1m[94m|[0m     [1m[94mhelp: remove this `mut`[0m

[1m[33mwarning[0m[1m: variable does not need to be mutable[0m
    [1m[94m--> [0msrc/jni_bridge.rs:1392:5
     [1m[94m|[0m
[1m[94m1392[0m [1m[94m|[0m     mut env: JNIEnv,
     [1m[94m|[0m     [1m[94m----[0m[1m[33m^^^[0m
     [1m[94m|[0m     [1m[94m|[0m
     [1m[94m|[0m     [1m[94mhelp: remove this `mut`[0m

[1m[33mwarning[0m[1m: variable does not need to be mutable[0m
    [1m[94m--> [0msrc/jni_bridge.rs:1555:5
     [1m[94m|[0m
[1m[94m1555[0m [1m[94m|[0m     mut env: JNIEnv,
     [1m[94m|[0m     [1m[94m----[0m[1m[33m^^^[0m
     [1m[94m|[0m     [1m[94m|[0m
     [1m[94m|[0m     [1m[94mhelp: remove this `mut`[0m

[1m[33mwarning[0m[1m: variable does not need to be mutable[0m
    [1m[94m--> [0msrc/jni_bridge.rs:1642:5
     [1m[94m|[0m
[1m[94m1642[0m [1m[94m|[0m     mut env: JNIEnv,
     [1m[94m|[0m     [1m[94m----[0m[1m[33m^^^[0m
     [1m[94m|[0m     [1m[94m|[0m
     [1m[94m|[0m     [1m[94mhelp: remove this `mut`[0m

[1m[33mwarning[0m[1m: unused variable: `contents_path`[0m
  [1m[94m--> [0msrc/playlist_parser.rs:48:13
   [1m[94m|[0m
[1m[94m48[0m [1m[94m|[0m         let contents_path = if root.pointer("/continuationContents").is_some() {
   [1m[94m|[0m             [1m[33m^^^^^^^^^^^^^[0m [1m[33mhelp: if this is intentional, prefix it with an underscore: `_contents_path`[0m
   [1m[94m|[0m
   [1m[94m= [0m[1mnote[0m: `#[warn(unused_variables)]` (part of `#[warn(unused)]`) on by default

[1m[33mwarning[0m[1m: type `QueueEntry` is more private than the item `JamCrdtState::queue`[0m
   [1m[94m--> [0msrc/jam_crdt.rs:222:5
    [1m[94m|[0m
[1m[94m222[0m [1m[94m|[0m     pub queue: BTreeMap<(u64, u64), QueueEntry>,
    [1m[94m|[0m     [1m[33m^^^^^^^^^^^^^^^^^^^^^^^^^^^^^^^^^^^^^^^^^^^[0m [1m[33mfield `JamCrdtState::queue` is reachable at visibility `pub`[0m
    [1m[94m|[0m
[1m[92mnote[0m: but type `QueueEntry` is only usable at visibility `pub(self)`
   [1m[94m--> [0msrc/jam_crdt.rs:214:1
    [1m[94m|[0m
[1m[94m214[0m [1m[94m|[0m struct QueueEntry {
    [1m[94m|[0m [1m[92m^^^^^^^^^^^^^^^^^[0m
    [1m[94m= [0m[1mnote[0m: `#[warn(private_interfaces)]` on by default

[1m[33mwarning[0m[1m: constant `DEFAULT_STALE_MS` is never used[0m
  [1m[94m--> [0msrc/jam_outbox.rs:30:7
   [1m[94m|[0m
[1m[94m30[0m [1m[94m|[0m const DEFAULT_STALE_MS: i64 = 30_000;
   [1m[94m|[0m       [1m[33m^^^^^^^^^^^^^^^^[0m
   [1m[94m|[0m
   [1m[94m= [0m[1mnote[0m: `#[warn(dead_code)]` (part of `#[warn(unused)]`) on by default

[1m[33mwarning[0m[1m: associated constant `INNERTUBE_PLAYER_URL` is never used[0m
   [1m[94m--> [0msrc/resolver.rs:836:11
    [1m[94m|[0m
[1m[94m835[0m [1m[94m|[0m impl StreamResolver {
    [1m[94m|[0m [1m[94m-------------------[0m [1m[94massociated constant in this implementation[0m
[1m[94m836[0m [1m[94m|[0m     const INNERTUBE_PLAYER_URL: &'static str = "https://www.youtube.com/youtubei/v1/player";
    [1m[94m|[0m           [1m[33m^^^^^^^^^^^^^^^^^^^^[0m

[1m[33mwarning[0m[1m: field `total` is never read[0m
  [1m[94m--> [0msrc/spotify_ingest.rs:13:5
   [1m[94m|[0m
[1m[94m 9[0m [1m[94m|[0m struct SpotifyPagingResponse<T> {
   [1m[94m|[0m        [1m[94m---------------------[0m [1m[94mfield in this struct[0m
[1m[94m...[0m
[1m[94m13[0m [1m[94m|[0m     total: u32,
   [1m[94m|[0m     [1m[33m^^^^^[0m

[1m[33mwarning[0m[1m: fields `id` and `name` are never read[0m
  [1m[94m--> [0msrc/spotify_ingest.rs:76:5
   [1m[94m|[0m
[1m[94m74[0m [1m[94m|[0m struct SpotifyPlaylistItem {
   [1m[94m|[0m        [1m[94m-------------------[0m [1m[94mfields in this struct[0m
[1m[94m75[0m [1m[94m|[0m     #[serde(default)]
[1m[94m76[0m [1m[94m|[0m     id: String,
   [1m[94m|[0m     [1m[33m^^[0m
[1m[94m77[0m [1m[94m|[0m     #[serde(default)]
[1m[94m78[0m [1m[94m|[0m     name: String,
   [1m[94m|[0m     [1m[33m^^^^[0m

[1m[33mwarning[0m[1m: field `total` is never read[0m
  [1m[94m--> [0msrc/spotify_ingest.rs:87:5
   [1m[94m|[0m
[1m[94m83[0m [1m[94m|[0m struct SpotifyPlaylistTracksRef {
   [1m[94m|[0m        [1m[94m------------------------[0m [1m[94mfield in this struct[0m
[1m[94m...[0m
[1m[94m87[0m [1m[94m|[0m     total: u32,
   [1m[94m|[0m     [1m[33m^^^^^[0m

[1m[33mwarning[0m: `streamify_core_rs` (lib) generated 27 warnings (run `cargo fix --lib -p streamify_core_rs` to apply 21 suggestions)
[1m[92m    Finished[0m `release` profile [optimized] target(s) in 1m 41s
    Building armeabi-v7a (armv7-linux-androideabi)
[1m[92m   Compiling[0m cfg-if v1.0.4
[1m[92m   Compiling[0m libc v0.2.189
[1m[92m   Compiling[0m stable_deref_trait v1.2.1
[1m[92m   Compiling[0m zerofrom v0.1.8
[1m[92m   Compiling[0m yoke v0.8.3
[1m[92m   Compiling[0m bytes v1.12.1
[1m[92m   Compiling[0m once_cell v1.21.4
[1m[92m   Compiling[0m zerovec v0.11.7
[1m[92m   Compiling[0m pin-project-lite v0.2.17
[1m[92m   Compiling[0m itoa v1.0.18
[1m[92m   Compiling[0m smallvec v1.15.2
[1m[92m   Compiling[0m writeable v0.6.4
[1m[92m   Compiling[0m litemap v0.8.3
[1m[92m   Compiling[0m futures-core v0.3.34
[1m[92m   Compiling[0m zerotrie v0.2.5
[1m[92m   Compiling[0m tinystr v0.8.4
[1m[92m   Compiling[0m potential_utf v0.1.6
[1m[92m   Compiling[0m icu_locale_core v2.3.0
[1m[92m   Compiling[0m subtle v2.6.1
[1m[92m   Compiling[0m zeroize v1.9.0
[1m[92m   Compiling[0m utf8_iter v1.0.4
[1m[92m   Compiling[0m rustls-pki-types v1.15.1
[1m[92m   Compiling[0m icu_collections v2.3.0
[1m[92m   Compiling[0m icu_properties_data v2.3.0
[1m[92m   Compiling[0m icu_normalizer_data v2.3.0
[1m[92m   Compiling[0m ring v0.17.14
[1m[92m   Compiling[0m socket2 v0.6.5
[1m[92m   Compiling[0m mio v1.2.2
[1m[92m   Compiling[0m icu_provider v2.3.0
[1m[92m   Compiling[0m memchr v2.8.3
[1m[92m   Compiling[0m percent-encoding v2.3.2
[1m[92m   Compiling[0m tokio v1.53.1
[1m[92m   Compiling[0m generic-array v0.14.7
[1m[92m   Compiling[0m http v1.5.0
[1m[92m   Compiling[0m getrandom v0.2.17
[1m[92m   Compiling[0m typenum v1.20.1
[1m[92m   Compiling[0m untrusted v0.9.0
[1m[92m   Compiling[0m log v0.4.33
[1m[92m   Compiling[0m serde_core v1.0.229
[1m[92m   Compiling[0m http-body v1.1.0
[1m[92m   Compiling[0m icu_properties v2.3.0
[1m[92m   Compiling[0m icu_normalizer v2.3.0
[1m[92m   Compiling[0m futures-task v0.3.34
[1m[92m   Compiling[0m slab v0.4.12
[1m[92m   Compiling[0m zerocopy v0.8.56
[1m[92m   Compiling[0m futures-util v0.3.34
[1m[92m   Compiling[0m rustls v0.23.43
[1m[92m   Compiling[0m httparse v1.10.1
[1m[92m   Compiling[0m idna_adapter v1.2.2
[1m[92m   Compiling[0m rustls-webpki v0.103.14
[1m[92m   Compiling[0m form_urlencoded v1.2.2
[1m[92m   Compiling[0m try-lock v0.2.5
[1m[92m   Compiling[0m tower-service v0.3.3
[1m[92m   Compiling[0m crc32fast v1.5.0
[1m[92m   Compiling[0m want v0.3.1
[1m[92m   Compiling[0m serde v1.0.229
[1m[92m   Compiling[0m zmij v1.0.23
[1m[92m   Compiling[0m ahash v0.8.12
[1m[92m   Compiling[0m idna v1.1.0
[1m[92m   Compiling[0m block-buffer v0.10.4
[1m[92m   Compiling[0m crypto-common v0.1.7
[1m[92m   Compiling[0m webpki-roots v1.0.9
[1m[92m   Compiling[0m futures-channel v0.3.34
[1m[92m   Compiling[0m tracing-core v0.1.36
[1m[92m   Compiling[0m adler2 v2.0.1
[1m[92m   Compiling[0m atomic-waker v1.1.2
[1m[92m   Compiling[0m simd-adler32 v0.3.10
[1m[92m   Compiling[0m base64 v0.22.1
[1m[92m   Compiling[0m miniz_oxide v0.8.9
[1m[92m   Compiling[0m hyper v1.11.0
[1m[92m   Compiling[0m tracing v0.1.44
[1m[92m   Compiling[0m serde_json v1.0.151
[1m[92m   Compiling[0m digest v0.10.7
[1m[92m   Compiling[0m url v2.5.8
[1m[92m   Compiling[0m sync_wrapper v1.0.2
[1m[92m   Compiling[0m tower-layer v0.3.3
[1m[92m   Compiling[0m bitflags v2.13.1
[1m[92m   Compiling[0m ipnet v2.12.1
[1m[92m   Compiling[0m thiserror v1.0.69
[1m[92m   Compiling[0m tower v0.5.3
[1m[92m   Compiling[0m hyper-util v0.1.20
[1m[92m   Compiling[0m jni-sys v0.3.1
[1m[92m   Compiling[0m jni-sys v0.4.1
[1m[92m   Compiling[0m flate2 v1.1.9
[1m[92m   Compiling[0m hashbrown v0.14.5
[1m[92m   Compiling[0m libsqlite3-sys v0.28.0
[1m[92m   Compiling[0m tokio-rustls v0.26.4
[1m[92m   Compiling[0m aho-corasick v1.1.5
[1m[92m   Compiling[0m regex-syntax v0.8.11
[1m[92m   Compiling[0m ryu v1.0.23
[1m[92m   Compiling[0m byteorder v1.5.0
[1m[92m   Compiling[0m ogg_pager v0.6.1
[1m[92m   Compiling[0m serde_urlencoded v0.7.1
[1m[92m   Compiling[0m regex-automata v0.4.18
[1m[92m   Compiling[0m hyper-rustls v0.27.9
[1m[92m   Compiling[0m hashlink v0.9.1
[1m[92m   Compiling[0m tower-http v0.6.11
[1m[92m   Compiling[0m webpki-roots v0.26.11
[1m[92m   Compiling[0m http-body-util v0.1.5
[1m[92m   Compiling[0m combine v4.6.7
[1m[92m   Compiling[0m cesu8 v1.1.0
[1m[92m   Compiling[0m fallible-streaming-iterator v0.1.9
[1m[92m   Compiling[0m data-encoding v2.11.1
[1m[92m   Compiling[0m fallible-iterator v0.3.0
[1m[92m   Compiling[0m lofty v0.21.1
[1m[92m   Compiling[0m jni v0.21.1
[1m[92m   Compiling[0m reqwest v0.12.28
[1m[92m   Compiling[0m ureq v2.12.1
[1m[92m   Compiling[0m regex v1.13.1
[1m[92m   Compiling[0m hmac v0.12.1
[1m[92m   Compiling[0m sha1 v0.10.7
[1m[92m   Compiling[0m sha2 v0.10.9
[1m[92m   Compiling[0m urlencoding v2.1.3
[1m[92m   Compiling[0m strsim v0.11.1
[1m[92m   Compiling[0m hex v0.4.3
[1m[92m   Compiling[0m rusqlite v0.31.0
[1m[92m   Compiling[0m streamify_core_rs v1.0.0 (/home/runner/work/streamify-apk/streamify-apk/rust)
[1m[33mwarning[0m[1m: unnecessary parentheses around assigned value[0m
  [1m[94m--> [0msrc/continuum_engine.rs:99:35
   [1m[94m|[0m
[1m[94m99[0m [1m[94m|[0m                 let pseudo_rand = ((i as f32 * 17.31 + state.session_track_idx as f32 * 7.13).sin().abs());
   [1m[94m|[0m                                   [1m[33m^[0m                                                                      [1m[33m^[0m
   [1m[94m|[0m
   [1m[94m= [0m[1mnote[0m: `#[warn(unused_parens)]` (part of `#[warn(unused)]`) on by default
[1m[96mhelp[0m: remove these parentheses
   [1m[94m|[0m
[1m[94m99[0m [91m- [0m                let pseudo_rand = [91m([0m(i as f32 * 17.31 + state.session_track_idx as f32 * 7.13).sin().abs()[91m)[0m;
[1m[94m99[0m [92m+ [0m                let pseudo_rand = (i as f32 * 17.31 + state.session_track_idx as f32 * 7.13).sin().abs();
   [1m[94m|[0m

[1m[33mwarning[0m[1m: unused imports: `SeekFrom` and `Seek`[0m
 [1m[94m--> [0msrc/downloader.rs:3:21
  [1m[94m|[0m
[1m[94m3[0m [1m[94m|[0m use std::io::{Read, Seek, SeekFrom, Write};
  [1m[94m|[0m                     [1m[33m^^^^[0m  [1m[33m^^^^^^^^[0m
  [1m[94m|[0m
  [1m[94m= [0m[1mnote[0m: `#[warn(unused_imports)]` (part of `#[warn(unused)]`) on by default

[1m[33mwarning[0m[1m: unused import: `JByteBuffer`[0m
 [1m[94m--> [0msrc/jni_bridge.rs:1:32
  [1m[94m|[0m
[1m[94m1[0m [1m[94m|[0m use jni::objects::{JByteArray, JByteBuffer, JClass, JFloatArray, JLongArray, JObject, JString, ReleaseMode};
  [1m[94m|[0m                                [1m[33m^^^^^^^^^^^[0m

[1m[33mwarning[0m[1m: variable does not need to be mutable[0m
  [1m[94m--> [0msrc/dsp.rs:53:14
   [1m[94m|[0m
[1m[94m53[0m [1m[94m|[0m         let (mut b0, mut b1, mut b2, mut a0, mut a1, mut a2) = match filter_type {
   [1m[94m|[0m              [1m[94m----[0m[1m[33m^^[0m
   [1m[94m|[0m              [1m[94m|[0m
   [1m[94m|[0m              [1m[94mhelp: remove this `mut`[0m
   [1m[94m|[0m
   [1m[94m= [0m[1mnote[0m: `#[warn(unused_mut)]` (part of `#[warn(unused)]`) on by default

[1m[33mwarning[0m[1m: variable does not need to be mutable[0m
  [1m[94m--> [0msrc/dsp.rs:53:22
   [1m[94m|[0m
[1m[94m53[0m [1m[94m|[0m         let (mut b0, mut b1, mut b2, mut a0, mut a1, mut a2) = match filter_type {
   [1m[94m|[0m                      [1m[94m----[0m[1m[33m^^[0m
   [1m[94m|[0m                      [1m[94m|[0m
   [1m[94m|[0m                      [1m[94mhelp: remove this `mut`[0m

[1m[33mwarning[0m[1m: variable does not need to be mutable[0m
  [1m[94m--> [0msrc/dsp.rs:53:30
   [1m[94m|[0m
[1m[94m53[0m [1m[94m|[0m         let (mut b0, mut b1, mut b2, mut a0, mut a1, mut a2) = match filter_type {
   [1m[94m|[0m                              [1m[94m----[0m[1m[33m^^[0m
   [1m[94m|[0m                              [1m[94m|[0m
   [1m[94m|[0m                              [1m[94mhelp: remove this `mut`[0m

[1m[33mwarning[0m[1m: variable does not need to be mutable[0m
  [1m[94m--> [0msrc/dsp.rs:53:38
   [1m[94m|[0m
[1m[94m53[0m [1m[94m|[0m         let (mut b0, mut b1, mut b2, mut a0, mut a1, mut a2) = match filter_type {
   [1m[94m|[0m                                      [1m[94m----[0m[1m[33m^^[0m
   [1m[94m|[0m                                      [1m[94m|[0m
   [1m[94m|[0m                                      [1m[94mhelp: remove this `mut`[0m

[1m[33mwarning[0m[1m: variable does not need to be mutable[0m
  [1m[94m--> [0msrc/dsp.rs:53:46
   [1m[94m|[0m
[1m[94m53[0m [1m[94m|[0m         let (mut b0, mut b1, mut b2, mut a0, mut a1, mut a2) = match filter_type {
   [1m[94m|[0m                                              [1m[94m----[0m[1m[33m^^[0m
   [1m[94m|[0m                                              [1m[94m|[0m
   [1m[94m|[0m                                              [1m[94mhelp: remove this `mut`[0m

[1m[33mwarning[0m[1m: variable does not need to be mutable[0m
  [1m[94m--> [0msrc/dsp.rs:53:54
   [1m[94m|[0m
[1m[94m53[0m [1m[94m|[0m         let (mut b0, mut b1, mut b2, mut a0, mut a1, mut a2) = match filter_type {
   [1m[94m|[0m                                                      [1m[94m----[0m[1m[33m^^[0m
   [1m[94m|[0m                                                      [1m[94m|[0m
   [1m[94m|[0m                                                      [1m[94mhelp: remove this `mut`[0m

[1m[33mwarning[0m[1m: variable does not need to be mutable[0m
   [1m[94m--> [0msrc/jni_bridge.rs:381:5
    [1m[94m|[0m
[1m[94m381[0m [1m[94m|[0m     mut env: JNIEnv,
    [1m[94m|[0m     [1m[94m----[0m[1m[33m^^^[0m
    [1m[94m|[0m     [1m[94m|[0m
    [1m[94m|[0m     [1m[94mhelp: remove this `mut`[0m

[1m[33mwarning[0m[1m: variable does not need to be mutable[0m
   [1m[94m--> [0msrc/jni_bridge.rs:504:5
    [1m[94m|[0m
[1m[94m504[0m [1m[94m|[0m     mut env: JNIEnv,
    [1m[94m|[0m     [1m[94m----[0m[1m[33m^^^[0m
    [1m[94m|[0m     [1m[94m|[0m
    [1m[94m|[0m     [1m[94mhelp: remove this `mut`[0m

[1m[33mwarning[0m[1m: variable does not need to be mutable[0m
   [1m[94m--> [0msrc/jni_bridge.rs:836:5
    [1m[94m|[0m
[1m[94m836[0m [1m[94m|[0m     mut env: JNIEnv,
    [1m[94m|[0m     [1m[94m----[0m[1m[33m^^^[0m
    [1m[94m|[0m     [1m[94m|[0m
    [1m[94m|[0m     [1m[94mhelp: remove this `mut`[0m

[1m[33mwarning[0m[1m: variable does not need to be mutable[0m
   [1m[94m--> [0msrc/jni_bridge.rs:874:5
    [1m[94m|[0m
[1m[94m874[0m [1m[94m|[0m     mut env: JNIEnv,
    [1m[94m|[0m     [1m[94m----[0m[1m[33m^^^[0m
    [1m[94m|[0m     [1m[94m|[0m
    [1m[94m|[0m     [1m[94mhelp: remove this `mut`[0m

[1m[33mwarning[0m[1m: variable does not need to be mutable[0m
    [1m[94m--> [0msrc/jni_bridge.rs:1179:5
     [1m[94m|[0m
[1m[94m1179[0m [1m[94m|[0m     mut env: JNIEnv,
     [1m[94m|[0m     [1m[94m----[0m[1m[33m^^^[0m
     [1m[94m|[0m     [1m[94m|[0m
     [1m[94m|[0m     [1m[94mhelp: remove this `mut`[0m

[1m[33mwarning[0m[1m: variable does not need to be mutable[0m
    [1m[94m--> [0msrc/jni_bridge.rs:1219:5
     [1m[94m|[0m
[1m[94m1219[0m [1m[94m|[0m     mut env: JNIEnv,
     [1m[94m|[0m     [1m[94m----[0m[1m[33m^^^[0m
     [1m[94m|[0m     [1m[94m|[0m
     [1m[94m|[0m     [1m[94mhelp: remove this `mut`[0m

[1m[33mwarning[0m[1m: variable does not need to be mutable[0m
    [1m[94m--> [0msrc/jni_bridge.rs:1256:5
     [1m[94m|[0m
[1m[94m1256[0m [1m[94m|[0m     mut env: JNIEnv,
     [1m[94m|[0m     [1m[94m----[0m[1m[33m^^^[0m
     [1m[94m|[0m     [1m[94m|[0m
     [1m[94m|[0m     [1m[94mhelp: remove this `mut`[0m

[1m[33mwarning[0m[1m: variable does not need to be mutable[0m
    [1m[94m--> [0msrc/jni_bridge.rs:1291:5
     [1m[94m|[0m
[1m[94m1291[0m [1m[94m|[0m     mut env: JNIEnv,
     [1m[94m|[0m     [1m[94m----[0m[1m[33m^^^[0m
     [1m[94m|[0m     [1m[94m|[0m
     [1m[94m|[0m     [1m[94mhelp: remove this `mut`[0m

[1m[33mwarning[0m[1m: variable does not need to be mutable[0m
    [1m[94m--> [0msrc/jni_bridge.rs:1392:5
     [1m[94m|[0m
[1m[94m1392[0m [1m[94m|[0m     mut env: JNIEnv,
     [1m[94m|[0m     [1m[94m----[0m[1m[33m^^^[0m
     [1m[94m|[0m     [1m[94m|[0m
     [1m[94m|[0m     [1m[94mhelp: remove this `mut`[0m

[1m[33mwarning[0m[1m: variable does not need to be mutable[0m
    [1m[94m--> [0msrc/jni_bridge.rs:1555:5
     [1m[94m|[0m
[1m[94m1555[0m [1m[94m|[0m     mut env: JNIEnv,
     [1m[94m|[0m     [1m[94m----[0m[1m[33m^^^[0m
     [1m[94m|[0m     [1m[94m|[0m
     [1m[94m|[0m     [1m[94mhelp: remove this `mut`[0m

[1m[33mwarning[0m[1m: variable does not need to be mutable[0m
    [1m[94m--> [0msrc/jni_bridge.rs:1642:5
     [1m[94m|[0m
[1m[94m1642[0m [1m[94m|[0m     mut env: JNIEnv,
     [1m[94m|[0m     [1m[94m----[0m[1m[33m^^^[0m
     [1m[94m|[0m     [1m[94m|[0m
     [1m[94m|[0m     [1m[94mhelp: remove this `mut`[0m

[1m[33mwarning[0m[1m: unused variable: `contents_path`[0m
  [1m[94m--> [0msrc/playlist_parser.rs:48:13
   [1m[94m|[0m
[1m[94m48[0m [1m[94m|[0m         let contents_path = if root.pointer("/continuationContents").is_some() {
   [1m[94m|[0m             [1m[33m^^^^^^^^^^^^^[0m [1m[33mhelp: if this is intentional, prefix it with an underscore: `_contents_path`[0m
   [1m[94m|[0m
   [1m[94m= [0m[1mnote[0m: `#[warn(unused_variables)]` (part of `#[warn(unused)]`) on by default

[1m[33mwarning[0m[1m: type `QueueEntry` is more private than the item `JamCrdtState::queue`[0m
   [1m[94m--> [0msrc/jam_crdt.rs:222:5
    [1m[94m|[0m
[1m[94m222[0m [1m[94m|[0m     pub queue: BTreeMap<(u64, u64), QueueEntry>,
    [1m[94m|[0m     [1m[33m^^^^^^^^^^^^^^^^^^^^^^^^^^^^^^^^^^^^^^^^^^^[0m [1m[33mfield `JamCrdtState::queue` is reachable at visibility `pub`[0m
    [1m[94m|[0m
[1m[92mnote[0m: but type `QueueEntry` is only usable at visibility `pub(self)`
   [1m[94m--> [0msrc/jam_crdt.rs:214:1
    [1m[94m|[0m
[1m[94m214[0m [1m[94m|[0m struct QueueEntry {
    [1m[94m|[0m [1m[92m^^^^^^^^^^^^^^^^^[0m
    [1m[94m= [0m[1mnote[0m: `#[warn(private_interfaces)]` on by default

[1m[33mwarning[0m[1m: constant `DEFAULT_STALE_MS` is never used[0m
  [1m[94m--> [0msrc/jam_outbox.rs:30:7
   [1m[94m|[0m
[1m[94m30[0m [1m[94m|[0m const DEFAULT_STALE_MS: i64 = 30_000;
   [1m[94m|[0m       [1m[33m^^^^^^^^^^^^^^^^[0m
   [1m[94m|[0m
   [1m[94m= [0m[1mnote[0m: `#[warn(dead_code)]` (part of `#[warn(unused)]`) on by default

[1m[33mwarning[0m[1m: associated constant `INNERTUBE_PLAYER_URL` is never used[0m
   [1m[94m--> [0msrc/resolver.rs:836:11
    [1m[94m|[0m
[1m[94m835[0m [1m[94m|[0m impl StreamResolver {
    [1m[94m|[0m [1m[94m-------------------[0m [1m[94massociated constant in this implementation[0m
[1m[94m836[0m [1m[94m|[0m     const INNERTUBE_PLAYER_URL: &'static str = "https://www.youtube.com/youtubei/v1/player";
    [1m[94m|[0m           [1m[33m^^^^^^^^^^^^^^^^^^^^[0m

[1m[33mwarning[0m[1m: field `total` is never read[0m
  [1m[94m--> [0msrc/spotify_ingest.rs:13:5
   [1m[94m|[0m
[1m[94m 9[0m [1m[94m|[0m struct SpotifyPagingResponse<T> {
   [1m[94m|[0m        [1m[94m---------------------[0m [1m[94mfield in this struct[0m
[1m[94m...[0m
[1m[94m13[0m [1m[94m|[0m     total: u32,
   [1m[94m|[0m     [1m[33m^^^^^[0m

[1m[33mwarning[0m[1m: fields `id` and `name` are never read[0m
  [1m[94m--> [0msrc/spotify_ingest.rs:76:5
   [1m[94m|[0m
[1m[94m74[0m [1m[94m|[0m struct SpotifyPlaylistItem {
   [1m[94m|[0m        [1m[94m-------------------[0m [1m[94mfields in this struct[0m
[1m[94m75[0m [1m[94m|[0m     #[serde(default)]
[1m[94m76[0m [1m[94m|[0m     id: String,
   [1m[94m|[0m     [1m[33m^^[0m
[1m[94m77[0m [1m[94m|[0m     #[serde(default)]
[1m[94m78[0m [1m[94m|[0m     name: String,
   [1m[94m|[0m     [1m[33m^^^^[0m

[1m[33mwarning[0m[1m: field `total` is never read[0m
  [1m[94m--> [0msrc/spotify_ingest.rs:87:5
   [1m[94m|[0m
[1m[94m83[0m [1m[94m|[0m struct SpotifyPlaylistTracksRef {
   [1m[94m|[0m        [1m[94m------------------------[0m [1m[94mfield in this struct[0m
[1m[94m...[0m
[1m[94m87[0m [1m[94m|[0m     total: u32,
   [1m[94m|[0m     [1m[33m^^^^^[0m

[1m[33mwarning[0m: `streamify_core_rs` (lib) generated 27 warnings (run `cargo fix --lib -p streamify_core_rs` to apply 21 suggestions)
[1m[92m    Finished[0m `release` profile [optimized] target(s) in 1m 28s
     Copying libraries to /home/runner/work/streamify-apk/streamify-apk/app/src/main/jniLibs

> Task :app:preBuild
> Task :app:preDebugBuild
> Task :app:mergeDebugNativeDebugMetadata NO-SOURCE
> Task :app:checkKotlinGradlePluginConfigurationErrors
> Task :app:generateDebugBuildConfig
> Task :app:generateDebugResValues
> Task :app:checkDebugAarMetadata
> Task :app:mapDebugSourceSetPaths
> Task :app:generateDebugResources
> Task :app:packageDebugResources
> Task :app:mergeDebugResources
> Task :app:createDebugCompatibleScreenManifests
> Task :app:extractDeepLinksDebug
> Task :app:parseDebugLocalResources
> Task :app:processDebugMainManifest
> Task :app:processDebugManifest
> Task :app:javaPreCompileDebug
> Task :app:mergeDebugShaders
> Task :app:compileDebugShaders NO-SOURCE
> Task :app:generateDebugAssets UP-TO-DATE
> Task :app:mergeDebugAssets
> Task :app:compressDebugAssets
> Task :app:desugarDebugFileDependencies
> Task :app:checkDebugDuplicateClasses
> Task :app:configureCMakeDebug[arm64-v8a]
> Task :app:processDebugManifestForPackage
> Task :app:mergeExtDexDebug
> Task :app:mergeLibDexDebug
> Task :app:processDebugResources

> Task :app:buildCMakeDebug[arm64-v8a]
C/C++: ninja: Entering directory `/home/runner/work/streamify-apk/streamify-apk/app/.cxx/Debug/2v2o2f38/arm64-v8a'
C/C++: /home/runner/work/streamify-apk/streamify-apk/native/engine/ChronosProfiler.cc:147:71: warning: unused parameter 'currentTimestampMs' [-Wunused-parameter]
C/C++: float ChronosProfiler::calculateSatiationPenalty(int trackId, int64_t currentTimestampMs) const {
C/C++:                                                                       ^
C/C++: 1 warning generated.
C/C++: /home/runner/work/streamify-apk/streamify-apk/native/engine/StreamifyDB.cc:880:83: warning: unused parameter 'artist' [-Wunused-parameter]
C/C++: int StreamifyDB::findFuzzyTrackMatch(const std::string& title, const std::string& artist) {
C/C++:                                                                                   ^
C/C++: 1 warning generated.
C/C++: /home/runner/work/streamify-apk/streamify-apk/native/jni/jni_bridge.cc:180:61: warning: unused parameter 'env' [-Wunused-parameter]
C/C++: Java_com_streamify_app_data_NativeBridge_toggleLike(JNIEnv* env, jobject /* this */, jint userId, jint trackId) {
C/C++:                                                             ^
C/C++: /home/runner/work/streamify-apk/streamify-apk/native/jni/jni_bridge.cc:230:138: warning: unused parameter 'userId' [-Wunused-parameter]
C/C++: Java_com_streamify_app_data_NativeBridge_getRecommendations(JNIEnv* env, jobject /* this */, jint trackId, jintArray recentHistory, jint userId, jint limit) {
C/C++:                                                                                                                                          ^
C/C++: /home/runner/work/streamify-apk/streamify-apk/native/jni/jni_bridge.cc:241:63: warning: unused parameter 'env' [-Wunused-parameter]
C/C++: Java_com_streamify_app_data_NativeBridge_logPlayEvent(JNIEnv* env, jobject /* this */, jint fromTrackId, jint toTrackId, jint userId) {
C/C++:                                                               ^
C/C++: /home/runner/work/streamify-apk/streamify-apk/native/jni/jni_bridge.cc:246:63: warning: unused parameter 'env' [-Wunused-parameter]
C/C++: Java_com_streamify_app_data_NativeBridge_logSkipEvent(JNIEnv* env, jobject /* this */, jint fromTrackId, jint toTrackId, jint userId) {
C/C++:                                                               ^
C/C++: /home/runner/work/streamify-apk/streamify-apk/native/jni/jni_bridge.cc:783:68: warning: unused parameter 'env' [-Wunused-parameter]
C/C++: Java_com_streamify_app_data_NativeBridge_nukeLocalDatabase(JNIEnv* env, jobject /* this */) {
C/C++:                                                                    ^
C/C++: 5 warnings generated.
C/C++: /home/runner/work/streamify-apk/streamify-apk/native/engine/RecommendEngine.cc:140:17: warning: unused variable 'beta_bpm' [-Wunused-variable]
C/C++:     const float beta_bpm = 0.20f;
C/C++:                 ^
C/C++: /home/runner/work/streamify-apk/streamify-apk/native/engine/RecommendEngine.cc:432:11: warning: unused variable 'vecStore' [-Wunused-variable]
C/C++:     auto& vecStore = VectorStore::getInstance();
C/C++:           ^
C/C++: 2 warnings generated.
C/C++: /home/runner/work/streamify-apk/streamify-apk/native/ingest/AudioPipeline.cc:328:35: warning: comparison of integers of different signs: 'int' and 'std::vector<float>::size_type' (aka 'unsigned long') [-Wsign-compare]
C/C++:         if (i * hop_length + nfft > pcm.size()) break;
C/C++:             ~~~~~~~~~~~~~~~~~~~~~ ^ ~~~~~~~~~~
C/C++: 1 warning generated.

> Task :app:configureCMakeDebug[armeabi-v7a]

> Task :app:buildCMakeDebug[armeabi-v7a]
C/C++: ninja: Entering directory `/home/runner/work/streamify-apk/streamify-apk/app/.cxx/Debug/2v2o2f38/armeabi-v7a'
C/C++: /usr/local/lib/android/sdk/ndk/25.1.8937393/toolchains/llvm/prebuilt/linux-x86_64/bin/clang++ --target=armv7-none-linux-androideabi26 --sysroot=/usr/local/lib/android/sdk/ndk/25.1.8937393/toolchains/llvm/prebuilt/linux-x86_64/sysroot -Dstreamify_native_core_EXPORTS -I/home/runner/work/streamify-apk/streamify-apk/native/dsp -I/home/runner/work/streamify-apk/streamify-apk/native/dsp/kissfft -I/home/runner/work/streamify-apk/streamify-apk/native/engine -I/home/runner/work/streamify-apk/streamify-apk/native/ingest -I/home/runner/work/streamify-apk/streamify-apk/native/jni -I/home/runner/work/streamify-apk/streamify-apk/native/third_party/sqlite3 -g -DANDROID -fdata-sections -ffunction-sections -funwind-tables -fstack-protector-strong -no-canonical-prefixes -D_FORTIFY_SOURCE=2 -march=armv7-a -mthumb -Wformat -Werror=format-security  -std=c++20 -O3 -flto -O3 -ffast-math -flto -fvisibility=hidden -Wall -Wextra -fno-limit-debug-info  -fPIC -std=gnu++20 -MD -MT CMakeFiles/streamify_native_core.dir/dsp/AcousticPhaseResampler.cc.o -MF CMakeFiles/streamify_native_core.dir/dsp/AcousticPhaseResampler.cc.o.d -o CMakeFiles/streamify_native_core.dir/dsp/AcousticPhaseResampler.cc.o -c /home/runner/work/streamify-apk/streamify-apk/native/dsp/AcousticPhaseResampler.cc
C/C++: /home/runner/work/streamify-apk/streamify-apk/native/dsp/AcousticPhaseResampler.cc:260:39: error: use of undeclared identifier 'vfmaq_f32'; did you mean 'vmlaq_f32'?
C/C++:                 vst1q_f32(lerped + j, vfmaq_f32(a, vsubq_f32(b, a), muV));
C/C++:                                       ^~~~~~~~~
C/C++:                                       vmlaq_f32
C/C++: /usr/local/lib/android/sdk/ndk/25.1.8937393/toolchains/llvm/prebuilt/linux-x86_64/lib64/clang/14.0.6/include/arm_neon.h:26839:22: note: expanded from macro 'vst1q_f32'
C/C++:   float32x4_t __s1 = __p1; \
C/C++:                      ^
C/C++: /usr/local/lib/android/sdk/ndk/25.1.8937393/toolchains/llvm/prebuilt/linux-x86_64/lib64/clang/14.0.6/include/arm_neon.h:14491:18: note: 'vmlaq_f32' declared here
C/C++: __ai float32x4_t vmlaq_f32(float32x4_t __p0, float32x4_t __p1, float32x4_t __p2) {
C/C++:                  ^
C/C++: /home/runner/work/streamify-apk/streamify-apk/native/dsp/AcousticPhaseResampler.cc:295:24: error: use of undeclared identifier 'vfmaq_f32'; did you mean 'vmlaq_f32'?
C/C++:                 accL = vfmaq_f32(accL, tv, lr.val[0]);
C/C++:                        ^~~~~~~~~
C/C++:                        vmlaq_f32
C/C++: /usr/local/lib/android/sdk/ndk/25.1.8937393/toolchains/llvm/prebuilt/linux-x86_64/lib64/clang/14.0.6/include/arm_neon.h:14491:18: note: 'vmlaq_f32' declared here
C/C++: __ai float32x4_t vmlaq_f32(float32x4_t __p0, float32x4_t __p1, float32x4_t __p2) {
C/C++:                  ^
C/C++: /home/runner/work/streamify-apk/streamify-apk/native/dsp/AcousticPhaseResampler.cc:296:24: error: use of undeclared identifier 'vfmaq_f32'; did you mean 'vmlaq_f32'?
C/C++:                 accR = vfmaq_f32(accR, tv, lr.val[1]);
C/C++:                        ^~~~~~~~~
C/C++:                        vmlaq_f32
C/C++: /usr/local/lib/android/sdk/ndk/25.1.8937393/toolchains/llvm/prebuilt/linux-x86_64/lib64/clang/14.0.6/include/arm_neon.h:14491:18: note: 'vmlaq_f32' declared here
C/C++: __ai float32x4_t vmlaq_f32(float32x4_t __p0, float32x4_t __p1, float32x4_t __p2) {
C/C++:                  ^
C/C++: /home/runner/work/streamify-apk/streamify-apk/native/dsp/AcousticPhaseResampler.cc:303:23: error: use of undeclared identifier 'vfmaq_f32'; did you mean 'vmlaq_f32'?
C/C++:                 acc = vfmaq_f32(acc, vld1q_f32(lerped + j), vld1q_f32(xw + j));
C/C++:                       ^~~~~~~~~
C/C++:                       vmlaq_f32
C/C++: /usr/local/lib/android/sdk/ndk/25.1.8937393/toolchains/llvm/prebuilt/linux-x86_64/lib64/clang/14.0.6/include/arm_neon.h:14491:18: note: 'vmlaq_f32' declared here
C/C++: __ai float32x4_t vmlaq_f32(float32x4_t __p0, float32x4_t __p1, float32x4_t __p2) {
C/C++:                  ^
C/C++: 4 errors generated.
C/C++: /home/runner/work/streamify-apk/streamify-apk/native/jni/jni_bridge.cc:180:61: warning: unused parameter 'env' [-Wunused-parameter]
C/C++: Java_com_streamify_app_data_NativeBridge_toggleLike(JNIEnv* env, jobject /* this */, jint userId, jint trackId) {
C/C++:                                                             ^
C/C++: /home/runner/work/streamify-apk/streamify-apk/native/jni/jni_bridge.cc:230:138: warning: unused parameter 'userId' [-Wunused-parameter]
C/C++: Java_com_streamify_app_data_NativeBridge_getRecommendations(JNIEnv* env, jobject /* this */, jint trackId, jintArray recentHistory, jint userId, jint limit) {
C/C++:                                                                                                                                          ^
C/C++: /home/runner/work/streamify-apk/streamify-apk/native/jni/jni_bridge.cc:241:63: warning: unused parameter 'env' [-Wunused-parameter]
C/C++: Java_com_streamify_app_data_NativeBridge_logPlayEvent(JNIEnv* env, jobject /* this */, jint fromTrackId, jint toTrackId, jint userId) {
C/C++:                                                               ^
C/C++: /home/runner/work/streamify-apk/streamify-apk/native/jni/jni_bridge.cc:246:63: warning: unused parameter 'env' [-Wunused-parameter]
C/C++: Java_com_streamify_app_data_NativeBridge_logSkipEvent(JNIEnv* env, jobject /* this */, jint fromTrackId, jint toTrackId, jint userId) {
C/C++:                                                               ^
C/C++: /home/runner/work/streamify-apk/streamify-apk/native/jni/jni_bridge.cc:783:68: warning: unused parameter 'env' [-Wunused-parameter]
C/C++: Java_com_streamify_app_data_NativeBridge_nukeLocalDatabase(JNIEnv* env, jobject /* this */) {
C/C++:                                                                    ^
C/C++: 5 warnings generated.

> Task :app:buildCMakeDebug[armeabi-v7a] FAILED
> Task :app:compileDebugKotlin
w: file:///home/runner/work/streamify-apk/streamify-apk/app/src/main/java/com/streamify/app/MainActivity.kt:162:21 Variable 'scope' is never used
w: file:///home/runner/work/streamify-apk/streamify-apk/app/src/main/java/com/streamify/app/data/discovery/FuzzyTitleMatcher.kt:145:45 Parameter 'artistA' is never used
w: file:///home/runner/work/streamify-apk/streamify-apk/app/src/main/java/com/streamify/app/data/discovery/FuzzyTitleMatcher.kt:145:78 Parameter 'artistB' is never used
w: file:///home/runner/work/streamify-apk/streamify-apk/app/src/main/java/com/streamify/app/data/ingestion/ExportifyParser.kt:239:37 Variable 'durFormatted' is never used
w: file:///home/runner/work/streamify-apk/streamify-apk/app/src/main/java/com/streamify/app/data/ingestion/NeuroQueueManager.kt:35:24 Parameter 'track' is never used
w: file:///home/runner/work/streamify-apk/streamify-apk/app/src/main/java/com/streamify/app/data/ingestion/NeuroQueueManager.kt:39:25 Parameter 'track' is never used
w: file:///home/runner/work/streamify-apk/streamify-apk/app/src/main/java/com/streamify/app/data/lyrics/LyricsCacheManager.kt:105:34 'getter for isBluetoothA2dpOn: Boolean' is deprecated. Deprecated in Java
w: file:///home/runner/work/streamify-apk/streamify-apk/app/src/main/java/com/streamify/app/data/models/LyricsData.kt:173:17 Variable 'version' is never used
w: file:///home/runner/work/streamify-apk/streamify-apk/app/src/main/java/com/streamify/app/data/models/LyricsData.kt:176:17 Variable 'textPoolLen' is never used
w: file:///home/runner/work/streamify-apk/streamify-apk/app/src/main/java/com/streamify/app/data/models/LyricsData.kt:178:17 Variable 'flags' is never used
w: file:///home/runner/work/streamify-apk/streamify-apk/app/src/main/java/com/streamify/app/data/models/LyricsData.kt:186:21 Variable 'sylStartIdx' is never used
w: file:///home/runner/work/streamify-apk/streamify-apk/app/src/main/java/com/streamify/app/data/models/LyricsData.kt:187:21 Variable 'sylCount' is never used
w: file:///home/runner/work/streamify-apk/streamify-apk/app/src/main/java/com/streamify/app/data/network/CandidateAggregator.kt:86:9 Parameter 'seedTitle' is never used
w: file:///home/runner/work/streamify-apk/streamify-apk/app/src/main/java/com/streamify/app/data/network/CandidateAggregator.kt:87:9 Parameter 'seedArtist' is never used
w: file:///home/runner/work/streamify-apk/streamify-apk/app/src/main/java/com/streamify/app/data/network/MeshDiscoveryEngine.kt:194:37 'resolveService(NsdServiceInfo!, NsdManager.ResolveListener!): Unit' is deprecated. Deprecated in Java
w: file:///home/runner/work/streamify-apk/streamify-apk/app/src/main/java/com/streamify/app/data/network/MeshDiscoveryEngine.kt:197:56 'getter for host: InetAddress!' is deprecated. Deprecated in Java
w: file:///home/runner/work/streamify-apk/streamify-apk/app/src/main/java/com/streamify/app/data/network/MeshDiscoveryEngine.kt:225:37 Parameter 'userId' is never used
w: file:///home/runner/work/streamify-apk/streamify-apk/app/src/main/java/com/streamify/app/data/network/NegativeResultCache.kt:24:18 Parameter 'videoId' is never used
w: file:///home/runner/work/streamify-apk/streamify-apk/app/src/main/java/com/streamify/app/data/network/NegativeResultCache.kt:26:20 Parameter 'videoId' is never used
w: file:///home/runner/work/streamify-apk/streamify-apk/app/src/main/java/com/streamify/app/data/network/NegativeResultCache.kt:28:15 Parameter 'videoId' is never used
w: file:///home/runner/work/streamify-apk/streamify-apk/app/src/main/java/com/streamify/app/data/network/ParallelStreamDownloader.kt:108:41 Variable 'expectedLen' is never used
w: file:///home/runner/work/streamify-apk/streamify-apk/app/src/main/java/com/streamify/app/data/network/StreamifyCircuitBreaker.kt:20:28 Parameter 'videoId' is never used
w: file:///home/runner/work/streamify-apk/streamify-apk/app/src/main/java/com/streamify/app/data/network/StreamifyCircuitBreaker.kt:22:18 Parameter 'videoId' is never used
w: file:///home/runner/work/streamify-apk/streamify-apk/app/src/main/java/com/streamify/app/data/network/StreamifyCircuitBreaker.kt:24:23 Parameter 'videoId' is never used
w: file:///home/runner/work/streamify-apk/streamify-apk/app/src/main/java/com/streamify/app/data/network/YouTubeStreamResolver.kt:582:9 Parameter 'statuses' is never used
w: file:///home/runner/work/streamify-apk/streamify-apk/app/src/main/java/com/streamify/app/data/network/iTunesSearchApi.kt:61:21 Variable 'trackId' is never used
w: file:///home/runner/work/streamify-apk/streamify-apk/app/src/main/java/com/streamify/app/data/network/iTunesSearchApi.kt:115:21 Variable 'artistName' is never used
w: file:///home/runner/work/streamify-apk/streamify-apk/app/src/main/java/com/streamify/app/data/persistence/BackupManager.kt:22:37 Parameter 'context' is never used
w: file:///home/runner/work/streamify-apk/streamify-apk/app/src/main/java/com/streamify/app/data/persistence/BackupManager.kt:96:37 Parameter 'context' is never used
w: file:///home/runner/work/streamify-apk/streamify-apk/app/src/main/java/com/streamify/app/data/persistence/BackupManager.kt:113:29 Variable 'trackId' is never used
w: file:///home/runner/work/streamify-apk/streamify-apk/app/src/main/java/com/streamify/app/data/persistence/NuclearResetManager.kt:44:21 Variable 'currentPlaylists' is never used
w: file:///home/runner/work/streamify-apk/streamify-apk/app/src/main/java/com/streamify/app/data/persistence/SmartOfflineVaultEngine.kt:67:39 Parameter 'context' is never used
w: file:///home/runner/work/streamify-apk/streamify-apk/app/src/main/java/com/streamify/app/data/repository/EdgeMeshRepository.kt:116:9 Parameter 'encoding' is never used
w: file:///home/runner/work/streamify-apk/streamify-apk/app/src/main/java/com/streamify/app/data/repository/EdgeMeshRepository.kt:168:25 Variable 'lraDb' is never used
w: file:///home/runner/work/streamify-apk/streamify-apk/app/src/main/java/com/streamify/app/data/repository/EdgeMeshRepository.kt:169:25 Variable 'truePeakDb' is never used
w: file:///home/runner/work/streamify-apk/streamify-apk/app/src/main/java/com/streamify/app/data/repository/PlaylistRepository.kt:68:47 This declaration needs opt-in. Its usage should be marked with '@kotlinx.coroutines.ExperimentalCoroutinesApi' or '@OptIn(kotlinx.coroutines.ExperimentalCoroutinesApi::class)'
w: file:///home/runner/work/streamify-apk/streamify-apk/app/src/main/java/com/streamify/app/data/repository/PlaylistRepository.kt:241:13 Variable 'tombstone' is never used
w: file:///home/runner/work/streamify-apk/streamify-apk/app/src/main/java/com/streamify/app/data/repository/PlaylistRepository.kt:311:13 Variable 'updatedPlaylist' is assigned but never accessed
w: file:///home/runner/work/streamify-apk/streamify-apk/app/src/main/java/com/streamify/app/data/repository/PlaylistRepository.kt:341:13 Variable 'updatedPlaylist' is assigned but never accessed
w: file:///home/runner/work/streamify-apk/streamify-apk/app/src/main/java/com/streamify/app/data/repository/PlaylistRepository.kt:429:82 Parameter 'context' is never used
w: file:///home/runner/work/streamify-apk/streamify-apk/app/src/main/java/com/streamify/app/data/supabase/SupabaseJamClient.kt:297:13 The expression is unused
w: file:///home/runner/work/streamify-apk/streamify-apk/app/src/main/java/com/streamify/app/data/telemetry/YtStatsTelemetryEngine.kt:249:43 Type mismatch: inferred type is String? but String was expected
w: file:///home/runner/work/streamify-apk/streamify-apk/app/src/main/java/com/streamify/app/data/telemetry/YtStatsTelemetryEngine.kt:250:42 Type mismatch: inferred type is String? but String was expected
w: file:///home/runner/work/streamify-apk/streamify-apk/app/src/main/java/com/streamify/app/data/telemetry/YtStatsTelemetryEngine.kt:296:35 Parameter 'counts' is never used
w: file:///home/runner/work/streamify-apk/streamify-apk/app/src/main/java/com/streamify/app/data/telemetry/YtStatsTelemetryEngine.kt:296:55 Parameter 'meta' is never used
w: file:///home/runner/work/streamify-apk/streamify-apk/app/src/main/java/com/streamify/app/data/telemetry/YtStatsTelemetryEngine.kt:307:66 Parameter 'cloudTopTrack' is never used
w: file:///home/runner/work/streamify-apk/streamify-apk/app/src/main/java/com/streamify/app/data/telemetry/YtStatsTelemetryEngine.kt:356:37 Type mismatch: inferred type is String? but String was expected
w: file:///home/runner/work/streamify-apk/streamify-apk/app/src/main/java/com/streamify/app/data/telemetry/YtStatsTelemetryEngine.kt:357:35 Type mismatch: inferred type is String? but String was expected
w: file:///home/runner/work/streamify-apk/streamify-apk/app/src/main/java/com/streamify/app/data/telemetry/YtStatsTelemetryEngine.kt:439:13 Variable 'meta' is never used
w: file:///home/runner/work/streamify-apk/streamify-apk/app/src/main/java/com/streamify/app/data/telemetry/YtStatsTelemetryEngine.kt:470:40 Type mismatch: inferred type is String? but String was expected
w: file:///home/runner/work/streamify-apk/streamify-apk/app/src/main/java/com/streamify/app/data/telemetry/YtStatsTelemetryEngine.kt:471:38 Type mismatch: inferred type is String? but String was expected
w: file:///home/runner/work/streamify-apk/streamify-apk/app/src/main/java/com/streamify/app/data/update/StreamifyUpdateManager.kt:181:74 Type mismatch: inferred type is Nothing? but String was expected
w: file:///home/runner/work/streamify-apk/streamify-apk/app/src/main/java/com/streamify/app/data/youtube/PlaylistLinkScraper.kt:459:92 Type mismatch: inferred type is Nothing? but String was expected
w: file:///home/runner/work/streamify-apk/streamify-apk/app/src/main/java/com/streamify/app/data/youtube/YtSessionExtractor.kt:20:9 Parameter 'onError' is never used
w: file:///home/runner/work/streamify-apk/streamify-apk/app/src/main/java/com/streamify/app/jam/JamEngine.kt:763:9 Parameter 'sender' is never used
w: file:///home/runner/work/streamify-apk/streamify-apk/app/src/main/java/com/streamify/app/media/audio/StreamifyAudioProcessor.kt:307:64 Parameter 'channelCount' is never used
w: file:///home/runner/work/streamify-apk/streamify-apk/app/src/main/java/com/streamify/app/media/playback/OnlineTrackProcessor.kt:25:48 This declaration needs opt-in. Its usage should be marked with '@kotlinx.coroutines.ExperimentalCoroutinesApi' or '@OptIn(kotlinx.coroutines.ExperimentalCoroutinesApi::class)'
w: file:///home/runner/work/streamify-apk/streamify-apk/app/src/main/java/com/streamify/app/media/playback/OnlineTrackProcessor.kt:84:28 Variable 'finalBpm' initializer is redundant
w: file:///home/runner/work/streamify-apk/streamify-apk/app/src/main/java/com/streamify/app/media/playback/OnlineTrackProcessor.kt:85:28 Variable 'finalKey' initializer is redundant
w: file:///home/runner/work/streamify-apk/streamify-apk/app/src/main/java/com/streamify/app/media/playback/OnlineTrackProcessor.kt:98:21 Name shadowed: trackKey
w: file:///home/runner/work/streamify-apk/streamify-apk/app/src/main/java/com/streamify/app/navigation/AppNavGraph.kt:234:41 Parameter 'mode' is never used, could be renamed to _
w: file:///home/runner/work/streamify-apk/streamify-apk/app/src/main/java/com/streamify/app/navigation/AppNavGraph.kt:252:37 Parameter 'playlist' is never used, could be renamed to _
w: file:///home/runner/work/streamify-apk/streamify-apk/app/src/main/java/com/streamify/app/radio/ContinuumRadioEngine.kt:121:63 Parameter 'limit' is never used
w: file:///home/runner/work/streamify-apk/streamify-apk/app/src/main/java/com/streamify/app/radio/ContinuumRadioEngine.kt:310:53 Parameter 'rawJson' is never used
w: file:///home/runner/work/streamify-apk/streamify-apk/app/src/main/java/com/streamify/app/ui/components/CommentsSheet.kt:177:43 'Send: ImageVector' is deprecated. Use the AutoMirrored version at Icons.AutoMirrored.Filled.Send
w: file:///home/runner/work/streamify-apk/streamify-apk/app/src/main/java/com/streamify/app/ui/components/ConnectAccountsSheet.kt:238:27 Parameter 'token' is never used, could be renamed to _
w: file:///home/runner/work/streamify-apk/streamify-apk/app/src/main/java/com/streamify/app/ui/components/ConnectAccountsSheet.kt:238:34 Parameter 'spDc' is never used, could be renamed to _
w: file:///home/runner/work/streamify-apk/streamify-apk/app/src/main/java/com/streamify/app/ui/components/ConnectAccountsSheet.kt:252:27 Parameter 'authHeader' is never used, could be renamed to _
w: file:///home/runner/work/streamify-apk/streamify-apk/app/src/main/java/com/streamify/app/ui/components/ConnectAccountsSheet.kt:252:39 Parameter 'cookies' is never used, could be renamed to _
w: file:///home/runner/work/streamify-apk/streamify-apk/app/src/main/java/com/streamify/app/ui/components/ContextMenuSheet.kt:119:5 Parameter 'onAddToPlaylistClick' is never used
w: file:///home/runner/work/streamify-apk/streamify-apk/app/src/main/java/com/streamify/app/ui/components/ContextMenuSheet.kt:188:37 'PlaylistPlay: ImageVector' is deprecated. Use the AutoMirrored version at Icons.AutoMirrored.Filled.PlaylistPlay
w: file:///home/runner/work/streamify-apk/streamify-apk/app/src/main/java/com/streamify/app/ui/components/ContextMenuSheet.kt:199:37 'QueueMusic: ImageVector' is deprecated. Use the AutoMirrored version at Icons.AutoMirrored.Filled.QueueMusic
w: file:///home/runner/work/streamify-apk/streamify-apk/app/src/main/java/com/streamify/app/ui/components/ContextMenuSheet.kt:223:41 'QueueMusic: ImageVector' is deprecated. Use the AutoMirrored version at Icons.AutoMirrored.Filled.QueueMusic
w: file:///home/runner/work/streamify-apk/streamify-apk/app/src/main/java/com/streamify/app/ui/components/ContextMenuSheet.kt:266:37 'PlaylistAdd: ImageVector' is deprecated. Use the AutoMirrored version at Icons.AutoMirrored.Filled.PlaylistAdd
w: file:///home/runner/work/streamify-apk/streamify-apk/app/src/main/java/com/streamify/app/ui/components/HeartButton.kt:43:9 Variable 'tint' is never used
w: file:///home/runner/work/streamify-apk/streamify-apk/app/src/main/java/com/streamify/app/ui/components/QuantumSonicTokenController.kt:114:37 Parameter 'heightPx' is never used
w: file:///home/runner/work/streamify-apk/streamify-apk/app/src/main/java/com/streamify/app/ui/components/QuantumSonicTokenOverlay.kt:76:21 Variable '_tick' is never used
w: file:///home/runner/work/streamify-apk/streamify-apk/app/src/main/java/com/streamify/app/ui/components/QuantumSonicTokenOverlay.kt:179:44 Elvis operator (?:) always returns the left operand of non-nullable type Paint
w: file:///home/runner/work/streamify-apk/streamify-apk/app/src/main/java/com/streamify/app/ui/components/QuantumSonicTokenOverlay.kt:180:45 Elvis operator (?:) always returns the left operand of non-nullable type Paint
w: file:///home/runner/work/streamify-apk/streamify-apk/app/src/main/java/com/streamify/app/ui/components/RelatedDiscoverSheet.kt:46:9 Variable 'scope' is never used
w: file:///home/runner/work/streamify-apk/streamify-apk/app/src/main/java/com/streamify/app/ui/components/TrackListItem.kt:197:94 'QueueMusic: ImageVector' is deprecated. Use the AutoMirrored version at Icons.AutoMirrored.Filled.QueueMusic
w: file:///home/runner/work/streamify-apk/streamify-apk/app/src/main/java/com/streamify/app/ui/components/TrackListItem.kt:199:38 'QueueMusic: ImageVector' is deprecated. Use the AutoMirrored version at Icons.AutoMirrored.Filled.QueueMusic
w: file:///home/runner/work/streamify-apk/streamify-apk/app/src/main/java/com/streamify/app/ui/components/yt/YtPlaylistHeroHeader.kt:181:102 'QueueMusic: ImageVector' is deprecated. Use the AutoMirrored version at Icons.AutoMirrored.Filled.QueueMusic
w: file:///home/runner/work/streamify-apk/streamify-apk/app/src/main/java/com/streamify/app/ui/components/yt/YtQueueTrackItem.kt:42:5 Parameter 'onReplay' is never used
w: file:///home/runner/work/streamify-apk/streamify-apk/app/src/main/java/com/streamify/app/ui/components/yt/YtSortFilterBar.kt:52:56 'ViewList: ImageVector' is deprecated. Use the AutoMirrored version at Icons.AutoMirrored.Filled.ViewList
w: file:///home/runner/work/streamify-apk/streamify-apk/app/src/main/java/com/streamify/app/ui/components/yt/YtSyllableLine.kt:191:5 Parameter 'startSearchOffset' is never used
w: file:///home/runner/work/streamify-apk/streamify-apk/app/src/main/java/com/streamify/app/ui/components/yt/YtThumbnail.kt:45:5 Parameter 'artist' is never used
w: file:///home/runner/work/streamify-apk/streamify-apk/app/src/main/java/com/streamify/app/ui/screens/AdminDashboardScreen.kt:191:39 'ArrowBack: ImageVector' is deprecated. Use the AutoMirrored version at Icons.AutoMirrored.Filled.ArrowBack
w: file:///home/runner/work/streamify-apk/streamify-apk/app/src/main/java/com/streamify/app/ui/screens/AdminDashboardScreen.kt:352:53 'QueueMusic: ImageVector' is deprecated. Use the AutoMirrored version at Icons.AutoMirrored.Filled.QueueMusic
w: file:///home/runner/work/streamify-apk/streamify-apk/app/src/main/java/com/streamify/app/ui/screens/AdminDashboardScreen.kt:368:53 'Comment: ImageVector' is deprecated. Use the AutoMirrored version at Icons.AutoMirrored.Filled.Comment
w: file:///home/runner/work/streamify-apk/streamify-apk/app/src/main/java/com/streamify/app/ui/screens/AdminDashboardScreen.kt:419:13 Duplicate label in when
w: file:///home/runner/work/streamify-apk/streamify-apk/app/src/main/java/com/streamify/app/ui/screens/AlbumScreen.kt:205:52 'ArrowBack: ImageVector' is deprecated. Use the AutoMirrored version at Icons.AutoMirrored.Filled.ArrowBack
w: file:///home/runner/work/streamify-apk/streamify-apk/app/src/main/java/com/streamify/app/ui/screens/ArtistScreen.kt:70:48 'ArrowBack: ImageVector' is deprecated. Use the AutoMirrored version at Icons.AutoMirrored.Filled.ArrowBack
w: file:///home/runner/work/streamify-apk/streamify-apk/app/src/main/java/com/streamify/app/ui/screens/CommunityHubScreen.kt:58:48 'ArrowBack: ImageVector' is deprecated. Use the AutoMirrored version at Icons.AutoMirrored.Filled.ArrowBack
w: file:///home/runner/work/streamify-apk/streamify-apk/app/src/main/java/com/streamify/app/ui/screens/CommunityHubScreen.kt:178:68 'QueueMusic: ImageVector' is deprecated. Use the AutoMirrored version at Icons.AutoMirrored.Filled.QueueMusic
w: file:///home/runner/work/streamify-apk/streamify-apk/app/src/main/java/com/streamify/app/ui/screens/DownloadScreen.kt:361:21 'Divider(Modifier = ..., Dp = ..., Color = ...): Unit' is deprecated. Renamed to HorizontalDivider
w: file:///home/runner/work/streamify-apk/streamify-apk/app/src/main/java/com/streamify/app/ui/screens/EqualizerScreen.kt:56:52 'ArrowBack: ImageVector' is deprecated. Use the AutoMirrored version at Icons.AutoMirrored.Filled.ArrowBack
w: file:///home/runner/work/streamify-apk/streamify-apk/app/src/main/java/com/streamify/app/ui/screens/FullPlayerSheet.kt:143:5 Parameter 'progressFlow' is never used
w: file:///home/runner/work/streamify-apk/streamify-apk/app/src/main/java/com/streamify/app/ui/screens/FullPlayerSheet.kt:157:5 Parameter 'onQueueClick' is never used
w: file:///home/runner/work/streamify-apk/streamify-apk/app/src/main/java/com/streamify/app/ui/screens/FullPlayerSheet.kt:158:5 Parameter 'onLyricsClick' is never used
w: file:///home/runner/work/streamify-apk/streamify-apk/app/src/main/java/com/streamify/app/ui/screens/FullPlayerSheet.kt:161:5 Parameter 'isAutoPlayEnabled' is never used
w: file:///home/runner/work/streamify-apk/streamify-apk/app/src/main/java/com/streamify/app/ui/screens/FullPlayerSheet.kt:162:5 Parameter 'onAutoPlayToggle' is never used
w: file:///home/runner/work/streamify-apk/streamify-apk/app/src/main/java/com/streamify/app/ui/screens/FullPlayerSheetPanes.kt:425:5 Parameter 'playerViewModel' is never used
w: file:///home/runner/work/streamify-apk/streamify-apk/app/src/main/java/com/streamify/app/ui/screens/HomeScreen.kt:37:5 Parameter 'dominantColor' is never used
w: file:///home/runner/work/streamify-apk/streamify-apk/app/src/main/java/com/streamify/app/ui/screens/HomeScreen.kt:39:5 Parameter 'onSettingsClick' is never used
w: file:///home/runner/work/streamify-apk/streamify-apk/app/src/main/java/com/streamify/app/ui/screens/HomeScreen.kt:47:9 Variable 'isRefreshing' is never used
w: file:///home/runner/work/streamify-apk/streamify-apk/app/src/main/java/com/streamify/app/ui/screens/JamSessionScreen.kt:85:48 'ArrowBack: ImageVector' is deprecated. Use the AutoMirrored version at Icons.AutoMirrored.Filled.ArrowBack
w: file:///home/runner/work/streamify-apk/streamify-apk/app/src/main/java/com/streamify/app/ui/screens/JamSessionScreen.kt:734:56 'ExitToApp: ImageVector' is deprecated. Use the AutoMirrored version at Icons.AutoMirrored.Filled.ExitToApp
w: file:///home/runner/work/streamify-apk/streamify-apk/app/src/main/java/com/streamify/app/ui/screens/LibraryScreen.kt:52:9 Variable 'downloadTasks' is never used
w: file:///home/runner/work/streamify-apk/streamify-apk/app/src/main/java/com/streamify/app/ui/screens/LibraryScreen.kt:56:9 Variable 'user' is never used
w: file:///home/runner/work/streamify-apk/streamify-apk/app/src/main/java/com/streamify/app/ui/screens/LibraryScreen.kt:74:9 Variable 'isRefreshing' is never used
w: file:///home/runner/work/streamify-apk/streamify-apk/app/src/main/java/com/streamify/app/ui/screens/LibraryScreen.kt:493:21 Variable 'gridColumns' is never used
w: file:///home/runner/work/streamify-apk/streamify-apk/app/src/main/java/com/streamify/app/ui/screens/LibraryScreen.kt:577:76 'QueueMusic: ImageVector' is deprecated. Use the AutoMirrored version at Icons.AutoMirrored.Filled.QueueMusic
w: file:///home/runner/work/streamify-apk/streamify-apk/app/src/main/java/com/streamify/app/ui/screens/LibraryScreen.kt:882:43 'QueueMusic: ImageVector' is deprecated. Use the AutoMirrored version at Icons.AutoMirrored.Filled.QueueMusic
w: file:///home/runner/work/streamify-apk/streamify-apk/app/src/main/java/com/streamify/app/ui/screens/PlayerScreen.kt:14:33 Parameter 'onCollapse' is never used
w: file:///home/runner/work/streamify-apk/streamify-apk/app/src/main/java/com/streamify/app/ui/screens/ProfileSelectionScreen.kt:46:9 Variable 'spotifyAuth' is never used
w: file:///home/runner/work/streamify-apk/streamify-apk/app/src/main/java/com/streamify/app/ui/screens/ProfileSelectionScreen.kt:155:27 Parameter 'token' is never used, could be renamed to _
w: file:///home/runner/work/streamify-apk/streamify-apk/app/src/main/java/com/streamify/app/ui/screens/ProfileSelectionScreen.kt:155:34 Parameter 'spDc' is never used, could be renamed to _
w: file:///home/runner/work/streamify-apk/streamify-apk/app/src/main/java/com/streamify/app/ui/screens/ProfileSelectionScreen.kt:170:27 Parameter 'authHeader' is never used, could be renamed to _
w: file:///home/runner/work/streamify-apk/streamify-apk/app/src/main/java/com/streamify/app/ui/screens/ProfileSelectionScreen.kt:170:39 Parameter 'cookies' is never used, could be renamed to _
w: file:///home/runner/work/streamify-apk/streamify-apk/app/src/main/java/com/streamify/app/ui/screens/SearchScreen.kt:43:5 Parameter 'ingestionViewModel' is never used
w: file:///home/runner/work/streamify-apk/streamify-apk/app/src/main/java/com/streamify/app/ui/screens/SearchScreen.kt:425:33 Parameter 'index' is never used, could be renamed to _
w: file:///home/runner/work/streamify-apk/streamify-apk/app/src/main/java/com/streamify/app/ui/screens/SettingsScreen.kt:93:35 'ArrowBack: ImageVector' is deprecated. Use the AutoMirrored version at Icons.AutoMirrored.Filled.ArrowBack
w: file:///home/runner/work/streamify-apk/streamify-apk/app/src/main/java/com/streamify/app/ui/screens/SettingsScreen.kt:442:75 'ArrowForward: ImageVector' is deprecated. Use the AutoMirrored version at Icons.AutoMirrored.Filled.ArrowForward
w: file:///home/runner/work/streamify-apk/streamify-apk/app/src/main/java/com/streamify/app/ui/screens/SettingsScreen.kt:656:21 Name shadowed: scope
w: file:///home/runner/work/streamify-apk/streamify-apk/app/src/main/java/com/streamify/app/ui/screens/SettingsScreen.kt:724:21 Name shadowed: scope
w: file:///home/runner/work/streamify-apk/streamify-apk/app/src/main/java/com/streamify/app/ui/screens/SettingsScreen.kt:771:47 'ArrowForward: ImageVector' is deprecated. Use the AutoMirrored version at Icons.AutoMirrored.Filled.ArrowForward
w: file:///home/runner/work/streamify-apk/streamify-apk/app/src/main/java/com/streamify/app/ui/screens/SettingsScreen.kt:788:47 'ArrowForward: ImageVector' is deprecated. Use the AutoMirrored version at Icons.AutoMirrored.Filled.ArrowForward
w: file:///home/runner/work/streamify-apk/streamify-apk/app/src/main/java/com/streamify/app/ui/screens/SettingsScreen.kt:971:47 'ArrowForward: ImageVector' is deprecated. Use the AutoMirrored version at Icons.AutoMirrored.Filled.ArrowForward
w: file:///home/runner/work/streamify-apk/streamify-apk/app/src/main/java/com/streamify/app/ui/screens/StatsWrappedScreen.kt:69:52 'ArrowBack: ImageVector' is deprecated. Use the AutoMirrored version at Icons.AutoMirrored.Filled.ArrowBack
w: file:///home/runner/work/streamify-apk/streamify-apk/app/src/main/java/com/streamify/app/ui/screens/StatsWrappedScreen.kt:244:33 'Divider(Modifier = ..., Dp = ..., Color = ...): Unit' is deprecated. Renamed to HorizontalDivider
w: file:///home/runner/work/streamify-apk/streamify-apk/app/src/main/java/com/streamify/app/ui/screens/UserProfileScreen.kt:102:52 'ArrowBack: ImageVector' is deprecated. Use the AutoMirrored version at Icons.AutoMirrored.Filled.ArrowBack
w: file:///home/runner/work/streamify-apk/streamify-apk/app/src/main/java/com/streamify/app/ui/screens/UserProfileScreen.kt:360:48 'ArrowForward: ImageVector' is deprecated. Use the AutoMirrored version at Icons.AutoMirrored.Filled.ArrowForward
w: file:///home/runner/work/streamify-apk/streamify-apk/app/src/main/java/com/streamify/app/ui/screens/UserProfileScreen.kt:421:48 'ArrowForward: ImageVector' is deprecated. Use the AutoMirrored version at Icons.AutoMirrored.Filled.ArrowForward
w: file:///home/runner/work/streamify-apk/streamify-apk/app/src/main/java/com/streamify/app/ui/screens/UserProfileScreen.kt:477:48 'ArrowForward: ImageVector' is deprecated. Use the AutoMirrored version at Icons.AutoMirrored.Filled.ArrowForward
w: file:///home/runner/work/streamify-apk/streamify-apk/app/src/main/java/com/streamify/app/ui/screens/UserProfileScreen.kt:555:52 'ArrowForward: ImageVector' is deprecated. Use the AutoMirrored version at Icons.AutoMirrored.Filled.ArrowForward
w: file:///home/runner/work/streamify-apk/streamify-apk/app/src/main/java/com/streamify/app/util/FleetConfig.kt:204:29 Parameter 'd' is never used
w: file:///home/runner/work/streamify-apk/streamify-apk/app/src/main/java/com/streamify/app/util/newpipe/NewPipeDownloaderImpl.kt:25:39 'create(MediaType?, ByteArray, Int = ..., Int = ...): RequestBody' is deprecated. Moved to extension function. Put the 'content' argument first to fix Java
w: file:///home/runner/work/streamify-apk/streamify-apk/app/src/main/java/com/streamify/app/viewmodel/HomeViewModel.kt:58:18 This declaration is in a preview state and can be changed in a backwards-incompatible manner with a best-effort migration. Its usage should be marked with '@kotlinx.coroutines.FlowPreview' or '@OptIn(kotlinx.coroutines.FlowPreview::class)' if you accept the drawback of relying on preview API
w: file:///home/runner/work/streamify-apk/streamify-apk/app/src/main/java/com/streamify/app/viewmodel/JamViewModel.kt:322:42 Parameter 'session' is never used
w: file:///home/runner/work/streamify-apk/streamify-apk/app/src/main/java/com/streamify/app/viewmodel/PlayerHousekeeping.kt:36:46 Parameter 'context' is never used
w: file:///home/runner/work/streamify-apk/streamify-apk/app/src/main/java/com/streamify/app/viewmodel/PlayerViewModel.kt:321:92 Elvis operator (?:) always returns the left operand of non-nullable type Int?
w: file:///home/runner/work/streamify-apk/streamify-apk/app/src/main/java/com/streamify/app/viewmodel/PlayerViewModel.kt:417:29 Name shadowed: currentT
w: file:///home/runner/work/streamify-apk/streamify-apk/app/src/main/java/com/streamify/app/viewmodel/PlayerViewModel.kt:744:93 Unnecessary safe call on a non-null receiver of type Track?
w: file:///home/runner/work/streamify-apk/streamify-apk/app/src/main/java/com/streamify/app/viewmodel/PlayerViewModel.kt:959:50 Parameter 'context' is never used
w: file:///home/runner/work/streamify-apk/streamify-apk/app/src/main/java/com/streamify/app/viewmodel/SearchViewModel.kt:296:9 Parameter 'allOnlineResults' is never used
w: file:///home/runner/work/streamify-apk/streamify-apk/app/src/main/java/com/streamify/app/viewmodel/SearchViewModel.kt:298:9 Parameter 'ingestionViewModel' is never used
w: file:///home/runner/work/streamify-apk/streamify-apk/app/src/main/java/com/streamify/app/viewmodel/SearchViewModel.kt:399:25 Variable 'coverUrl' is never used
w: file:///home/runner/work/streamify-apk/streamify-apk/app/src/main/java/com/streamify/app/worker/DownloadWorker.kt:35:52 This declaration needs opt-in. Its usage should be marked with '@kotlinx.coroutines.ExperimentalCoroutinesApi' or '@OptIn(kotlinx.coroutines.ExperimentalCoroutinesApi::class)'
w: file:///home/runner/work/streamify-apk/streamify-apk/app/src/main/java/com/streamify/app/worker/DownloadWorker.kt:81:13 Variable 'quality' is never used

FAILURE: Build failed with an exception.

* What went wrong:
Execution failed for task ':app:buildCMakeDebug[armeabi-v7a]'.
> com.android.ide.common.process.ProcessException: ninja: Entering directory `/home/runner/work/streamify-apk/streamify-apk/app/.cxx/Debug/2v2o2f38/armeabi-v7a'
  [1/21] Building C object CMakeFiles/streamify_native_core.dir/dsp/kissfft/kiss_fft.c.o
  [2/21] Building C object CMakeFiles/streamify_native_core.dir/dsp/kissfft/kiss_fftr.c.o
  [3/21] Building CXX object CMakeFiles/streamify_native_core.dir/dsp/SoftKneeLimiter.cc.o
  [4/21] Building CXX object CMakeFiles/streamify_native_core.dir/dsp/AcousticPhaseResampler.cc.o
  FAILED: CMakeFiles/streamify_native_core.dir/dsp/AcousticPhaseResampler.cc.o 
  /usr/local/lib/android/sdk/ndk/25.1.8937393/toolchains/llvm/prebuilt/linux-x86_64/bin/clang++ --target=armv7-none-linux-androideabi26 --sysroot=/usr/local/lib/android/sdk/ndk/25.1.8937393/toolchains/llvm/prebuilt/linux-x86_64/sysroot -Dstreamify_native_core_EXPORTS -I/home/runner/work/streamify-apk/streamify-apk/native/dsp -I/home/runner/work/streamify-apk/streamify-apk/native/dsp/kissfft -I/home/runner/work/streamify-apk/streamify-apk/native/engine -I/home/runner/work/streamify-apk/streamify-apk/native/ingest -I/home/runner/work/streamify-apk/streamify-apk/native/jni -I/home/runner/work/streamify-apk/streamify-apk/native/third_party/sqlite3 -g -DANDROID -fdata-sections -ffunction-sections -funwind-tables -fstack-protector-strong -no-canonical-prefixes -D_FORTIFY_SOURCE=2 -march=armv7-a -mthumb -Wformat -Werror=format-security  -std=c++20 -O3 -flto -O3 -ffast-math -flto -fvisibility=hidden -Wall -Wextra -fno-limit-debug-info  -fPIC -std=gnu++20 -MD -MT CMakeFiles/streamify_native_core.dir/dsp/AcousticPhaseResampler.cc.o -MF CMakeFiles/streamify_native_core.dir/dsp/AcousticPhaseResampler.cc.o.d -o CMakeFiles/streamify_native_core.dir/dsp/AcousticPhaseResampler.cc.o -c /home/runner/work/streamify-apk/streamify-apk/native/dsp/AcousticPhaseResampler.cc
  /home/runner/work/streamify-apk/streamify-apk/native/dsp/AcousticPhaseResampler.cc:260:39: error: use of undeclared identifier 'vfmaq_f32'; did you mean 'vmlaq_f32'?
                  vst1q_f32(lerped + j, vfmaq_f32(a, vsubq_f32(b, a), muV));
                                        ^~~~~~~~~
                                        vmlaq_f32
  /usr/local/lib/android/sdk/ndk/25.1.8937393/toolchains/llvm/prebuilt/linux-x86_64/lib64/clang/14.0.6/include/arm_neon.h:26839:22: note: expanded from macro 'vst1q_f32'
    float32x4_t __s1 = __p1; \
                       ^
  /usr/local/lib/android/sdk/ndk/25.1.8937393/toolchains/llvm/prebuilt/linux-x86_64/lib64/clang/14.0.6/include/arm_neon.h:14491:18: note: 'vmlaq_f32' declared here
  __ai float32x4_t vmlaq_f32(float32x4_t __p0, float32x4_t __p1, float32x4_t __p2) {
                   ^
  /home/runner/work/streamify-apk/streamify-apk/native/dsp/AcousticPhaseResampler.cc:295:24: error: use of undeclared identifier 'vfmaq_f32'; did you mean 'vmlaq_f32'?
                  accL = vfmaq_f32(accL, tv, lr.val[0]);
                         ^~~~~~~~~
                         vmlaq_f32
  /usr/local/lib/android/sdk/ndk/25.1.8937393/toolchains/llvm/prebuilt/linux-x86_64/lib64/clang/14.0.6/include/arm_neon.h:14491:18: note: 'vmlaq_f32' declared here
  __ai float32x4_t vmlaq_f32(float32x4_t __p0, float32x4_t __p1, float32x4_t __p2) {
                   ^
  /home/runner/work/streamify-apk/streamify-apk/native/dsp/AcousticPhaseResampler.cc:296:24: error: use of undeclared identifier 'vfmaq_f32'; did you mean 'vmlaq_f32'?
                  accR = vfmaq_f32(accR, tv, lr.val[1]);
                         ^~~~~~~~~
                         vmlaq_f32
  /usr/local/lib/android/sdk/ndk/25.1.8937393/toolchains/llvm/prebuilt/linux-x86_64/lib64/clang/14.0.6/include/arm_neon.h:14491:18: note: 'vmlaq_f32' declared here
  __ai float32x4_t vmlaq_f32(float32x4_t __p0, float32x4_t __p1, float32x4_t __p2) {
                   ^
  /home/runner/work/streamify-apk/streamify-apk/native/dsp/AcousticPhaseResampler.cc:303:23: error: use of undeclared identifier 'vfmaq_f32'; did you mean 'vmlaq_f32'?
                  acc = vfmaq_f32(acc, vld1q_f32(lerped + j), vld1q_f32(xw + j));
                        ^~~~~~~~~
                        vmlaq_f32
  /usr/local/lib/android/sdk/ndk/25.1.8937393/toolchains/llvm/prebuilt/linux-x86_64/lib64/clang/14.0.6/include/arm_neon.h:14491:18: note: 'vmlaq_f32' declared here
  __ai float32x4_t vmlaq_f32(float32x4_t __p0, float32x4_t __p1, float32x4_t __p2) {
                   ^
  4 errors generated.
  [5/21] Building CXX object CMakeFiles/streamify_native_core.dir/dsp/LufsNormalizer.cc.o
  [6/21] Building CXX object CMakeFiles/streamify_native_core.dir/engine/EventTracker.cc.o
  [7/21] Building CXX object CMakeFiles/streamify_native_core.dir/engine/VectorStore.cc.o
  [8/21] Building CXX object CMakeFiles/streamify_native_core.dir/engine/TaskOrchestrator.cc.o
  [9/21] Building CXX object CMakeFiles/streamify_native_core.dir/jni/jni_bridge.cc.o
  /home/runner/work/streamify-apk/streamify-apk/native/jni/jni_bridge.cc:180:61: warning: unused parameter 'env' [-Wunused-parameter]
  Java_com_streamify_app_data_NativeBridge_toggleLike(JNIEnv* env, jobject /* this */, jint userId, jint trackId) {
                                                              ^
  /home/runner/work/streamify-apk/streamify-apk/native/jni/jni_bridge.cc:230:138: warning: unused parameter 'userId' [-Wunused-parameter]
  Java_com_streamify_app_data_NativeBridge_getRecommendations(JNIEnv* env, jobject /* this */, jint trackId, jintArray recentHistory, jint userId, jint limit) {
                                                                                                                                           ^
  /home/runner/work/streamify-apk/streamify-apk/native/jni/jni_bridge.cc:241:63: warning: unused parameter 'env' [-Wunused-parameter]
  Java_com_streamify_app_data_NativeBridge_logPlayEvent(JNIEnv* env, jobject /* this */, jint fromTrackId, jint toTrackId, jint userId) {
                                                                ^
  /home/runner/work/streamify-apk/streamify-apk/native/jni/jni_bridge.cc:246:63: warning: unused parameter 'env' [-Wunused-parameter]
  Java_com_streamify_app_data_NativeBridge_logSkipEvent(JNIEnv* env, jobject /* this */, jint fromTrackId, jint toTrackId, jint userId) {
                                                                ^
  /home/runner/work/streamify-apk/streamify-apk/native/jni/jni_bridge.cc:783:68: warning: unused parameter 'env' [-Wunused-parameter]
  Java_com_streamify_app_data_NativeBridge_nukeLocalDatabase(JNIEnv* env, jobject /* this */) {
                                                                     ^
  5 warnings generated.
  ninja: build stopped: subcommand failed.
  
  C++ build system [build] failed while executing:
      /usr/local/lib/android/sdk/cmake/3.22.1/bin/ninja \
        -C \
        /home/runner/work/streamify-apk/streamify-apk/app/.cxx/Debug/2v2o2f38/armeabi-v7a \
        streamify_native_core
    from /home/runner/work/streamify-apk/streamify-apk/app

* Try:
> Run with --info or --debug option to get more log output.
> Run with --scan to get full insights.
> Get more help at https://help.gradle.org.

* Exception is:
org.gradle.api.tasks.TaskExecutionException: Execution failed for task ':app:buildCMakeDebug[armeabi-v7a]'.
	at org.gradle.api.internal.tasks.execution.ExecuteActionsTaskExecuter.lambda$executeIfValid$1(ExecuteActionsTaskExecuter.java:130)
	at org.gradle.internal.Try$Failure.ifSuccessfulOrElse(Try.java:282)
	at org.gradle.api.internal.tasks.execution.ExecuteActionsTaskExecuter.executeIfValid(ExecuteActionsTaskExecuter.java:128)
	at org.gradle.api.internal.tasks.execution.ExecuteActionsTaskExecuter.execute(ExecuteActionsTaskExecuter.java:116)
	at org.gradle.api.internal.tasks.execution.FinalizePropertiesTaskExecuter.execute(FinalizePropertiesTaskExecuter.java:46)
	at org.gradle.api.internal.tasks.execution.ResolveTaskExecutionModeExecuter.execute(ResolveTaskExecutionModeExecuter.java:51)
	at org.gradle.api.internal.tasks.execution.SkipTaskWithNoActionsExecuter.execute(SkipTaskWithNoActionsExecuter.java:57)
	at org.gradle.api.internal.tasks.execution.SkipOnlyIfTaskExecuter.execute(SkipOnlyIfTaskExecuter.java:74)
	at org.gradle.api.internal.tasks.execution.CatchExceptionTaskExecuter.execute(CatchExceptionTaskExecuter.java:36)
	at org.gradle.api.internal.tasks.execution.EventFiringTaskExecuter$1.executeTask(EventFiringTaskExecuter.java:77)
	at org.gradle.api.internal.tasks.execution.EventFiringTaskExecuter$1.call(EventFiringTaskExecuter.java:55)
	at org.gradle.api.internal.tasks.execution.EventFiringTaskExecuter$1.call(EventFiringTaskExecuter.java:52)
	at org.gradle.internal.operations.DefaultBuildOperationRunner$CallableBuildOperationWorker.execute(DefaultBuildOperationRunner.java:200)
	at org.gradle.internal.operations.DefaultBuildOperationRunner$CallableBuildOperationWorker.execute(DefaultBuildOperationRunner.java:195)
	at org.gradle.internal.operations.DefaultBuildOperationRunner$2.execute(DefaultBuildOperationRunner.java:66)
	at org.gradle.internal.operations.DefaultBuildOperationRunner$2.execute(DefaultBuildOperationRunner.java:59)
	at org.gradle.internal.operations.DefaultBuildOperationRunner.execute(DefaultBuildOperationRunner.java:157)
	at org.gradle.internal.operations.DefaultBuildOperationRunner.execute(DefaultBuildOperationRunner.java:59)
	at org.gradle.internal.operations.DefaultBuildOperationRunner.call(DefaultBuildOperationRunner.java:53)
	at org.gradle.internal.operations.DefaultBuildOperationExecutor.call(DefaultBuildOperationExecutor.java:73)
	at org.gradle.api.internal.tasks.execution.EventFiringTaskExecuter.execute(EventFiringTaskExecuter.java:52)
	at org.gradle.execution.plan.LocalTaskNodeExecutor.execute(LocalTaskNodeExecutor.java:42)
	at org.gradle.execution.taskgraph.DefaultTaskExecutionGraph$InvokeNodeExecutorsAction.execute(DefaultTaskExecutionGraph.java:331)
	at org.gradle.execution.taskgraph.DefaultTaskExecutionGraph$InvokeNodeExecutorsAction.execute(DefaultTaskExecutionGraph.java:318)
	at org.gradle.execution.taskgraph.DefaultTaskExecutionGraph$BuildOperationAwareExecutionAction.lambda$execute$0(DefaultTaskExecutionGraph.java:314)
	at org.gradle.internal.operations.CurrentBuildOperationRef.with(CurrentBuildOperationRef.java:80)
	at org.gradle.execution.taskgraph.DefaultTaskExecutionGraph$BuildOperationAwareExecutionAction.execute(DefaultTaskExecutionGraph.java:314)
	at org.gradle.execution.taskgraph.DefaultTaskExecutionGraph$BuildOperationAwareExecutionAction.execute(DefaultTaskExecutionGraph.java:303)
	at org.gradle.execution.plan.DefaultPlanExecutor$ExecutorWorker.execute(DefaultPlanExecutor.java:463)
	at org.gradle.execution.plan.DefaultPlanExecutor$ExecutorWorker.run(DefaultPlanExecutor.java:380)
	at org.gradle.internal.concurrent.ExecutorPolicy$CatchAndRecordFailures.onExecute(ExecutorPolicy.java:64)
	at org.gradle.internal.concurrent.AbstractManagedExecutor$1.run(AbstractManagedExecutor.java:47)
Caused by: org.gradle.internal.UncheckedException: com.android.ide.common.process.ProcessException: ninja: Entering directory `/home/runner/work/streamify-apk/streamify-apk/app/.cxx/Debug/2v2o2f38/armeabi-v7a'
[1/21] Building C object CMakeFiles/streamify_native_core.dir/dsp/kissfft/kiss_fft.c.o
[2/21] Building C object CMakeFiles/streamify_native_core.dir/dsp/kissfft/kiss_fftr.c.o
[3/21] Building CXX object CMakeFiles/streamify_native_core.dir/dsp/SoftKneeLimiter.cc.o
[4/21] Building CXX object CMakeFiles/streamify_native_core.dir/dsp/AcousticPhaseResampler.cc.o
FAILED: CMakeFiles/streamify_native_core.dir/dsp/AcousticPhaseResampler.cc.o 
/usr/local/lib/android/sdk/ndk/25.1.8937393/toolchains/llvm/prebuilt/linux-x86_64/bin/clang++ --target=armv7-none-linux-androideabi26 --sysroot=/usr/local/lib/android/sdk/ndk/25.1.8937393/toolchains/llvm/prebuilt/linux-x86_64/sysroot -Dstreamify_native_core_EXPORTS -I/home/runner/work/streamify-apk/streamify-apk/native/dsp -I/home/runner/work/streamify-apk/streamify-apk/native/dsp/kissfft -I/home/runner/work/streamify-apk/streamify-apk/native/engine -I/home/runner/work/streamify-apk/streamify-apk/native/ingest -I/home/runner/work/streamify-apk/streamify-apk/native/jni -I/home/runner/work/streamify-apk/streamify-apk/native/third_party/sqlite3 -g -DANDROID -fdata-sections -ffunction-sections -funwind-tables -fstack-protector-strong -no-canonical-prefixes -D_FORTIFY_SOURCE=2 -march=armv7-a -mthumb -Wformat -Werror=format-security  -std=c++20 -O3 -flto -O3 -ffast-math -flto -fvisibility=hidden -Wall -Wextra -fno-limit-debug-info  -fPIC -std=gnu++20 -MD -MT CMakeFiles/streamify_native_core.dir/dsp/AcousticPhaseResampler.cc.o -MF CMakeFiles/streamify_native_core.dir/dsp/AcousticPhaseResampler.cc.o.d -o CMakeFiles/streamify_native_core.dir/dsp/AcousticPhaseResampler.cc.o -c /home/runner/work/streamify-apk/streamify-apk/native/dsp/AcousticPhaseResampler.cc
/home/runner/work/streamify-apk/streamify-apk/native/dsp/AcousticPhaseResampler.cc:260:39: error: use of undeclared identifier 'vfmaq_f32'; did you mean 'vmlaq_f32'?
                vst1q_f32(lerped + j, vfmaq_f32(a, vsubq_f32(b, a), muV));
                                      ^~~~~~~~~
                                      vmlaq_f32
/usr/local/lib/android/sdk/ndk/25.1.8937393/toolchains/llvm/prebuilt/linux-x86_64/lib64/clang/14.0.6/include/arm_neon.h:26839:22: note: expanded from macro 'vst1q_f32'
  float32x4_t __s1 = __p1; \
                     ^
/usr/local/lib/android/sdk/ndk/25.1.8937393/toolchains/llvm/prebuilt/linux-x86_64/lib64/clang/14.0.6/include/arm_neon.h:14491:18: note: 'vmlaq_f32' declared here
__ai float32x4_t vmlaq_f32(float32x4_t __p0, float32x4_t __p1, float32x4_t __p2) {
                 ^
/home/runner/work/streamify-apk/streamify-apk/native/dsp/AcousticPhaseResampler.cc:295:24: error: use of undeclared identifier 'vfmaq_f32'; did you mean 'vmlaq_f32'?
                accL = vfmaq_f32(accL, tv, lr.val[0]);
                       ^~~~~~~~~
                       vmlaq_f32
/usr/local/lib/android/sdk/ndk/25.1.8937393/toolchains/llvm/prebuilt/linux-x86_64/lib64/clang/14.0.6/include/arm_neon.h:14491:18: note: 'vmlaq_f32' declared here
__ai float32x4_t vmlaq_f32(float32x4_t __p0, float32x4_t __p1, float32x4_t __p2) {
                 ^
/home/runner/work/streamify-apk/streamify-apk/native/dsp/AcousticPhaseResampler.cc:296:24: error: use of undeclared identifier 'vfmaq_f32'; did you mean 'vmlaq_f32'?
                accR = vfmaq_f32(accR, tv, lr.val[1]);
                       ^~~~~~~~~
                       vmlaq_f32
/usr/local/lib/android/sdk/ndk/25.1.8937393/toolchains/llvm/prebuilt/linux-x86_64/lib64/clang/14.0.6/include/arm_neon.h:14491:18: note: 'vmlaq_f32' declared here
__ai float32x4_t vmlaq_f32(float32x4_t __p0, float32x4_t __p1, float32x4_t __p2) {
                 ^
/home/runner/work/streamify-apk/streamify-apk/native/dsp/AcousticPhaseResampler.cc:303:23: error: use of undeclared identifier 'vfmaq_f32'; did you mean 'vmlaq_f32'?
                acc = vfmaq_f32(acc, vld1q_f32(lerped + j), vld1q_f32(xw + j));
                      ^~~~~~~~~
                      vmlaq_f32
/usr/local/lib/android/sdk/ndk/25.1.8937393/toolchains/llvm/prebuilt/linux-x86_64/lib64/clang/14.0.6/include/arm_neon.h:14491:18: note: 'vmlaq_f32' declared here
__ai float32x4_t vmlaq_f32(float32x4_t __p0, float32x4_t __p1, float32x4_t __p2) {
                 ^
4 errors generated.
[5/21] Building CXX object CMakeFiles/streamify_native_core.dir/dsp/LufsNormalizer.cc.o
[6/21] Building CXX object CMakeFiles/streamify_native_core.dir/engine/EventTracker.cc.o
[7/21] Building CXX object CMakeFiles/streamify_native_core.dir/engine/VectorStore.cc.o
[8/21] Building CXX object CMakeFiles/streamify_native_core.dir/engine/TaskOrchestrator.cc.o
[9/21] Building CXX object CMakeFiles/streamify_native_core.dir/jni/jni_bridge.cc.o
/home/runner/work/streamify-apk/streamify-apk/native/jni/jni_bridge.cc:180:61: warning: unused parameter 'env' [-Wunused-parameter]
Java_com_streamify_app_data_NativeBridge_toggleLike(JNIEnv* env, jobject /* this */, jint userId, jint trackId) {
                                                            ^
/home/runner/work/streamify-apk/streamify-apk/native/jni/jni_bridge.cc:230:138: warning: unused parameter 'userId' [-Wunused-parameter]
Java_com_streamify_app_data_NativeBridge_getRecommendations(JNIEnv* env, jobject /* this */, jint trackId, jintArray recentHistory, jint userId, jint limit) {
                                                                                                                                         ^
/home/runner/work/streamify-apk/streamify-apk/native/jni/jni_bridge.cc:241:63: warning: unused parameter 'env' [-Wunused-parameter]
Java_com_streamify_app_data_NativeBridge_logPlayEvent(JNIEnv* env, jobject /* this */, jint fromTrackId, jint toTrackId, jint userId) {
                                                              ^
/home/runner/work/streamify-apk/streamify-apk/native/jni/jni_bridge.cc:246:63: warning: unused parameter 'env' [-Wunused-parameter]
Java_com_streamify_app_data_NativeBridge_logSkipEvent(JNIEnv* env, jobject /* this */, jint fromTrackId, jint toTrackId, jint userId) {
                                                              ^
/home/runner/work/streamify-apk/streamify-apk/native/jni/jni_bridge.cc:783:68: warning: unused parameter 'env' [-Wunused-parameter]
Java_com_streamify_app_data_NativeBridge_nukeLocalDatabase(JNIEnv* env, jobject /* this */) {
                                                                   ^
5 warnings generated.
ninja: build stopped: subcommand failed.

C++ build system [build] failed while executing:
    /usr/local/lib/android/sdk/cmake/3.22.1/bin/ninja \
      -C \
      /home/runner/work/streamify-apk/streamify-apk/app/.cxx/Debug/2v2o2f38/armeabi-v7a \
      streamify_native_core
  from /home/runner/work/streamify-apk/streamify-apk/app
	at org.gradle.internal.UncheckedException.throwAsUncheckedException(UncheckedException.java:68)
	at org.gradle.internal.UncheckedException.throwAsUncheckedException(UncheckedException.java:41)
	at org.gradle.internal.reflect.JavaMethod.invoke(JavaMethod.java:128)
	at org.gradle.api.internal.project.taskfactory.StandardTaskAction.doExecute(StandardTaskAction.java:58)
	at org.gradle.api.internal.project.taskfactory.StandardTaskAction.execute(StandardTaskAction.java:51)
	at org.gradle.api.internal.project.taskfactory.StandardTaskAction.execute(StandardTaskAction.java:29)
	at org.gradle.api.internal.tasks.execution.TaskExecution$3.run(TaskExecution.java:244)
	at org.gradle.internal.operations.DefaultBuildOperationRunner$1.execute(DefaultBuildOperationRunner.java:29)
	at org.gradle.internal.operations.DefaultBuildOperationRunner$1.execute(DefaultBuildOperationRunner.java:26)
	at org.gradle.internal.operations.DefaultBuildOperationRunner$2.execute(DefaultBuildOperationRunner.java:66)
	at org.gradle.internal.operations.DefaultBuildOperationRunner$2.execute(DefaultBuildOperationRunner.java:59)
	at org.gradle.internal.operations.DefaultBuildOperationRunner.execute(DefaultBuildOperationRunner.java:157)
	at org.gradle.internal.operations.DefaultBuildOperationRunner.execute(DefaultBuildOperationRunner.java:59)
	at org.gradle.internal.operations.DefaultBuildOperationRunner.run(DefaultBuildOperationRunner.java:47)
	at org.gradle.internal.operations.DefaultBuildOperationExecutor.run(DefaultBuildOperationExecutor.java:68)
	at org.gradle.api.internal.tasks.execution.TaskExecution.executeAction(TaskExecution.java:229)
	at org.gradle.api.internal.tasks.execution.TaskExecution.executeActions(TaskExecution.java:212)
	at org.gradle.api.internal.tasks.execution.TaskExecution.executeWithPreviousOutputFiles(TaskExecution.java:195)
	at org.gradle.api.internal.tasks.execution.TaskExecution.execute(TaskExecution.java:162)
	at org.gradle.internal.execution.steps.ExecuteStep.executeInternal(ExecuteStep.java:105)
	at org.gradle.internal.execution.steps.ExecuteStep.access$000(ExecuteStep.java:44)
	at org.gradle.internal.execution.steps.ExecuteStep$1.call(ExecuteStep.java:59)
	at org.gradle.internal.execution.steps.ExecuteStep$1.call(ExecuteStep.java:56)
	at org.gradle.internal.operations.DefaultBuildOperationRunner$CallableBuildOperationWorker.execute(DefaultBuildOperationRunner.java:200)
	at org.gradle.internal.operations.DefaultBuildOperationRunner$CallableBuildOperationWorker.execute(DefaultBuildOperationRunner.java:195)
	at org.gradle.internal.operations.DefaultBuildOperationRunner$2.execute(DefaultBuildOperationRunner.java:66)
	at org.gradle.internal.operations.DefaultBuildOperationRunner$2.execute(DefaultBuildOperationRunner.java:59)
	at org.gradle.internal.operations.DefaultBuildOperationRunner.execute(DefaultBuildOperationRunner.java:157)
	at org.gradle.internal.operations.DefaultBuildOperationRunner.execute(DefaultBuildOperationRunner.java:59)
	at org.gradle.internal.operations.DefaultBuildOperationRunner.call(DefaultBuildOperationRunner.java:53)
	at org.gradle.internal.operations.DefaultBuildOperationExecutor.call(DefaultBuildOperationExecutor.java:73)
	at org.gradle.internal.execution.steps.ExecuteStep.execute(ExecuteStep.java:56)
	at org.gradle.internal.execution.steps.ExecuteStep.execute(ExecuteStep.java:44)
	at org.gradle.internal.execution.steps.CancelExecutionStep.execute(CancelExecutionStep.java:41)
	at org.gradle.internal.execution.steps.TimeoutStep.executeWithoutTimeout(TimeoutStep.java:74)
	at org.gradle.internal.execution.steps.TimeoutStep.execute(TimeoutStep.java:55)
	at org.gradle.internal.execution.steps.PreCreateOutputParentsStep.execute(PreCreateOutputParentsStep.java:50)
	at org.gradle.internal.execution.steps.PreCreateOutputParentsStep.execute(PreCreateOutputParentsStep.java:28)
	at org.gradle.internal.execution.steps.RemovePreviousOutputsStep.execute(RemovePreviousOutputsStep.java:67)
	at org.gradle.internal.execution.steps.RemovePreviousOutputsStep.execute(RemovePreviousOutputsStep.java:37)
	at org.gradle.internal.execution.steps.BroadcastChangingOutputsStep.execute(BroadcastChangingOutputsStep.java:61)
	at org.gradle.internal.execution.steps.BroadcastChangingOutputsStep.execute(BroadcastChangingOutputsStep.java:26)
	at org.gradle.internal.execution.steps.CaptureOutputsAfterExecutionStep.execute(CaptureOutputsAfterExecutionStep.java:67)
	at org.gradle.internal.execution.steps.CaptureOutputsAfterExecutionStep.execute(CaptureOutputsAfterExecutionStep.java:45)
	at org.gradle.internal.execution.steps.ResolveInputChangesStep.execute(ResolveInputChangesStep.java:40)
	at org.gradle.internal.execution.steps.ResolveInputChangesStep.execute(ResolveInputChangesStep.java:29)
	at org.gradle.internal.execution.steps.BuildCacheStep.executeWithoutCache(BuildCacheStep.java:189)
	at org.gradle.internal.execution.steps.BuildCacheStep.lambda$execute$1(BuildCacheStep.java:75)
	at org.gradle.internal.Either$Right.fold(Either.java:175)
	at org.gradle.internal.execution.caching.CachingState.fold(CachingState.java:62)
	at org.gradle.internal.execution.steps.BuildCacheStep.execute(BuildCacheStep.java:73)
	at org.gradle.internal.execution.steps.BuildCacheStep.execute(BuildCacheStep.java:48)
	at org.gradle.internal.execution.steps.StoreExecutionStateStep.execute(StoreExecutionStateStep.java:46)
	at org.gradle.internal.execution.steps.StoreExecutionStateStep.execute(StoreExecutionStateStep.java:35)
	at org.gradle.internal.execution.steps.SkipUpToDateStep.executeBecause(SkipUpToDateStep.java:76)
	at org.gradle.internal.execution.steps.SkipUpToDateStep.lambda$execute$2(SkipUpToDateStep.java:54)
	at org.gradle.internal.execution.steps.SkipUpToDateStep.execute(SkipUpToDateStep.java:54)
	at org.gradle.internal.execution.steps.SkipUpToDateStep.execute(SkipUpToDateStep.java:36)
	at org.gradle.internal.execution.steps.legacy.MarkSnapshottingInputsFinishedStep.execute(MarkSnapshottingInputsFinishedStep.java:37)
	at org.gradle.internal.execution.steps.legacy.MarkSnapshottingInputsFinishedStep.execute(MarkSnapshottingInputsFinishedStep.java:27)
	at org.gradle.internal.execution.steps.ResolveIncrementalCachingStateStep.executeDelegate(ResolveIncrementalCachingStateStep.java:49)
	at org.gradle.internal.execution.steps.ResolveIncrementalCachingStateStep.executeDelegate(ResolveIncrementalCachingStateStep.java:27)
	at org.gradle.internal.execution.steps.AbstractResolveCachingStateStep.execute(AbstractResolveCachingStateStep.java:71)
	at org.gradle.internal.execution.steps.AbstractResolveCachingStateStep.execute(AbstractResolveCachingStateStep.java:39)
	at org.gradle.internal.execution.steps.ResolveChangesStep.execute(ResolveChangesStep.java:65)
	at org.gradle.internal.execution.steps.ResolveChangesStep.execute(ResolveChangesStep.java:36)
	at org.gradle.internal.execution.steps.ValidateStep.execute(ValidateStep.java:106)
	at org.gradle.internal.execution.steps.ValidateStep.execute(ValidateStep.java:55)
	at org.gradle.internal.execution.steps.AbstractCaptureStateBeforeExecutionStep.execute(AbstractCaptureStateBeforeExecutionStep.java:64)
	at org.gradle.internal.execution.steps.AbstractCaptureStateBeforeExecutionStep.execute(AbstractCaptureStateBeforeExecutionStep.java:43)
	at org.gradle.internal.execution.steps.AbstractSkipEmptyWorkStep.executeWithNonEmptySources(AbstractSkipEmptyWorkStep.java:125)
	at org.gradle.internal.execution.steps.AbstractSkipEmptyWorkStep.execute(AbstractSkipEmptyWorkStep.java:56)
	at org.gradle.internal.execution.steps.AbstractSkipEmptyWorkStep.execute(AbstractSkipEmptyWorkStep.java:36)
	at org.gradle.internal.execution.steps.legacy.MarkSnapshottingInputsStartedStep.execute(MarkSnapshottingInputsStartedStep.java:38)
	at org.gradle.internal.execution.steps.LoadPreviousExecutionStateStep.execute(LoadPreviousExecutionStateStep.java:36)
	at org.gradle.internal.execution.steps.LoadPreviousExecutionStateStep.execute(LoadPreviousExecutionStateStep.java:23)
	at org.gradle.internal.execution.steps.HandleStaleOutputsStep.execute(HandleStaleOutputsStep.java:75)
	at org.gradle.internal.execution.steps.HandleStaleOutputsStep.execute(HandleStaleOutputsStep.java:41)
	at org.gradle.internal.execution.steps.AssignMutableWorkspaceStep.lambda$execute$0(AssignMutableWorkspaceStep.java:35)
	at org.gradle.api.internal.tasks.execution.TaskExecution$4.withWorkspace(TaskExecution.java:289)
	at org.gradle.internal.execution.steps.AssignMutableWorkspaceStep.execute(AssignMutableWorkspaceStep.java:31)
	at org.gradle.internal.execution.steps.AssignMutableWorkspaceStep.execute(AssignMutableWorkspaceStep.java:22)
	at org.gradle.internal.execution.steps.ChoosePipelineStep.execute(ChoosePipelineStep.java:40)
	at org.gradle.internal.execution.steps.ChoosePipelineStep.execute(ChoosePipelineStep.java:23)
	at org.gradle.internal.execution.steps.ExecuteWorkBuildOperationFiringStep.lambda$execute$2(ExecuteWorkBuildOperationFiringStep.java:67)
	at org.gradle.internal.execution.steps.ExecuteWorkBuildOperationFiringStep.execute(ExecuteWorkBuildOperationFiringStep.java:67)
	at org.gradle.internal.execution.steps.ExecuteWorkBuildOperationFiringStep.execute(ExecuteWorkBuildOperationFiringStep.java:39)
	at org.gradle.internal.execution.steps.IdentityCacheStep.execute(IdentityCacheStep.java:46)
	at org.gradle.internal.execution.steps.IdentityCacheStep.execute(IdentityCacheStep.java:34)
	at org.gradle.internal.execution.steps.IdentifyStep.execute(IdentifyStep.java:48)
	at org.gradle.internal.execution.steps.IdentifyStep.execute(IdentifyStep.java:35)
	at org.gradle.internal.execution.impl.DefaultExecutionEngine$1.execute(DefaultExecutionEngine.java:61)
	at org.gradle.api.internal.tasks.execution.ExecuteActionsTaskExecuter.executeIfValid(ExecuteActionsTaskExecuter.java:127)
	at org.gradle.api.internal.tasks.execution.ExecuteActionsTaskExecuter.execute(ExecuteActionsTaskExecuter.java:116)
	at org.gradle.api.internal.tasks.execution.FinalizePropertiesTaskExecuter.execute(FinalizePropertiesTaskExecuter.java:46)
	at org.gradle.api.internal.tasks.execution.ResolveTaskExecutionModeExecuter.execute(ResolveTaskExecutionModeExecuter.java:51)
	at org.gradle.api.internal.tasks.execution.SkipTaskWithNoActionsExecuter.execute(SkipTaskWithNoActionsExecuter.java:57)
	at org.gradle.api.internal.tasks.execution.SkipOnlyIfTaskExecuter.execute(SkipOnlyIfTaskExecuter.java:74)
	at org.gradle.api.internal.tasks.execution.CatchExceptionTaskExecuter.execute(CatchExceptionTaskExecuter.java:36)
	at org.gradle.api.internal.tasks.execution.EventFiringTaskExecuter$1.executeTask(EventFiringTaskExecuter.java:77)
	at org.gradle.api.internal.tasks.execution.EventFiringTaskExecuter$1.call(EventFiringTaskExecuter.java:55)
	at org.gradle.api.internal.tasks.execution.EventFiringTaskExecuter$1.call(EventFiringTaskExecuter.java:52)
	at org.gradle.internal.operations.DefaultBuildOperationRunner$CallableBuildOperationWorker.execute(DefaultBuildOperationRunner.java:200)
	at org.gradle.internal.operations.DefaultBuildOperationRunner$CallableBuildOperationWorker.execute(DefaultBuildOperationRunner.java:195)
	at org.gradle.internal.operations.DefaultBuildOperationRunner$2.execute(DefaultBuildOperationRunner.java:66)
	at org.gradle.internal.operations.DefaultBuildOperationRunner$2.execute(DefaultBuildOperationRunner.java:59)
	at org.gradle.internal.operations.DefaultBuildOperationRunner.execute(DefaultBuildOperationRunner.java:157)
	at org.gradle.internal.operations.DefaultBuildOperationRunner.execute(DefaultBuildOperationRunner.java:59)
	at org.gradle.internal.operations.DefaultBuildOperationRunner.call(DefaultBuildOperationRunner.java:53)
	at org.gradle.internal.operations.DefaultBuildOperationExecutor.call(DefaultBuildOperationExecutor.java:73)
	at org.gradle.api.internal.tasks.execution.EventFiringTaskExecuter.execute(EventFiringTaskExecuter.java:52)
	at org.gradle.execution.plan.LocalTaskNodeExecutor.execute(LocalTaskNodeExecutor.java:42)
	at org.gradle.execution.taskgraph.DefaultTaskExecutionGraph$InvokeNodeExecutorsAction.execute(DefaultTaskExecutionGraph.java:331)
	at org.gradle.execution.taskgraph.DefaultTaskExecutionGraph$InvokeNodeExecutorsAction.execute(DefaultTaskExecutionGraph.java:318)
	at org.gradle.execution.taskgraph.DefaultTaskExecutionGraph$BuildOperationAwareExecutionAction.lambda$execute$0(DefaultTaskExecutionGraph.java:314)
	at org.gradle.internal.operations.CurrentBuildOperationRef.with(CurrentBuildOperationRef.java:80)
	at org.gradle.execution.taskgraph.DefaultTaskExecutionGraph$BuildOperationAwareExecutionAction.execute(DefaultTaskExecutionGraph.java:314)
	at org.gradle.execution.taskgraph.DefaultTaskExecutionGraph$BuildOperationAwareExecutionAction.execute(DefaultTaskExecutionGraph.java:303)
	at org.gradle.execution.plan.DefaultPlanExecutor$ExecutorWorker.execute(DefaultPlanExecutor.java:463)
	at org.gradle.execution.plan.DefaultPlanExecutor$ExecutorWorker.run(DefaultPlanExecutor.java:380)
	at org.gradle.internal.concurrent.ExecutorPolicy$CatchAndRecordFailures.onExecute(ExecutorPolicy.java:64)
	at org.gradle.internal.concurrent.AbstractManagedExecutor$1.run(AbstractManagedExecutor.java:47)
Caused by: com.android.ide.common.process.ProcessException: ninja: Entering directory `/home/runner/work/streamify-apk/streamify-apk/app/.cxx/Debug/2v2o2f38/armeabi-v7a'
[1/21] Building C object CMakeFiles/streamify_native_core.dir/dsp/kissfft/kiss_fft.c.o
[2/21] Building C object CMakeFiles/streamify_native_core.dir/dsp/kissfft/kiss_fftr.c.o
[3/21] Building CXX object CMakeFiles/streamify_native_core.dir/dsp/SoftKneeLimiter.cc.o
[4/21] Building CXX object CMakeFiles/streamify_native_core.dir/dsp/AcousticPhaseResampler.cc.o
FAILED: CMakeFiles/streamify_native_core.dir/dsp/AcousticPhaseResampler.cc.o 
/usr/local/lib/android/sdk/ndk/25.1.8937393/toolchains/llvm/prebuilt/linux-x86_64/bin/clang++ --target=armv7-none-linux-androideabi26 --sysroot=/usr/local/lib/android/sdk/ndk/25.1.8937393/toolchains/llvm/prebuilt/linux-x86_64/sysroot -Dstreamify_native_core_EXPORTS -I/home/runner/work/streamify-apk/streamify-apk/native/dsp -I/home/runner/work/streamify-apk/streamify-apk/native/dsp/kissfft -I/home/runner/work/streamify-apk/streamify-apk/native/engine -I/home/runner/work/streamify-apk/streamify-apk/native/ingest -I/home/runner/work/streamify-apk/streamify-apk/native/jni -I/home/runner/work/streamify-apk/streamify-apk/native/third_party/sqlite3 -g -DANDROID -fdata-sections -ffunction-sections -funwind-tables -fstack-protector-strong -no-canonical-prefixes -D_FORTIFY_SOURCE=2 -march=armv7-a -mthumb -Wformat -Werror=format-security  -std=c++20 -O3 -flto -O3 -ffast-math -flto -fvisibility=hidden -Wall -Wextra -fno-limit-debug-info  -fPIC -std=gnu++20 -MD -MT CMakeFiles/streamify_native_core.dir/dsp/AcousticPhaseResampler.cc.o -MF CMakeFiles/streamify_native_core.dir/dsp/AcousticPhaseResampler.cc.o.d -o CMakeFiles/streamify_native_core.dir/dsp/AcousticPhaseResampler.cc.o -c /home/runner/work/streamify-apk/streamify-apk/native/dsp/AcousticPhaseResampler.cc
/home/runner/work/streamify-apk/streamify-apk/native/dsp/AcousticPhaseResampler.cc:260:39: error: use of undeclared identifier 'vfmaq_f32'; did you mean 'vmlaq_f32'?
                vst1q_f32(lerped + j, vfmaq_f32(a, vsubq_f32(b, a), muV));
                                      ^~~~~~~~~
                                      vmlaq_f32
/usr/local/lib/android/sdk/ndk/25.1.8937393/toolchains/llvm/prebuilt/linux-x86_64/lib64/clang/14.0.6/include/arm_neon.h:26839:22: note: expanded from macro 'vst1q_f32'
  float32x4_t __s1 = __p1; \
                     ^
/usr/local/lib/android/sdk/ndk/25.1.8937393/toolchains/llvm/prebuilt/linux-x86_64/lib64/clang/14.0.6/include/arm_neon.h:14491:18: note: 'vmlaq_f32' declared here
__ai float32x4_t vmlaq_f32(float32x4_t __p0, float32x4_t __p1, float32x4_t __p2) {
                 ^
/home/runner/work/streamify-apk/streamify-apk/native/dsp/AcousticPhaseResampler.cc:295:24: error: use of undeclared identifier 'vfmaq_f32'; did you mean 'vmlaq_f32'?
                accL = vfmaq_f32(accL, tv, lr.val[0]);
                       ^~~~~~~~~
                       vmlaq_f32
/usr/local/lib/android/sdk/ndk/25.1.8937393/toolchains/llvm/prebuilt/linux-x86_64/lib64/clang/14.0.6/include/arm_neon.h:14491:18: note: 'vmlaq_f32' declared here
__ai float32x4_t vmlaq_f32(float32x4_t __p0, float32x4_t __p1, float32x4_t __p2) {
                 ^
/home/runner/work/streamify-apk/streamify-apk/native/dsp/AcousticPhaseResampler.cc:296:24: error: use of undeclared identifier 'vfmaq_f32'; did you mean 'vmlaq_f32'?
                accR = vfmaq_f32(accR, tv, lr.val[1]);
                       ^~~~~~~~~
                       vmlaq_f32
/usr/local/lib/android/sdk/ndk/25.1.8937393/toolchains/llvm/prebuilt/linux-x86_64/lib64/clang/14.0.6/include/arm_neon.h:14491:18: note: 'vmlaq_f32' declared here
__ai float32x4_t vmlaq_f32(float32x4_t __p0, float32x4_t __p1, float32x4_t __p2) {
                 ^
/home/runner/work/streamify-apk/streamify-apk/native/dsp/AcousticPhaseResampler.cc:303:23: error: use of undeclared identifier 'vfmaq_f32'; did you mean 'vmlaq_f32'?
                acc = vfmaq_f32(acc, vld1q_f32(lerped + j), vld1q_f32(xw + j));
                      ^~~~~~~~~
                      vmlaq_f32
/usr/local/lib/android/sdk/ndk/25.1.8937393/toolchains/llvm/prebuilt/linux-x86_64/lib64/clang/14.0.6/include/arm_neon.h:14491:18: note: 'vmlaq_f32' declared here
__ai float32x4_t vmlaq_f32(float32x4_t __p0, float32x4_t __p1, float32x4_t __p2) {
                 ^
4 errors generated.
[5/21] Building CXX object CMakeFiles/streamify_native_core.dir/dsp/LufsNormalizer.cc.o
[6/21] Building CXX object CMakeFiles/streamify_native_core.dir/engine/EventTracker.cc.o
[7/21] Building CXX object CMakeFiles/streamify_native_core.dir/engine/VectorStore.cc.o
[8/21] Building CXX object CMakeFiles/streamify_native_core.dir/engine/TaskOrchestrator.cc.o
[9/21] Building CXX object CMakeFiles/streamify_native_core.dir/jni/jni_bridge.cc.o
/home/runner/work/streamify-apk/streamify-apk/native/jni/jni_bridge.cc:180:61: warning: unused parameter 'env' [-Wunused-parameter]
Java_com_streamify_app_data_NativeBridge_toggleLike(JNIEnv* env, jobject /* this */, jint userId, jint trackId) {
                                                            ^
/home/runner/work/streamify-apk/streamify-apk/native/jni/jni_bridge.cc:230:138: warning: unused parameter 'userId' [-Wunused-parameter]
Java_com_streamify_app_data_NativeBridge_getRecommendations(JNIEnv* env, jobject /* this */, jint trackId, jintArray recentHistory, jint userId, jint limit) {
                                                                                                                                         ^
/home/runner/work/streamify-apk/streamify-apk/native/jni/jni_bridge.cc:241:63: warning: unused parameter 'env' [-Wunused-parameter]
Java_com_streamify_app_data_NativeBridge_logPlayEvent(JNIEnv* env, jobject /* this */, jint fromTrackId, jint toTrackId, jint userId) {
                                                              ^
/home/runner/work/streamify-apk/streamify-apk/native/jni/jni_bridge.cc:246:63: warning: unused parameter 'env' [-Wunused-parameter]
Java_com_streamify_app_data_NativeBridge_logSkipEvent(JNIEnv* env, jobject /* this */, jint fromTrackId, jint toTrackId, jint userId) {
                                                              ^
/home/runner/work/streamify-apk/streamify-apk/native/jni/jni_bridge.cc:783:68: warning: unused parameter 'env' [-Wunused-parameter]
Java_com_streamify_app_data_NativeBridge_nukeLocalDatabase(JNIEnv* env, jobject /* this */) {
                                                                   ^
5 warnings generated.
ninja: build stopped: subcommand failed.

C++ build system [build] failed while executing:
    /usr/local/lib/android/sdk/cmake/3.22.1/bin/ninja \
      -C \
      /home/runner/work/streamify-apk/streamify-apk/app/.cxx/Debug/2v2o2f38/armeabi-v7a \
      streamify_native_core
  from /home/runner/work/streamify-apk/streamify-apk/app
	at com.android.build.gradle.internal.cxx.process.ExecuteProcessKt.execute(ExecuteProcess.kt:288)
	at com.android.build.gradle.internal.cxx.process.ExecuteProcessKt$executeProcess$1.invoke(ExecuteProcess.kt:108)
	at com.android.build.gradle.internal.cxx.process.ExecuteProcessKt$executeProcess$1.invoke(ExecuteProcess.kt:106)
	at com.android.build.gradle.internal.cxx.timing.TimingEnvironmentKt.time(TimingEnvironment.kt:32)
	at com.android.build.gradle.internal.cxx.process.ExecuteProcessKt.executeProcess(ExecuteProcess.kt:106)
	at com.android.build.gradle.internal.cxx.process.ExecuteProcessKt.executeProcess$default(ExecuteProcess.kt:85)
	at com.android.build.gradle.internal.cxx.build.CxxRegularBuilder.executeProcessBatch(CxxRegularBuilder.kt:332)
	at com.android.build.gradle.internal.cxx.build.CxxRegularBuilder.build(CxxRegularBuilder.kt:129)
	at com.android.build.gradle.tasks.ExternalNativeBuildTask$doTaskAction$$inlined$recordTaskAction$1.invoke(BaseTask.kt:70)
	at com.android.build.gradle.internal.tasks.Blocks.recordSpan(Blocks.java:51)
	at com.android.build.gradle.tasks.ExternalNativeBuildTask.doTaskAction(ExternalNativeBuildTask.kt:145)
	at com.android.build.gradle.internal.tasks.UnsafeOutputsTask$taskAction$$inlined$recordTaskAction$1.invoke(BaseTask.kt:65)
	at com.android.build.gradle.internal.tasks.Blocks.recordSpan(Blocks.java:51)
	at com.android.build.gradle.internal.tasks.UnsafeOutputsTask.taskAction(UnsafeOutputsTask.kt:63)
	at java.base/jdk.internal.reflect.NativeMethodAccessorImpl.invoke0(Native Method)
	at java.base/jdk.internal.reflect.NativeMethodAccessorImpl.invoke(NativeMethodAccessorImpl.java:77)
	at java.base/jdk.internal.reflect.DelegatingMethodAccessorImpl.invoke(DelegatingMethodAccessorImpl.java:43)
	at org.gradle.internal.reflect.JavaMethod.invoke(JavaMethod.java:125)
	... 119 more
Caused by: com.android.ide.common.process.ProcessException: Error while executing process /usr/local/lib/android/sdk/cmake/3.22.1/bin/ninja with arguments {-C /home/runner/work/streamify-apk/streamify-apk/app/.cxx/Debug/2v2o2f38/armeabi-v7a streamify_native_core}
	at com.android.build.gradle.internal.process.GradleProcessResult.buildProcessException(GradleProcessResult.java:73)
	at com.android.build.gradle.internal.process.GradleProcessResult.assertNormalExitValue(GradleProcessResult.java:48)
	at com.android.build.gradle.internal.cxx.process.ExecuteProcessKt.execute(ExecuteProcess.kt:277)
	... 136 more
Caused by: org.gradle.process.internal.ExecException: Process 'command '/usr/local/lib/android/sdk/cmake/3.22.1/bin/ninja'' finished with non-zero exit value 1
	at org.gradle.process.internal.DefaultExecHandle$ExecResultImpl.assertNormalExitValue(DefaultExecHandle.java:442)
	at com.android.build.gradle.internal.process.GradleProcessResult.assertNormalExitValue(GradleProcessResult.java:46)
	... 137 more


BUILD FAILED in 8m 44s
31 actionable tasks: 30 executed, 1 up-to-date
